Abend	A1
Adresse	A1
Alter	A1
Antwort	A1
Apfel	A1
Arbeit	A1
Arzt	A1
Auge	A1
August	A1
Auto	A1
Bahnhof	A1
Balkon	A1
Banane	A1
Bank	A1
Bad	A1
Baum	A1
Bein	A1
Beruf	A1
Bett	A1
Bier	A1
Bild	A1
Blume	A1
Brief	A1
Brille	A1
Brot	A1
Brötchen	A1
Bruder	A1
Buch	A1
Bus	A1
Butter	A1
Café	A1
Computer	A1
Dank	A1
Datum	A1
Deutsch	A1
Dienstag	A1
Donnerstag	A1
Dorf	A1
Durst	A1
Ei	A1
Eltern	A1
Ende	A1
Entschuldigung	A1
Erwachsene	A1
Essen	A1
Familie	A1
Farbe	A1
Fahrrad	A1
Fenster	A1
Fernseher	A1
Fieber	A1
Film	A1
Firma	A1
Fisch	A1
Flasche	A1
Fleisch	A1
Flughafen	A1
Flugzeug	A1
Foto	A1
Frage	A1
Frau	A1
Freitag	A1
Freund	A1
Freundin	A1
Frühstück	A1
Fuß	A1
Fußball	A1
Garten	A1
Gast	A1
Geburtstag	A1
Geld	A1
Gemüse	A1
Geschäft	A1
Geschenk	A1
Geschwister	A1
Gespräch	A1
Getränk	A1
Glas	A1
Glück	A1
Größe	A1
Gruppe	A1
Haus	A1
Hausaufgabe	A1
Handy	A1
Hand	A1
Hallo	A1
Herr	A1
Herbst	A1
Hilfe	A1
Hobby	A1
Hose	A1
Hotel	A1
Hunger	A1
Hund	A1
Idee	A1
Information	A1
Internet	A1
Jahr	A1
Jacke	A1
Januar	A1
Job	A1
Jugendliche	A1
Junge	A1
Kaffee	A1
Kalender	A1
Karte	A1
Kartoffel	A1
Käse	A1
Katze	A1
Kind	A1
Kino	A1
Klasse	A1
Kleid	A1
Kleidung	A1
Koffer	A1
Kollege	A1
Kollegin	A1
Küche	A1
Kuchen	A1
Kugelschreiber	A1
Kurs	A1
Land	A1
Lampe	A1
Lehrer	A1
Lehrerin	A1
Leute	A1
Licht	A1
Lied	A1
Liste	A1
Mädchen	A1
Mann	A1
Mantel	A1
Markt	A1
Medikament	A1
Meer	A1
Milch	A1
Minute	A1
Mittag	A1
Mittagessen	A1
Mittwoch	A1
Möbel	A1
Moment	A1
Monat	A1
Montag	A1
Morgen	A1
Musik	A1
Mutter	A1
Name	A1
Natur	A1
Nachmittag	A1
Nacht	A1
Nachbar	A1
Nachbarin	A1
Nummer	A1
Obst	A1
Ort	A1
Papier	A1
Park	A1
Party	A1
Pause	A1
Plan	A1
Platz	A1
Polizei	A1
Post	A1
Praktikum	A1
Preis	A1
Problem	A1
Prüfung	A1
Pullover	A1
Radio	A1
Rechnung	A1
Regen	A1
Reis	A1
Reise	A1
Restaurant	A1
Rezept	A1
Salat	A1
Saft	A1
Samstag	A1
Satz	A1
Schule	A1
Schüler	A1
Schülerin	A1
Schwester	A1
Schlüssel	A1
Schinken	A1
Schokolade	A1
Schuh	A1
See	A1
Sekunde	A1
Sohn	A1
Sommer	A1
Sonne	A1
Sonntag	A1
Spiel	A1
Sport	A1
Sprache	A1
Stadt	A1
Straße	A1
Stunde	A1
Stuhl	A1
Suppe	A1
Supermarkt	A1
Tag	A1
Tasche	A1
Tasse	A1
Taxi	A1
Tee	A1
Telefon	A1
Teller	A1
Termin	A1
Test	A1
Text	A1
Ticket	A1
Tisch	A1
Tochter	A1
Toilette	A1
Tomate	A1
Tür	A1
Uhr	A1
Universität	A1
Urlaub	A1
Vater	A1
Verkäufer	A1
Verkäuferin	A1
Viertel	A1
Vogel	A1
Vormittag	A1
Wasser	A1
Weg	A1
Wein	A1
Wetter	A1
Winter	A1
Woche	A1
Wochenende	A1
Wohnung	A1
Wort	A1
Wurst	A1
Zahl	A1
Zeit	A1
Zeitung	A1
Zimmer	A1
Zug	A1
Zucker	A1
antworten	A1
arbeiten	A1
beginnen	A1
bekommen	A1
bestellen	A1
besuchen	A1
bezahlen	A1
bitten	A1
bleiben	A1
brauchen	A1
bringen	A1
buchstabieren	A1
danken	A1
dauern	A1
denken	A1
duschen	A1
einkaufen	A1
einladen	A1
erklären	A1
erzählen	A1
fahren	A1
finden	A1
fliegen	A1
fragen	A1
frühstücken	A1
geben	A1
gehen	A1
gehören	A1
glauben	A1
grillen	A1
haben	A1
heißen	A1
helfen	A1
holen	A1
hören	A1
kaufen	A1
kennen	A1
kochen	A1
kommen	A1
kosten	A1
lachen	A1
laufen	A1
leben	A1
lernen	A1
lesen	A1
lieben	A1
liegen	A1
machen	A1
malen	A1
mögen	A1
nehmen	A1
öffnen	A1
probieren	A1
reisen	A1
sagen	A1
schlafen	A1
schmecken	A1
schreiben	A1
schwimmen	A1
sehen	A1
sein	A1
singen	A1
sitzen	A1
spielen	A1
sprechen	A1
stehen	A1
studieren	A1
suchen	A1
tanzen	A1
telefonieren	A1
treffen	A1
trinken	A1
tun	A1
üben	A1
verkaufen	A1
verstehen	A1
warten	A1
waschen	A1
wissen	A1
wohnen	A1
wollen	A1
wünschen	A1
zahlen	A1
zeigen	A1
alt	A1
arm	A1
billig	A1
blau	A1
braun	A1
breit	A1
dunkel	A1
einfach	A1
falsch	A1
fertig	A1
frei	A1
frisch	A1
froh	A1
früh	A1
ganz	A1
gelb	A1
gern	A1
gesund	A1
glücklich	A1
grün	A1
groß	A1
gut	A1
heiß	A1
hell	A1
hier	A1
heute	A1
hoch	A1
jetzt	A1
jung	A1
kalt	A1
kaputt	A1
klein	A1
krank	A1
kurz	A1
lang	A1
langsam	A1
laut	A1
lecker	A1
leicht	A1
leise	A1
lieb	A1
links	A1
müde	A1
nah	A1
nett	A1
neu	A1
niedrig	A1
oft	A1
rechts	A1
richtig	A1
rot	A1
ruhig	A1
sauber	A1
schlecht	A1
schnell	A1
schön	A1
schwarz	A1
schwer	A1
spät	A1
süß	A1
teuer	A1
warm	A1
weiß	A1
wichtig	A1
zusammen	A1
Ampel	A2
Anfang	A2
Angebot	A2
Angst	A2
Anmeldung	A2
Anzeige	A2
Apotheke	A2
Arbeitsplatz	A2
Ausbildung	A2
Ausflug	A2
Ausgang	A2
Auskunft	A2
Ausland	A2
Aussage	A2
Ausstellung	A2
Bäckerei	A2
Bauch	A2
Bedeutung	A2
Beispiel	A2
Bericht	A2
Berg	A2
Besichtigung	A2
Besuch	A2
Betrieb	A2
Bevölkerung	A2
Bewegung	A2
Bewerbung	A2
Bibliothek	A2
Blatt	A2
Boden	A2
Briefmarke	A2
Brücke	A2
Buchstabe	A2
Bühne	A2
Chef	A2
Chefin	A2
Creme	A2
Decke	A2
Ding	A2
Doppelzimmer	A2
Dusche	A2
Einladung	A2
Eingang	A2
Einwohner	A2
Eintritt	A2
Eis	A2
Erfahrung	A2
Ergebnis	A2
Erinnerung	A2
Erkältung	A2
Ermäßigung	A2
Fabrik	A2
Fahrer	A2
Fahrkarte	A2
Fahrplan	A2
Feier	A2
Feiertag	A2
Fest	A2
Feuer	A2
Feuerwehr	A2
Fläche	A2
Formular	A2
Fortsetzung	A2
Führung	A2
Fundbüro	A2
Gebäude	A2
Gebühr	A2
Gedanke	A2
Gefahr	A2
Gefühl	A2
Gegenteil	A2
Gehalt	A2
Geräusch	A2
Gericht	A2
Geschichte	A2
Gesellschaft	A2
Gesicht	A2
Gesundheit	A2
Gewicht	A2
Gewitter	A2
Grenze	A2
Grund	A2
Gruß	A2
Haar	A2
Hafen	A2
Haltestelle	A2
Handtuch	A2
Haut	A2
Heimat	A2
Heizung	A2
Herz	A2
Himmel	A2
Hochzeit	A2
Höhe	A2
Hälfte	A2
Insel	A2
Interesse	A2
Jugend	A2
Kanton	A2
Karriere	A2
Kasse	A2
Keller	A2
Kenntnisse	A2
Kette	A2
Kiosk	A2
Kirche	A2
Klima	A2
Kneipe	A2
Konzert	A2
Kopf	A2
Körper	A2
Krankenhaus	A2
Krankheit	A2
Kreditkarte	A2
Kreuzung	A2
Kultur	A2
Kunde	A2
Kundin	A2
Kunst	A2
Lager	A2
Landschaft	A2
Lärm	A2
Lebenslauf	A2
Lebensmittel	A2
Leistung	A2
Lohn	A2
Lösung	A2
Luft	A2
Lust	A2
Maschine	A2
Mannschaft	A2
Meinung	A2
Menge	A2
Mensch	A2
Messer	A2
Miete	A2
Mitarbeiter	A2
Mitglied	A2
Mitte	A2
Mitteilung	A2
Mittel	A2
Mond	A2
Möglichkeit	A2
Museum	A2
Nachricht	A2
Nähe	A2
Nebel	A2
Note	A2
Notfall	A2
Ober	A2
Oper	A2
Ordnung	A2
Organisation	A2
Pension	A2
Person	A2
Pflanze	A2
Pflaster	A2
Plakat	A2
Portion	A2
Praxis	A2
Programm	A2
Projekt	A2
Publikum	A2
Punkt	A2
Qualität	A2
Quittung	A2
Rad	A2
Rathaus	A2
Raum	A2
Regel	A2
Reifen	A2
Reihe	A2
Reinigung	A2
Reparatur	A2
Richtung	A2
Rücken	A2
Ruhe	A2
Rundgang	A2
Sache	A2
Schaden	A2
Schalter	A2
Schauspieler	A2
Schild	A2
Schiff	A2
Schloss	A2
Schmerz	A2
Schnee	A2
Schnupfen	A2
Schwierigkeit	A2
Sendung	A2
Sessel	A2
Sicherheit	A2
Sitz	A2
Sofa	A2
Sorge	A2
Sprechstunde	A2
Staat	A2
Stelle	A2
Stimme	A2
Stock	A2
Strand	A2
Streit	A2
Strom	A2
Studium	A2
Stück	A2
Tankstelle	A2
Team	A2
Teil	A2
Thema	A2
Tier	A2
Traum	A2
Treppe	A2
Umgebung	A2
Umzug	A2
Unfall	A2
Unterhaltung	A2
Unterkunft	A2
Unterricht	A2
Unterschied	A2
Unterschrift	A2
Untersuchung	A2
Veranstaltung	A2
Verband	A2
Verbindung	A2
Verein	A2
Vergangenheit	A2
Vergleich	A2
Verkehr	A2
Verletzung	A2
Vermieter	A2
Versicherung	A2
Verspätung	A2
Vertrag	A2
Vorschlag	A2
Vorsicht	A2
Vorstellung	A2
Wald	A2
Wand	A2
Ware	A2
Wäsche	A2
Wechselgeld	A2
Werbung	A2
Werkstatt	A2
Wiese	A2
Wind	A2
Wirtschaft	A2
Wunsch	A2
Zahn	A2
Zahnarzt	A2
Zeichen	A2
Zettel	A2
Zeugnis	A2
Ziel	A2
Zukunft	A2
Zuschauer	A2
Zweck	A2
Zwiebel	A2
abbiegen	A2
abfahren	A2
abgeben	A2
abholen	A2
abschließen	A2
anbieten	A2
ändern	A2
anfangen	A2
ankommen	A2
anmachen	A2
anmelden	A2
anprobieren	A2
anrufen	A2
anschauen	A2
ansehen	A2
anziehen	A2
aufhören	A2
aufmachen	A2
aufpassen	A2
aufräumen	A2
aufstehen	A2
aufwachen	A2
ausfüllen	A2
ausgeben	A2
ausmachen	A2
auspacken	A2
ausruhen	A2
aussehen	A2
aussteigen	A2
ausziehen	A2
backen	A2
baden	A2
bauen	A2
beantworten	A2
bedeuten	A2
beeilen	A2
beenden	A2
beraten	A2
beschreiben	A2
besichtigen	A2
bestehen	A2
bewegen	A2
bewerben	A2
bieten	A2
dabeihaben	A2
diskutieren	A2
drücken	A2
einsteigen	A2
einziehen	A2
empfehlen	A2
entschuldigen	A2
erinnern	A2
erlauben	A2
erleben	A2
erreichen	A2
feiern	A2
fehlen	A2
fernsehen	A2
fühlen	A2
führen	A2
funktionieren	A2
gefallen	A2
gewinnen	A2
gratulieren	A2
halten	A2
hängen	A2
heiraten	A2
hoffen	A2
informieren	A2
interessieren	A2
klettern	A2
klingeln	A2
kümmern	A2
kündigen	A2
lächeln	A2
landen	A2
lassen	A2
legen	A2
leihen	A2
lügen	A2
meinen	A2
merken	A2
mieten	A2
mitbringen	A2
mitkommen	A2
mitmachen	A2
mitnehmen	A2
nachdenken	A2
packen	A2
parken	A2
passen	A2
passieren	A2
planen	A2
putzen	A2
raten	A2
rauchen	A2
rechnen	A2
regnen	A2
reichen	A2
reinigen	A2
rennen	A2
reparieren	A2
reservieren	A2
riechen	A2
rufen	A2
schaffen	A2
schauen	A2
schenken	A2
schicken	A2
schließen	A2
schneiden	A2
schneien	A2
setzen	A2
sparen	A2
spazieren	A2
stattfinden	A2
stecken	A2
stellen	A2
sterben	A2
stimmen	A2
stören	A2
tragen	A2
trainieren	A2
träumen	A2
trennen	A2
überlegen	A2
übernachten	A2
überraschen	A2
umsteigen	A2
umziehen	A2
untersuchen	A2
unterschreiben	A2
verbieten	A2
verdienen	A2
vergessen	A2
vergleichen	A2
verlieren	A2
vermieten	A2
verpassen	A2
verschieben	A2
versprechen	A2
verletzen	A2
vorbereiten	A2
vorhaben	A2
vorschlagen	A2
vorstellen	A2
wandern	A2
wechseln	A2
wecken	A2
wegfahren	A2
wehtun	A2
weinen	A2
werden	A2
werfen	A2
wiederholen	A2
zumachen	A2
zurückgeben	A2
zurückkommen	A2
zuhören	A2
ähnlich	A2
aktiv	A2
allein	A2
anders	A2
angenehm	A2
ärgerlich	A2
aufmerksam	A2
ausgezeichnet	A2
automatisch	A2
bekannt	A2
beliebt	A2
bequem	A2
berühmt	A2
beschäftigt	A2
besetzt	A2
besonders	A2
bewölkt	A2
bitter	A2
blond	A2
böse	A2
dankbar	A2
deutlich	A2
dick	A2
direkt	A2
dringend	A2
dünn	A2
egal	A2
ehrlich	A2
eigentlich	A2
eng	A2
enttäuscht	A2
ernst	A2
erst	A2
fantastisch	A2
fett	A2
fit	A2
fleißig	A2
fremd	A2
freundlich	A2
furchtbar	A2
gefährlich	A2
gemeinsam	A2
gemütlich	A2
genau	A2
genug	A2
gerade	A2
geöffnet	A2
geschlossen	A2
gestreift	A2
gleich	A2
günstig	A2
hart	A2
hässlich	A2
häufig	A2
herzlich	A2
hübsch	A2
interessant	A2
international	A2
komisch	A2
kompliziert	A2
kostenlos	A2
kräftig	A2
langweilig	A2
ledig	A2
leer	A2
lustig	A2
männlich	A2
modern	A2
möglich	A2
nass	A2
nervös	A2
neugierig	A2
normal	A2
nötig	A2
notwendig	A2
offen	A2
öffentlich	A2
perfekt	A2
persönlich	A2
plötzlich	A2
praktisch	A2
privat	A2
pünktlich	A2
rund	A2
sauer	A2
scharf	A2
schlimm	A2
schmal	A2
schrecklich	A2
schwach	A2
schwanger	A2
schwierig	A2
selbstverständlich	A2
selten	A2
sicher	A2
sofort	A2
sportlich	A2
stark	A2
still	A2
stolz	A2
sympathisch	A2
tief	A2
toll	A2
traurig	A2
trocken	A2
typisch	A2
unbedingt	A2
ungefähr	A2
verboten	A2
verheiratet	A2
verliebt	A2
verschieden	A2
voll	A2
weiblich	A2
weit	A2
wenig	A2
wunderbar	A2
zufrieden	A2
zusätzlich	A2
Abfall	B1
Abgas	B1
Abitur	B1
Ablauf	B1
Abschied	B1
Abschluss	B1
Absicht	B1
Abteilung	B1
Alltag	B1
Anforderung	B1
Angestellte	B1
Anlage	B1
Anlass	B1
Annahme	B1
Anregung	B1
Ansage	B1
Anschluss	B1
Ansicht	B1
Anspruch	B1
Anteil	B1
Antrag	B1
Anweisung	B1
Anzahl	B1
Arbeitgeber	B1
Arbeitnehmer	B1
Arbeitslosigkeit	B1
Ärger	B1
Atmosphäre	B1
Aufenthalt	B1
Aufgabe	B1
Aufmerksamkeit	B1
Auftrag	B1
Aufzug	B1
Ausdruck	B1
Ausnahme	B1
Ausrede	B1
Ausrüstung	B1
Aussicht	B1
Aussprache	B1
Auswahl	B1
Auswirkung	B1
Bedingung	B1
Bedürfnis	B1
Begegnung	B1
Begriff	B1
Begründung	B1
Behandlung	B1
Behörde	B1
Beitrag	B1
Belastung	B1
Bemerkung	B1
Bemühung	B1
Benehmen	B1
Beratung	B1
Bereich	B1
Bescheid	B1
Beschwerde	B1
Besitzer	B1
Besonderheit	B1
Besserung	B1
Bestätigung	B1
Bestellung	B1
Beteiligung	B1
Betrag	B1
Betreuung	B1
Beziehung	B1
Bildung	B1
Blick	B1
Botschaft	B1
Branche	B1
Bundesland	B1
Bürger	B1
Bürgersteig	B1
Chance	B1
Charakter	B1
Daten	B1
Dauer	B1
Demokratie	B1
Diskussion	B1
Druck	B1
Duft	B1
Ehe	B1
Ehre	B1
Eigenschaft	B1
Eindruck	B1
Einfluss	B1
Einkommen	B1
Einrichtung	B1
Einstellung	B1
Einzelheit	B1
Eintrittskarte	B1
Emotion	B1
Empfang	B1
Energie	B1
Engagement	B1
Entfernung	B1
Entscheidung	B1
Entschluss	B1
Entwicklung	B1
Ereignis	B1
Erfolg	B1
Erhöhung	B1
Erlaubnis	B1
Erlebnis	B1
Ernährung	B1
Eröffnung	B1
Ersatz	B1
Erwartung	B1
Erziehung	B1
Existenz	B1
Fachmann	B1
Fähigkeit	B1
Fall	B1
Fantasie	B1
Feuerzeug	B1
Folge	B1
Forderung	B1
Forschung	B1
Fortschritt	B1
Freiheit	B1
Freizeit	B1
Freude	B1
Frieden	B1
Frist	B1
Führerschein	B1
Funktion	B1
Gebiet	B1
Gebrauch	B1
Geburt	B1
Gedächtnis	B1
Geduld	B1
Gegend	B1
Gegenwart	B1
Geheimnis	B1
Gehirn	B1
Gelegenheit	B1
Gemeinde	B1
Generation	B1
Gerät	B1
Gerechtigkeit	B1
Geschmack	B1
Geschwindigkeit	B1
Gesetz	B1
Gespür	B1
Gewalt	B1
Gewissen	B1
Gewohnheit	B1
Gleichberechtigung	B1
Grundlage	B1
Handlung	B1
Handel	B1
Held	B1
Herausforderung	B1
Herkunft	B1
Herstellung	B1
Hindernis	B1
Hintergrund	B1
Hinweis	B1
Hoffnung	B1
Höhepunkt	B1
Humor	B1
Inhalt	B1
Institution	B1
Interview	B1
Kandidat	B1
Kapitel	B1
Kenntnis	B1
Kindheit	B1
Klimawandel	B1
Kommentar	B1
Kompromiss	B1
Konferenz	B1
Konflikt	B1
Kontakt	B1
Kontrolle	B1
Konzept	B1
Kraft	B1
Kritik	B1
Kunststoff	B1
Lage	B1
Laune	B1
Lautsprecher	B1
Lebensbedingung	B1
Leidenschaft	B1
Leser	B1
Literatur	B1
Maßnahme	B1
Material	B1
Medien	B1
Mehrheit	B1
Meister	B1
Merkmal	B1
Methode	B1
Minderheit	B1
Missverständnis	B1
Mitleid	B1
Mode	B1
Motiv	B1
Motivation	B1
Mühe	B1
Müll	B1
Muster	B1
Mut	B1
Nachfrage	B1
Nachteil	B1
Neid	B1
Niveau	B1
Notaufnahme	B1
Oberfläche	B1
Öffentlichkeit	B1
Opfer	B1
Personal	B1
Pflicht	B1
Phase	B1
Politik	B1
Politiker	B1
Position	B1
Prospekt	B1
Prozess	B1
Prozent	B1
Publikation	B1
Rahmen	B1
Rat	B1
Realität	B1
Recht	B1
Rede	B1
Reform	B1
Regierung	B1
Reaktion	B1
Reklamation	B1
Rente	B1
Risiko	B1
Rolle	B1
Rücksicht	B1
Schatten	B1
Schicht	B1
Schlange	B1
Schluss	B1
Schritt	B1
Schutz	B1
Schwäche	B1
Sehenswürdigkeit	B1
Sekretärin	B1
Selbstbewusstsein	B1
Sinn	B1
Sitte	B1
Situation	B1
Spannung	B1
Spaß	B1
Spur	B1
Standpunkt	B1
Stärke	B1
Steuer	B1
Stichwort	B1
Stiftung	B1
Stimmung	B1
Stoff	B1
Strafe	B1
Streik	B1
Stress	B1
Struktur	B1
Symbol	B1
System	B1
Tatsache	B1
Technik	B1
Teilnehmer	B1
Tradition	B1
Trend	B1
Turnier	B1
Übersetzung	B1
Umfrage	B1
Umsatz	B1
Umwelt	B1
Umweltschutz	B1
Unabhängigkeit	B1
Unterlagen	B1
Unternehmen	B1
Unterstützung	B1
Ursache	B1
Urteil	B1
Verantwortung	B1
Verbesserung	B1
Verbot	B1
Verbraucher	B1
Verfahren	B1
Vergnügen	B1
Verhalten	B1
Verhältnis	B1
Verhandlung	B1
Verkäufe	B1
Verlust	B1
Vermutung	B1
Vernunft	B1
Verpackung	B1
Verpflichtung	B1
Versammlung	B1
Verständnis	B1
Versuch	B1
Vertrauen	B1
Vertreter	B1
Verwaltung	B1
Voraussetzung	B1
Vorbild	B1
Vorgang	B1
Vorschrift	B1
Vorteil	B1
Vortrag	B1
Vorurteil	B1
Wachstum	B1
Wahl	B1
Wahrheit	B1
Wahrscheinlichkeit	B1
Wechsel	B1
Wert	B1
Wettbewerb	B1
Widerspruch	B1
Wirklichkeit	B1
Wirkung	B1
Wissenschaft	B1
Wissenschaftler	B1
Witz	B1
Wohl	B1
Wunder	B1
Wut	B1
Zeitpunkt	B1
Zeitraum	B1
Zeuge	B1
Zinsen	B1
Zusammenarbeit	B1
Zusammenfassung	B1
Zusammenhang	B1
Zustand	B1
Zustimmung	B1
Zutat	B1
Zweifel	B1
abhängen	B1
ablehnen	B1
abnehmen	B1
abstimmen	B1
achten	B1
anerkennen	B1
angeben	B1
angreifen	B1
annehmen	B1
anpassen	B1
ansprechen	B1
anstrengen	B1
auffallen	B1
auffordern	B1
aufgeben	B1
aufheben	B1
aufklären	B1
aufnehmen	B1
auftreten	B1
ausdrücken	B1
aushalten	B1
auskommen	B1
ausprobieren	B1
ausrichten	B1
ausschalten	B1
äußern	B1
aussprechen	B1
auswählen	B1
ausweichen	B1
beachten	B1
bearbeiten	B1
bedienen	B1
befinden	B1
begegnen	B1
begeistern	B1
begleiten	B1
begründen	B1
begrüßen	B1
behandeln	B1
behalten	B1
behaupten	B1
beherrschen	B1
beitragen	B1
beklagen	B1
bemerken	B1
bemühen	B1
benutzen	B1
beobachten	B1
berichten	B1
berücksichtigen	B1
beruhigen	B1
beschäftigen	B1
beschließen	B1
beschweren	B1
besitzen	B1
besorgen	B1
bestätigen	B1
bestimmen	B1
bestrafen	B1
beteiligen	B1
betonen	B1
betreffen	B1
betreuen	B1
beurteilen	B1
beweisen	B1
bewundern	B1
bezeichnen	B1
beziehen	B1
brechen	B1
dienen	B1
drohen	B1
durchführen	B1
durchsetzen	B1
einführen	B1
einigen	B1
einrichten	B1
einschalten	B1
einschätzen	B1
eintreten	B1
empfangen	B1
empfinden	B1
entdecken	B1
entfernen	B1
enthalten	B1
entlassen	B1
entscheiden	B1
entschließen	B1
entsprechen	B1
entstehen	B1
enttäuschen	B1
entwickeln	B1
ergänzen	B1
ergeben	B1
erfahren	B1
erfinden	B1
erfüllen	B1
erhalten	B1
erhöhen	B1
erkennen	B1
erledigen	B1
ernähren	B1
erscheinen	B1
erschrecken	B1
ersetzen	B1
erwarten	B1
erwähnen	B1
erzeugen	B1
erziehen	B1
existieren	B1
festhalten	B1
festlegen	B1
feststellen	B1
fordern	B1
fördern	B1
formulieren	B1
forschen	B1
fortsetzen	B1
gebrauchen	B1
gelingen	B1
gelten	B1
genießen	B1
geschehen	B1
gestalten	B1
gewöhnen	B1
gießen	B1
greifen	B1
gründen	B1
handeln	B1
herstellen	B1
hinweisen	B1
interpretieren	B1
kämpfen	B1
klären	B1
kleben	B1
klopfen	B1
kombinieren	B1
konzentrieren	B1
kriegen	B1
kritisieren	B1
lehren	B1
leiden	B1
leisten	B1
leiten	B1
liefern	B1
loben	B1
lohnen	B1
löschen	B1
lösen	B1
managen	B1
mangeln	B1
messen	B1
mitteilen	B1
nachschlagen	B1
nennen	B1
nutzen	B1
ordnen	B1
organisieren	B1
pflegen	B1
produzieren	B1
protestieren	B1
prüfen	B1
reagieren	B1
realisieren	B1
recherchieren	B1
reduzieren	B1
regeln	B1
respektieren	B1
retten	B1
richten	B1
scheinen	B1
scheitern	B1
schimpfen	B1
schlagen	B1
schützen	B1
schweigen	B1
senken	B1
sichern	B1
sinken	B1
sorgen	B1
speichern	B1
starren	B1
steigen	B1
steigern	B1
stoßen	B1
streichen	B1
streiten	B1
teilen	B1
teilnehmen	B1
transportieren	B1
trauen	B1
überfahren	B1
übernehmen	B1
überreden	B1
übersetzen	B1
übertreiben	B1
überweisen	B1
überzeugen	B1
umgehen	B1
umtauschen	B1
unterbrechen	B1
unterhalten	B1
unterrichten	B1
unterscheiden	B1
unterstützen	B1
verabreden	B1
verabschieden	B1
verändern	B1
veranstalten	B1
verbessern	B1
verbinden	B1
verbrauchen	B1
verbringen	B1
vereinbaren	B1
verfolgen	B1
verfügen	B1
vergrößern	B1
verhandeln	B1
verhindern	B1
verlangen	B1
verlassen	B1
verlängern	B1
vermeiden	B1
vermissen	B1
vermuten	B1
veröffentlichen	B1
verraten	B1
verringern	B1
verschwinden	B1
versichern	B1
versorgen	B1
verteidigen	B1
verteilen	B1
vertreten	B1
verursachen	B1
verwalten	B1
verwechseln	B1
verwenden	B1
verzichten	B1
vorbeikommen	B1
vorkommen	B1
vorziehen	B1
wachsen	B1
wagen	B1
wählen	B1
wahrnehmen	B1
wenden	B1
wiegen	B1
wirken	B1
wundern	B1
zerstören	B1
ziehen	B1
zunehmen	B1
zusammenfassen	B1
zustimmen	B1
zweifeln	B1
zwingen	B1
abhängig	B1
abwechslungsreich	B1
allgemein	B1
allmählich	B1
alternativ	B1
anspruchsvoll	B1
anstrengend	B1
attraktiv	B1
ausführlich	B1
ausländisch	B1
ausreichend	B1
außergewöhnlich	B1
äußerst	B1
begabt	B1
begeistert	B1
bereit	B1
beruflich	B1
bescheiden	B1
bewusst	B1
deprimiert	B1
detailliert	B1
digital	B1
durchschnittlich	B1
ehemalig	B1
ehrgeizig	B1
eifersüchtig	B1
eindeutig	B1
einsam	B1
einverstanden	B1
einzeln	B1
einzig	B1
empfindlich	B1
endgültig	B1
entfernt	B1
entscheidend	B1
entschlossen	B1
enttäuschend	B1
erfolgreich	B1
erforderlich	B1
erfreulich	B1
erheblich	B1
erstaunlich	B1
fair	B1
finanziell	B1
flexibel	B1
geduldig	B1
geeignet	B1
gegenseitig	B1
geistig	B1
gerecht	B1
gering	B1
gesamt	B1
gesetzlich	B1
gewöhnlich	B1
gierig	B1
giftig	B1
gleichzeitig	B1
großzügig	B1
gültig	B1
heftig	B1
heimlich	B1
hervorragend	B1
hilfsbereit	B1
höflich	B1
individuell	B1
inklusive	B1
innerlich	B1
intensiv	B1
inzwischen	B1
irgendwann	B1
jährlich	B1
jeweils	B1
knapp	B1
körperlich	B1
kreativ	B1
kritisch	B1
künstlich	B1
lebendig	B1
lebhaft	B1
leidenschaftlich	B1
mehrere	B1
menschlich	B1
merkwürdig	B1
mindestens	B1
mündlich	B1
mutig	B1
nachhaltig	B1
nebenbei	B1
negativ	B1
neulich	B1
notfalls	B1
nützlich	B1
oberflächlich	B1
offenbar	B1
offiziell	B1
optimistisch	B1
ordentlich	B1
örtlich	B1
passend	B1
peinlich	B1
positiv	B1
preiswert	B1
professionell	B1
rechtzeitig	B1
regelmäßig	B1
reichlich	B1
riesig	B1
sämtlich	B1
schädlich	B1
scheinbar	B1
schließlich	B1
schriftlich	B1
schuldig	B1
seltsam	B1
sinnvoll	B1
sogenannt	B1
sonstig	B1
sorgfältig	B1
sozial	B1
spannend	B1
sparsam	B1
speziell	B1
ständig	B1
stressig	B1
streng	B1
stumm	B1
tatsächlich	B1
technisch	B1
üblich	B1
umsonst	B1
umweltfreundlich	B1
unerwartet	B1
ungewöhnlich	B1
unheimlich	B1
unterschiedlich	B1
verantwortlich	B1
vergeblich	B1
vernünftig	B1
verrückt	B1
verständlich	B1
verwandt	B1
vielfältig	B1
vollständig	B1
voraussichtlich	B1
vorher	B1
vorsichtig	B1
wahrscheinlich	B1
wertvoll	B1
wesentlich	B1
winzig	B1
wirtschaftlich	B1
witzig	B1
zahlreich	B1
zärtlich	B1
zeitlich	B1
zufällig	B1
zukünftig	B1
zuständig	B1
zuverlässig	B1
zwar	B1
Abenteuer	B2
Abhängigkeit	B2
Abkommen	B2
Abneigung	B2
Absatz	B2
Abstand	B2
Abwechslung	B2
Andeutung	B2
Aneignung	B2
Anerkennung	B2
Angelegenheit	B2
Anhänger	B2
Anpassung	B2
Anreiz	B2
Ansatz	B2
Anschein	B2
Anschuldigung	B2
Anstieg	B2
Anwendung	B2
Aufkommen	B2
Auflage	B2
Aufschwung	B2
Aufsicht	B2
Ausbeutung	B2
Ausdauer	B2
Auseinandersetzung	B2
Ausgleich	B2
Ausmaß	B2
Ausschuss	B2
Aussterben	B2
Auswertung	B2
Bandbreite	B2
Barriere	B2
Beachtung	B2
Bedauern	B2
Bedenken	B2
Bedrohung	B2
Befragung	B2
Befund	B2
Begeisterung	B2
Beherrschung	B2
Beobachtung	B2
Berücksichtigung	B2
Beschäftigung	B2
Beschleunigung	B2
Beschränkung	B2
Bestandteil	B2
Bestreben	B2
Beurteilung	B2
Bewältigung	B2
Bewertung	B2
Bewusstsein	B2
Bezug	B2
Bilanz	B2
Blickwinkel	B2
Charme	B2
Debatte	B2
Defizit	B2
Denkweise	B2
Diagnose	B2
Dilemma	B2
Dimension	B2
Distanz	B2
Dominanz	B2
Durchbruch	B2
Durchschnitt	B2
Effizienz	B2
Ehrgeiz	B2
Eifersucht	B2
Eigenart	B2
Eigentum	B2
Einbildung	B2
Einheit	B2
Einigung	B2
Einsatz	B2
Einschätzung	B2
Einschränkung	B2
Einsicht	B2
Einwand	B2
Elend	B2
Empfindung	B2
Entlastung	B2
Entschädigung	B2
Entschlossenheit	B2
Erfordernis	B2
Erkenntnis	B2
Erleichterung	B2
Ermutigung	B2
Erscheinung	B2
Erschöpfung	B2
Erwerb	B2
Etappe	B2
Fachkraft	B2
Faktor	B2
Faszination	B2
Fazit	B2
Feindschaft	B2
Fortbildung	B2
Fürsorge	B2
Gefälle	B2
Gegensatz	B2
Gelassenheit	B2
Genauigkeit	B2
Gerücht	B2
Gesichtspunkt	B2
Gestaltung	B2
Gewissheit	B2
Gleichgewicht	B2
Gliederung	B2
Grundsatz	B2
Gutachten	B2
Haltung	B2
Häufigkeit	B2
Hierarchie	B2
Hingabe	B2
Hinsicht	B2
Identität	B2
Illusion	B2
Impuls	B2
Indiz	B2
Infrastruktur	B2
Initiative	B2
Innovation	B2
Instanz	B2
Integration	B2
Intuition	B2
Ironie	B2
Kapazität	B2
Klarheit	B2
Klischee	B2
Komplexität	B2
Konjunktur	B2
Konkurrenz	B2
Konsequenz	B2
Kontext	B2
Kontinuität	B2
Kontroverse	B2
Kooperation	B2
Koordination	B2
Kriterium	B2
Kurzfassung	B2
Laufbahn	B2
Lebhaftigkeit	B2
Leitfaden	B2
Loyalität	B2
Machbarkeit	B2
Mangel	B2
Maßstab	B2
Mechanismus	B2
Mentalität	B2
Misstrauen	B2
Mittelpunkt	B2
Nachhaltigkeit	B2
Nachlässigkeit	B2
Nachwuchs	B2
Neigung	B2
Objektivität	B2
Perspektive	B2
Pessimismus	B2
Phänomen	B2
Potenzial	B2
Präferenz	B2
Prinzip	B2
Priorität	B2
Prognose	B2
Proportion	B2
Radius	B2
Randgruppe	B2
Rechtfertigung	B2
Redewendung	B2
Reichweite	B2
Relation	B2
Relevanz	B2
Ressource	B2
Rivalität	B2
Rückgang	B2
Rückmeldung	B2
Rücktritt	B2
Sanktion	B2
Schlussfolgerung	B2
Schwerpunkt	B2
Sehnsucht	B2
Sichtweise	B2
Skepsis	B2
Solidarität	B2
Spektrum	B2
Spielraum	B2
Stabilität	B2
Stellungnahme	B2
Stereotyp	B2
Steuerung	B2
Strategie	B2
Subvention	B2
Symptom	B2
Tarif	B2
Tendenz	B2
Toleranz	B2
Transparenz	B2
Umbruch	B2
Umsetzung	B2
Umstand	B2
Unruhe	B2
Urheber	B2
Variante	B2
Verankerung	B2
Verantwortungsbewusstsein	B2
Verarbeitung	B2
Verdacht	B2
Vereinbarkeit	B2
Verfassung	B2
Verfügung	B2
Vermittlung	B2
Vermögen	B2
Vernetzung	B2
Verschlechterung	B2
Versorgung	B2
Verteilung	B2
Vertiefung	B2
Verwirrung	B2
Verzweiflung	B2
Vielfalt	B2
Vision	B2
Vollmacht	B2
Vorgehen	B2
Vorliebe	B2
Vorrang	B2
Vorsatz	B2
Wahrnehmung	B2
Wandel	B2
Wechselwirkung	B2
Weiterbildung	B2
Weltanschauung	B2
Wertschätzung	B2
Wesen	B2
Widerstand	B2
Wohlbefinden	B2
Wohlstand	B2
Würde	B2
Zielsetzung	B2
Zivilisation	B2
Zufriedenheit	B2
Zugang	B2
Zugehörigkeit	B2
Zumutung	B2
Zuneigung	B2
Zusage	B2
Zuschuss	B2
Zuversicht	B2
Zuwachs	B2
Zwiespalt	B2
abschaffen	B2
absehen	B2
abwägen	B2
abweichen	B2
andeuten	B2
aneignen	B2
anfechten	B2
angehen	B2
anstreben	B2
antreiben	B2
anvertrauen	B2
anzweifeln	B2
aufbringen	B2
auffassen	B2
aufweisen	B2
ausarbeiten	B2
ausdehnen	B2
auseinandersetzen	B2
ausgleichen	B2
auslösen	B2
ausschließen	B2
ausüben	B2
auswerten	B2
beabsichtigen	B2
beanspruchen	B2
beanstanden	B2
beauftragen	B2
bedrohen	B2
beeindrucken	B2
beeinflussen	B2
befassen	B2
befürchten	B2
befürworten	B2
begünstigen	B2
beimessen	B2
beinhalten	B2
beitreten	B2
belegen	B2
bemängeln	B2
benachteiligen	B2
beneiden	B2
berufen	B2
beschleunigen	B2
beschränken	B2
bestreiten	B2
bevorzugen	B2
bewältigen	B2
bewerten	B2
bewirken	B2
bezweifeln	B2
charakterisieren	B2
differenzieren	B2
distanzieren	B2
dominieren	B2
durchhalten	B2
durchschauen	B2
einbeziehen	B2
einbüßen	B2
eingehen	B2
eingestehen	B2
eingreifen	B2
einleiten	B2
einräumen	B2
einschließen	B2
einschränken	B2
einsetzen	B2
entfalten	B2
entgegenkommen	B2
entnehmen	B2
erarbeiten	B2
erfassen	B2
erleichtern	B2
ermitteln	B2
ermöglichen	B2
ermutigen	B2
erörtern	B2
erschließen	B2
erschweren	B2
ersparen	B2
erstreben	B2
erweisen	B2
erweitern	B2
erwerben	B2
erzielen	B2
etablieren	B2
festigen	B2
fortfahren	B2
gefährden	B2
gestehen	B2
gewährleisten	B2
gliedern	B2
gutschreiben	B2
hemmen	B2
herausfinden	B2
herausstellen	B2
hervorheben	B2
hinterfragen	B2
identifizieren	B2
integrieren	B2
kalkulieren	B2
kompensieren	B2
konfrontieren	B2
koordinieren	B2
kürzen	B2
minimieren	B2
missbrauchen	B2
mitwirken	B2
motivieren	B2
nachvollziehen	B2
nachweisen	B2
optimieren	B2
plädieren	B2
präsentieren	B2
priorisieren	B2
profitieren	B2
rechtfertigen	B2
resultieren	B2
schildern	B2
schätzen	B2
spezialisieren	B2
stabilisieren	B2
strukturieren	B2
thematisieren	B2
überarbeiten	B2
überdenken	B2
übereinstimmen	B2
übertragen	B2
überwachen	B2
überwinden	B2
umfassen	B2
umsetzen	B2
unterliegen	B2
untersagen	B2
verankern	B2
veranlassen	B2
verarbeiten	B2
verdeutlichen	B2
verdrängen	B2
vereinen	B2
verfassen	B2
verkörpern	B2
vermitteln	B2
vernachlässigen	B2
verpflichten	B2
verschärfen	B2
verschlechtern	B2
versetzen	B2
verstärken	B2
vertiefen	B2
verwirklichen	B2
verzweifeln	B2
vollziehen	B2
voraussetzen	B2
vorbeugen	B2
vorliegen	B2
vornehmen	B2
vorweisen	B2
wahren	B2
widerlegen	B2
widersprechen	B2
widmen	B2
würdigen	B2
zuordnen	B2
zurückführen	B2
zurückhalten	B2
zusammenhängen	B2
zuspitzen	B2
zutreffen	B2
zuwenden	B2
angemessen	B2
anschaulich	B2
ansteckend	B2
aufschlussreich	B2
ausgeprägt	B2
ausschlaggebend	B2
bedenklich	B2
bedeutsam	B2
beispielhaft	B2
bemerkenswert	B2
beträchtlich	B2
denkbar	B2
differenziert	B2
diszipliniert	B2
effizient	B2
eigenständig	B2
einflussreich	B2
einheitlich	B2
einleuchtend	B2
ernsthaft	B2
erstrebenswert	B2
fragwürdig	B2
gegenwärtig	B2
gelassen	B2
gezielt	B2
glaubwürdig	B2
grundlegend	B2
grundsätzlich	B2
hartnäckig	B2
hinreichend	B2
kompetent	B2
konsequent	B2
konstruktiv	B2
kontinuierlich	B2
kontrovers	B2
langfristig	B2
maßgeblich	B2
nachdrücklich	B2
nachvollziehbar	B2
naheliegend	B2
objektiv	B2
pauschal	B2
plausibel	B2
rational	B2
realistisch	B2
sachlich	B2
souverän	B2
stichhaltig	B2
subjektiv	B2
systematisch	B2
tiefgründig	B2
überzeugend	B2
umfangreich	B2
umstritten	B2
unentbehrlich	B2
unerlässlich	B2
ungerecht	B2
unmittelbar	B2
untrennbar	B2
unumgänglich	B2
unvermeidlich	B2
unverzichtbar	B2
verbindlich	B2
vergleichbar	B2
verhältnismäßig	B2
vielversprechend	B2
vorbildlich	B2
vorläufig	B2
vorrangig	B2
weitgehend	B2
widersprüchlich	B2
wirkungsvoll	B2
zeitgemäß	B2
zugänglich	B2
zunehmend	B2
zutreffend	B2
zwiespältig	B2
Abwägung	C1
Akzeptanz	C1
Ambivalenz	C1
Anhaltspunkt	C1
Annäherung	C1
Anspielung	C1
Auffassung	C1
Aufgeschlossenheit	C1
Ausprägung	C1
Beharrlichkeit	C1
Belange	C1
Beweggrund	C1
Bezugspunkt	C1
Diskrepanz	C1
Eigendynamik	C1
Eigeninitiative	C1
Eingeständnis	C1
Ermessen	C1
Errungenschaft	C1
Erwägung	C1
Facette	C1
Fehleinschätzung	C1
Feingefühl	C1
Gefüge	C1
Gepflogenheit	C1
Geringschätzung	C1
Gewandtheit	C1
Gratwanderung	C1
Handlungsspielraum	C1
Kehrseite	C1
Kernaussage	C1
Konsens	C1
Kontrahent	C1
Korrelation	C1
Legitimität	C1
Leitbild	C1
Maxime	C1
Nuance	C1
Paradigma	C1
Plädoyer	C1
Polarisierung	C1
Prägung	C1
Präzision	C1
Rückschluss	C1
Sachverhalt	C1
Schlagkraft	C1
Selbstverständnis	C1
Souveränität	C1
Stellenwert	C1
Stringenz	C1
Tragweite	C1
Trugschluss	C1
Überzeugungskraft	C1
Unabdingbarkeit	C1
Unterfangen	C1
Verflechtung	C1
Vergegenwärtigung	C1
Verharmlosung	C1
Vorbehalt	C1
Vorstoß	C1
Wagnis	C1
Wechselspiel	C1
Wesenszug	C1
Widerhall	C1
Zäsur	C1
Zerrissenheit	C1
Zugeständnis	C1
Zuspruch	C1
abwerten	C1
aberkennen	C1
anprangern	C1
attestieren	C1
aufwerten	C1
ausklammern	C1
ausloten	C1
bagatellisieren	C1
beipflichten	C1
bekräftigen	C1
bemessen	C1
bewerkstelligen	C1
degradieren	C1
dementieren	C1
durchleuchten	C1
entkräften	C1
ergründen	C1
erhärten	C1
ernüchtern	C1
erschüttern	C1
forcieren	C1
gewichten	C1
heranziehen	C1
hinterlassen	C1
implizieren	C1
konsolidieren	C1
manifestieren	C1
mutmaßen	C1
nahelegen	C1
offenbaren	C1
präzisieren	C1
relativieren	C1
revidieren	C1
suggerieren	C1
übertreffen	C1
unterbinden	C1
untergraben	C1
unterstellen	C1
veranschaulichen	C1
vergegenwärtigen	C1
verharmlosen	C1
verwerfen	C1
vorantreiben	C1
vorenthalten	C1
zementieren	C1
zuschreiben	C1
akribisch	C1
allumfassend	C1
ausgewogen	C1
befangen	C1
beharrlich	C1
bezeichnend	C1
dezidiert	C1
differenzierend	C1
eigenwillig	C1
eindringlich	C1
einschlägig	C1
ergiebig	C1
erschöpfend	C1
essenziell	C1
etabliert	C1
exemplarisch	C1
facettenreich	C1
folgerichtig	C1
fundiert	C1
gravierend	C1
hinlänglich	C1
immanent	C1
implizit	C1
konzis	C1
lückenlos	C1
marginal	C1
nichtsdestotrotz	C1
nuanciert	C1
obsolet	C1
prägnant	C1
profund	C1
rigoros	C1
schlüssig	C1
signifikant	C1
stichfest	C1
stringent	C1
subtil	C1
triftig	C1
überspitzt	C1
unangefochten	C1
unumstritten	C1
unweigerlich	C1
vehement	C1
verkannt	C1
vermeintlich	C1
weitreichend	C1
zwangsläufig	C1
Ambiguität	C2
Antagonismus	C2
Apologie	C2
Chimäre	C2
Desiderat	C2
Diktum	C2
Dichotomie	C2
Duktus	C2
Epigone	C2
Evidenz	C2
Genese	C2
Habitus	C2
Hybris	C2
Idiom	C2
Imperativ	C2
Inbegriff	C2
Kohärenz	C2
Konnotation	C2
Kontingenz	C2
Lakonie	C2
Metapher	C2
Nimbus	C2
Postulat	C2
Prämisse	C2
Primat	C2
Quintessenz	C2
Räson	C2
Redundanz	C2
Verve	C2
Zeitgeist	C2
antizipieren	C2
destillieren	C2
divergieren	C2
elaborieren	C2
evozieren	C2
exemplifizieren	C2
kondensieren	C2
konstatieren	C2
kulminieren	C2
oszillieren	C2
paraphrasieren	C2
perpetuieren	C2
postulieren	C2
rekurrieren	C2
sezieren	C2
subsumieren	C2
transzendieren	C2
apodiktisch	C2
äquivalent	C2
diametral	C2
dezent	C2
ephemer	C2
erratisch	C2
idiosynkratisch	C2
inhärent	C2
lapidar	C2
mäandernd	C2
minutiös	C2
omnipräsent	C2
paradigmatisch	C2
pointiert	C2
polyvalent	C2
redundant	C2
rudimentär	C2
sardonisch	C2
stoisch	C2
sublim	C2
tentativ	C2
ubiquitär	C2
