# Japanese wordlist. JLPT N5–N1 vocabulary by Jonathan Waller (tanos.co.uk, CC BY 4.0) via open-anki-jlpt-decks (MIT); spellings settled with JMdict (EDRDG, CC BY-SA 4.0). Built by scripts/build-ja-wordlist.py.
ああぁ	ああ
ああっ	ああ
ああー	ああ
あいかわらず	相変わらず
あいさつ	挨拶
あいさつする	挨拶
あいじょう	愛情
あいする	愛する
あいず	合図
あいそ	愛想
あいそう	愛想
あいだ	間
あいだがら	間柄
あいて	相手
あいま	合間
あい変らず	相変わらず
あい変わらず	相変わらず
あい昧	あいまい
あおい	青い
あおじろい	青白い
あかい	赤い
あかがね	銅
あかじ	赤字
あかす	明かす
あかちゃん	赤ちゃん
あからむ	赤らむ
あかり	明かり
あかるい	明るい
あかんぼ	赤ん坊
あかんぼう	赤ん坊
あがり	上がり
あがる	上がる
あきうど	商人
あきびと	商人
あきゅうど	商人
あきらか	明らか
あきらめ	諦め
あきらめる	諦める
あきる	飽きる
あきれる	呆れる
あきんど	商人
あくしゅ	握手
あくと	かかと
あくま	悪魔
あけがた	明け方
あこがれ	憧れ
あこがれる	憧れる
あさい	浅い
あさごはん	朝ご飯
あさって	明後日
あさねぼう	朝寝坊
あさましい	浅ましい
あざむく	欺く
あざやか	鮮やか
あざわらう	嘲笑う
あざ笑う	嘲笑う
あしあと	足跡
あしこ	あそこ
あした	明日
あしもと	足元
あじわい	味わい
あじわう	味わう
あすこ	あそこ
あすぶ	遊ぶ
あずかる	預かる
あずける	預ける
あせる	焦る
あそび	遊び
あそぶ	遊ぶ
あたい	値
あたいする	値する
あたえる	与える
あたま	頭
あたらしい	新しい
あたりまえ	当たり前
あたりめえ	当たり前
あたりめー	当たり前
あたり前	当たり前
あたる	当たる
あだびと	他人
あぢぃ	暑い
あぢい	暑い
あぢー	暑い
あっか	悪化
あっしゅく	圧縮
あっせん	斡旋
あったりめー	当たり前
あっとう	圧倒
あっぱく	圧迫
あっぶねー	危ない
あっ旋	斡旋
あつかい	扱い
あつかう	扱う
あつかましい	厚かましい
あつまり	集まり
あつまる	集まる
あつめる	集める
あつりょく	圧力
あづい	暑い
あて	当て
あてじ	当て字
あてな	宛名
あてはまる	当てはまる
あてはめる	当てはめる
あて名	宛名
あて字	当て字
あとつぎ	跡継ぎ
あとまわし	後回し
あない	案内
あはれ	哀れ
あばれる	暴れる
あびる	浴びる
あぶく	泡
あぶない	危ない
あぶねー	危ない
あぶらえ	油絵
あまい	甘い
あまえる	甘える
あまくち	甘口
あまぐ	雨具
あまど	雨戸
あまやかす	甘やかす
あまる	余る
あめつち	天地
あやうい	危うい
あやしい	怪しい
あやつる	操る
あやぶむ	危ぶむ
あやまち	過ち
あやまり	誤り
あゆみ	歩み
あゆむ	歩む
あらう	洗う
あらす	荒らす
あらすじ	粗筋
あらそい	争い
あらそう	争う
あらた	新た
あらたまる	改まる
あらためて	改めて
あらためる	改める
あらっぽい	荒っぽい
あらわれ	現れ
あらわれる	現れる
あら筋	粗筋
ありさま	有様
ありよう	有様
あり様	有様
あり触れる	ありふれる
あるく	歩く
あれる	荒れる
あわい	間
あわす	合わす
あわせる	合わせる
あわただしい	慌ただしい
あわてる	慌てる
あわれ	哀れ
あん	あの
あんい	安易
あんがい	案外
あんき	暗記
あんさつ	暗殺
あんざん	暗算
あんしん	安心
あんじ	暗示
あんじる	案じる
あんせい	安静
あんせん	安全
あんぜん	安全
あんてい	安定
あんない	案内
あんないする	案内
あんのじょう	案の定
あーっ	ああ
いいかげん	いい加減
いいだす	言い出す
いいつける	言い付ける
いいわけ	言い訳
いえあるじ	家主
いえで	家出
いえぬし	家主
いかす	生かす
いかり	怒り
いがく	医学
いがむ	歪む
いきいき	生き生き
いきおい	勢い
いきがい	生き甲斐
いきごむ	意気込む
いきさつ	経緯
いきちがい	行き違い
いきもの	生き物
いきよい	勢い
いきる	生きる
いく	行く
いくじ	育児
いくせい	育成
いくた	幾多
いくぶん	幾分
いけばな	生け花
いけ花	生け花
いさご	砂
いさましい	勇ましい
いざなう	誘う
いしき	意識
いしずみ	石炭
いしぶみ	碑
いしゃ	医者
いしょう	衣装
いしょくじゅう	衣食住
いじゅう	移住
いじわる	意地悪
いずく	どこ
いずこ	どこ
いずみ	泉
いせい	異性
いせき	遺跡
いそがしい	忙しい
いそぐ	急ぐ
いそん	依存
いぞん	依存
いたい	痛い
いたく	委託
いたづら	いたずら
いたみ	痛み
いたる	至る
いだい	偉大
いだく	抱く
いちおう	一応
いちがいに	一概に
いちげつ	一月
いちげん	一言
いちごん	一言
いちじ	一時
いちじつ	一日
いちじるしい	著しい
いちだんと	一段と
いちぢるしい	著しい
いちど	一度
いちどう	一同
いちどに	一度に
いちにち	一日
いちば	市場
いちばん	一番
いちぶぶん	一部分
いちべつ	一別
いちめん	一面
いちもく	一目
いちよう	一様
いちりつ	一律
いちりゅう	一流
いちれん	一連
いっか	一家
いっかつ	一括
いっき	一気
いっきなり	いきなり
いっきょに	一挙に
いっけ	一家
いっけん	一見
いっさい	一切
いっさくさくじつ	一昨昨日
いっさくじつ	一昨日
いっしゅ	一種
いっしゅん	一瞬
いっしょ	一緒
いっしょう	一生
いっしょうけんめい	一生懸命
いっしん	一心
いっせい	一斉
いっそう	一層
いっち	一致
いってい	一定
いっていらっしゃい	行っていらっしゃい
いってらっしゃい	行ってらっしゃい
いって参ります	いってまいります
いって来ます	いってきます
いっぱん	一般
いっぺん	一変
いっぽう	一方
いつつ	五つ
いつの間にか	いつのまにか
いつ迄も	いつまでも
いづこ	どこ
いづれ	いずれ
いてん	移転
いとなむ	営む
いどこ	どこ
いどむ	挑む
いない	以内
いなか	田舎
いなびかり	稲光
いぬ	犬
いねむり	居眠り
いのち	命
いのり	祈り
いのる	祈る
いはん	違反
いばる	威張る
いふく	衣服
いまさら	今更
いまに	今に
いまにも	今にも
いみん	移民
いもうと	妹
いやがる	嫌がる
いやしい	卑しい
いよく	意欲
いらしゃい	いらっしゃい
いりくち	入り口
いりぐち	入り口
いりょく	威力
いるい	衣類
いれもの	入れ物
いれる	入れる
いろん	異論
いわい	祝い
いわう	祝う
いんかん	印鑑
いんき	陰気
いんきょ	隠居
いんさつ	印刷
いんしょう	印象
いんたい	引退
いんよう	引用
いんりょく	引力
ううむ	うん
うえき	植木
うかい	うがい
うかぶ	浮かぶ
うかべる	浮かべる
うかる	受かる
うけいれ	受け入れ
うけいれる	受け入れる
うけたまわる	承る
うけつぐ	受け継ぐ
うけつけ	受付
うけつける	受け付ける
うけとめる	受け止める
うけとり	受け取り
うけとる	受け取る
うけみ	受身
うけもち	受け持ち
うけもつ	受け持つ
うける	受ける
うけ取る	受け取る
うごかす	動かす
うごき	動き
うごく	動く
うさぎ	兎
うしなう	失う
うしろ	後ろ
うじな	氏名
うすい	薄い
うすぐらい	薄暗い
うすめる	薄める
うす暗い	薄暗い
うずまる	埋まる
うずめる	埋める
うそつき	嘘つき
うそ付き	嘘つき
うそ吐き	嘘つき
うたう	歌う
うたがう	疑う
うたたね	うたた寝
うちあける	打ち明ける
うちあわせ	打ち合わせ
うちきる	打ち切る
うちけし	打ち消し
うちけす	打ち消す
うちこむ	打ち込む
うちゅう	宇宙
うちわけ	内訳
うち合わせ	打ち合わせ
うち込む	打ち込む
うったえ	訴え
うったえる	訴える
うっとおしい	うっとうしい
うつくしい	美しい
うつし	写し
うつろ	空ろ
うつわ	器
うつ向く	うつむく
うてん	雨天
うでまえ	腕前
うでる	茹でる
うながす	促す
うなじ	海路
うなづく	うなずく
うばう	奪う
うまる	埋まる
うまれ	生まれ
うまれつき	生まれつき
うまれる	生まれる
うみじ	海路
うめこむ	埋め込む
うめぼし	梅干し
うめる	埋める
うめ込む	埋め込む
うやまう	敬う
うらがえし	裏返し
うらがえす	裏返す
うらぎる	裏切る
うらぐち	裏口
うらなう	占う
うらみ	恨み
うらむ	恨む
うらやましい	羨ましい
うらやむ	羨む
うりあげ	売り上げ
うりきれ	売り切れ
うりきれる	売り切れる
うりだし	売り出し
うりだす	売り出す
うりば	売り場
うるおう	潤う
うれしい	嬉しい
うれゆき	売れ行き
うれる	売れる
うわき	浮気
うわぎ	上着
うわさ	噂
うわまる	上回る
うわまわる	上回る
うわる	植わる
うわ気	浮気
うんえい	運営
うんが	運河
うんそう	運送
うんちん	運賃
うんっ	うん
うんてん	運転
うんてんしゅ	運転手
うんてんする	運転
うんどう	運動
うんどうする	運動
うんどん	うどん
うんぬん	云々
うんぱん	運搬
うんめい	運命
うんゆ	運輸
うんよう	運用
う飼い	うがい
えいえん	永遠
えいが	映画
えいがかん	映画館
えいきゅう	永久
えいきょう	影響
えいぎょう	営業
えいご	英語
えいしゃ	映写
えいじ	英字
えいせい	衛星
えいぞう	映像
えいぶん	英文
えいゆう	英雄
えいよう	栄養
えいわ	英和
ええっと	ええと
えがお	笑顔
えがく	描く
えきたい	液体
えし	よし
えっと	ええと
えつらん	閲覧
えにし	縁
えのぐ	絵の具
えばる	威張る
えもの	獲物
えらい	偉い
えらぶ	選ぶ
えんかい	宴会
えんかつ	円滑
えんがわ	縁側
えんがん	沿岸
えんき	延期
えんきょく	婉曲
えんぎ	演技
えんげい	園芸
えんげき	演劇
えんこつ	円滑
えんしゅう	円周
えんしゅつ	演出
えんじょ	援助
えんじる	演じる
えんずる	演ずる
えんせん	沿線
えんぜつ	演説
えんそう	演奏
えんそく	遠足
えんだん	縁談
えんちょう	延長
えんとつ	煙突
えんぴつ	鉛筆
えんぽう	遠方
えんまん	円満
えんりょ	遠慮
えんりょする	遠慮
えーっ	ええ
えーっと	ええと
えーと	ええと
えーー	ええ
えーーっと	ええと
えーーーっと	ええと
えーーーーっと	ええと
おいかける	追いかける
おいこす	追い越す
おいこむ	追い込む
おいだす	追い出す
おいつく	追い付く
おいる	老いる
おいわい	お祝い
おい出す	追い出す
おうえん	応援
おうきゅう	応急
おうごん	黄金
おうさま	王様
おうし	あ
おうしょく	黄色
おうしん	往診
おうじ	王子
おうじょ	王女
おうじる	応じる
おうずる	応ずる
おうせつ	応接
おうたい	応対
おうだん	横断
おうにょ	王女
おうふく	往復
おうべい	欧米
おうぼ	応募
おうよう	応用
おえる	終える
おおい	多い
おおいに	大いに
おおう	覆う
おおかた	大方
おおがね	大金
おおがら	大柄
おおきい	大きい
おおきな	大きな
おおじ	祖父
おおすじ	大筋
おおぜい	大勢
おおぞら	大空
おおどおり	大通り
おおはば	大幅
おおば	祖母
おおみず	大水
おおや	大家
おおやけ	公
おか	丘
おかあさん	お母さん
おかえり	お帰り
おかけ下さい	おかけください
おかげ様で	おかげさまで
おかし	お菓子
おかね	お金
おかねもち	お金持ち
おかーさん	お母さん
おがむ	拝む
おきのどくに	お気の毒に
おきる	起きる
おぎなう	補う
おく	置く
おくがい	屋外
おくさん	奥さん
おくじょう	屋上
おくびょう	臆病
おくらす	遅らす
おくりがな	送り仮名
おくりもの	贈り物
おくれ	遅れ
おくれる	遅れる
おく病	臆病
おげんきで	お元気で
おこさん	お子さん
おこす	起こす
おこたる	怠る
おこない	行い
おこなう	行う
おごそか	厳か
おさえる	押さえる
おさきに	お先に
おさけ	お酒
おさない	幼い
おさら	お皿
おさん	お産
おしい	惜しい
おしいれ	押入れ
おしえ	教え
おしえる	教える
おしきる	押し切る
おしこむ	押し込む
おしむ	惜しむ
おしよせる	押し寄せる
おし寄せる	押し寄せる
おじぎ	お辞儀
おじゃまします	お邪魔します
おじょうさん	お嬢さん
おす	オス
おせじ	お世辞
おせわになりました	お世話になりました
おせん	汚染
おせー	遅い
おそい	遅い
おそう	襲う
おそくとも	遅くとも
おそれ	恐れ
おそれいる	恐れ入る
おそれる	恐れる
おそろしい	恐ろしい
おそわる	教わる
おそーい	遅い
おたがい	お互い
おたく	お宅
おだいじに	お大事に
おだやか	穏やか
おちこむ	落ち込む
おちつき	落ち着き
おちつく	落ち着く
おちば	落ち葉
おちゃ	お茶
おちる	落ちる
おっこ	男
おっせぇ	遅い
おっせえ	遅い
おっせー	遅い
おっそい	遅い
おっそーい	遅い
おっと	夫
おつかい	お使い
おてあげ	お手上げ
おてあらい	お手洗い
おてつだいさん	お手伝いさん
おでかけ	お出掛け
おとうさん	お父さん
おとうと	弟
おとこ	男
おとこのこ	男の子
おとこのひと	男の人
おとしもの	落し物
おとし物	落し物
おとす	落とす
おとずれる	訪れる
おとっさん	お父さん
おとつい	一昨日
おととい	一昨日
おとな	大人
おとなしい	大人しい
おとも	お供
おとる	劣る
おとろえる	衰える
おどかす	脅かす
おどす	脅す
おどり	踊り
おどる	踊る
おどろかす	驚かす
おどろき	驚き
おどろく	驚く
おないどし	同い年
おない年	同い年
おない歳	同い年
おなか	お腹
おなじ	同じ
おにいさん	お兄さん
おねいさん	お姉さん
おねえさん	お姉さん
おねがいします	お願いします
おのおの	各々
おのぼれ	うぬぼれ
おはよー	おはよう
おばーさん	おばあさん
おひる	お昼
おびえる	怯える
おびやかす	脅かす
おびる	帯びる
おふくろ	お袋
おふろ	お風呂
おべんとう	お弁当
おぼえ	覚え
おぼえる	覚える
おぼれる	溺れる
おまい	お前
おまいり	お参り
おまえ	お前
おまたせしました	お待たせしました
おまちください	お待ちください
おまちどうさま	おまちどおさま
おまつり	お祭り
おみあげ	お土産
おみまい	お見舞い
おみや	お宮
おみやげ	お土産
おめにかかる	お目に掛かる
おもい	重い
おもいがけない	思いがけない
おもいきり	思い切り
おもいこむ	思い込む
おもいだす	思い出す
おもいっきり	思いっきり
おもいつき	思い付き
おもいつく	思い付く
おもいで	思い出
おもい出す	思い出す
おもう	思う
おもしろい	面白い
おもたい	重たい
おもて	表
おもに	主に
おもひで	思い出
おもむき	趣
おもむく	赴く
おもやく	重役
おもわず	思わず
おもんじる	重んじる
おもんずる	重んずる
おやじ	親父
おやすみ	お休み
おやゆび	親指
おや指	親指
おゆび	指
およぎ	泳ぎ
およぐ	泳ぐ
およぶ	及ぶ
およぼす	及ぼす
おらあ	俺
おりかえす	折り返す
おりもの	織物
おり返す	折り返す
おれい	お礼
おれる	折れる
おろか	愚か
おわり	終わり
おわる	終わる
おん	オス
おんがく	音楽
おんけい	恩恵
おんしつ	温室
おんしょく	音色
おんせん	温泉
おんたい	温帯
おんだん	温暖
おんちゅう	御中
おんど	温度
おんな	女
おんなし	同じ
おんなじ	同じ
おんなのこ	女の子
おんなのひと	女の人
おんれい	お礼
おんわ	温和
おカネ持ち	お金持ち
お中	お腹
お代り	おかわり
お代わり	おかわり
お伴	お供
お使	お使い
お八つ	おやつ
お出かけ	お出掛け
お出でになる	おいでになる
お喋り	おしゃべり
お姐さん	お姉さん
お婆さん	おばあさん
お巡りさん	おまわりさん
お待ちどうさま	おまちどおさま
お待ちどう様	おまちどおさま
お待ちどおさま	おまちどおさま
お待ちどお様	おまちどおさま
お待ち遠さま	おまちどおさま
お待ち遠様	おまちどおさま
お手あげ	お手上げ
お掛け下さい	おかけください
お数	おかず
お早う	おはよう
お替り	おかわり
お替わり	おかわり
お構いなく	おかまいなく
お構い無く	おかまいなく
お母	お袋
お洒落	おしゃれ
お爺さん	おじいさん
お目にかかる	お目に掛かる
お目出度い	おめでたい
お目出度う	おめでとう
お祀	お祭り
お祀り	お祭り
お祖母さん	おばあさん
お祖父さん	おじいさん
お祝	お祝い
お祭	お祭り
お芽出度い	おめでたい
お芽出度う	おめでとう
お菜	おかず
お蔭	おかげ
お蔭様で	おかげさまで
お襁褓	おむつ
お見舞	お見舞い
お負け	おまけ
お遣い	お使い
お金もち	お金持ち
お金持	お金持ち
お釣	おつり
お釣り	おつり
お陰	おかげ
お陰さまで	おかげさまで
お陰様で	おかげさまで
お願いしまあす	お願いします
かい	さじ
かいあく	改悪
かいい	かゆい
かいいん	会員
かいうん	海運
かいかい	開会
かいかく	改革
かいかん	会館
かいが	絵画
かいがい	海外
かいがら	貝殻
かいがん	海岸
かいきゅう	階級
かいきょう	海峡
かいぎ	会議
かいぎしつ	会議室
かいけい	会計
かいけつ	解決
かいけん	会見
かいご	介護
かいごう	会合
かいさい	開催
かいさつ	改札
かいさん	解散
かいし	開始
かいしゃ	会社
かいしゃく	解釈
かいしょく	灰色
かいじゅう	怪獣
かいじょ	解除
かいすいよく	海水浴
かいすう	回数
かいすうけん	回数券
かいせつ	解説
かいぜん	改善
かいぞう	改造
かいたく	開拓
かいつう	開通
かいてき	快適
かいてん	回転
かいどう	街道
かいにゅう	介入
かいはつ	開発
かいばつ	海抜
かいふく	回復
かいほつ	開発
かいぼう	解剖
かいもの	買い物
かいもん	買い物
かいよう	海洋
かいらん	回覧
かいりゅう	海流
かいりょう	改良
かいわ	会話
かえり	帰り
かおく	家屋
かおつき	顔付き
かおり	香り
かかえる	抱える
かかく	価格
かかげる	掲げる
かかり	係
かかわる	係わる
かがい	課外
かがみ	鏡
かがやく	輝く
かきとめ	書留
かきとり	書き取り
かきとる	書き取る
かきね	垣根
かきまわす	掻き回す
かき回す	掻き回す
かぎり	限り
かぎる	限る
かくう	架空
かくかん	客観
かくご	覚悟
かくさ	格差
かくさん	拡散
かくしゅ	各種
かくしゅう	隔週
かくじ	各自
かくじつ	確実
かくじゅう	拡充
かくす	隠す
かくだい	拡大
かくち	各地
かくちょう	拡張
かくてい	確定
かくとう	該当
かくとく	獲得
かくど	角度
かくにん	確認
かくべち	格別
かくべつ	格別
かくほ	確保
かくめい	革命
かくれる	隠れる
かけあし	駆け足
かけい	家計
かけつ	可決
かけ足	駆け足
かげん	加減
かこむ	囲む
かご	籠
かごう	化合
かごむ	囲む
かさい	火災
かさなる	重なる
かさねる	重ねる
かさ張る	かさばる
かざぐるま	風車
かざり	飾り
かざる	飾る
かざん	火山
かしいえ	貸家
かしこ	あそこ
かしこい	賢い
かしだし	貸出
かしつ	過失
かしま	貸間
かしや	貸家
かしゅ	歌手
かしら	頭
かじつ	果実
かじょう	過剰
かじょうがき	箇条書き
かすむ	霞む
かせい	火星
かせき	化石
かせぐ	稼ぐ
かぜい	課税
かそく	加速
かそくど	加速度
かぞいろ	父母
かぞいろは	父母
かぞえる	数える
かぞく	家族
かたがた	方々
かたぎ	気質
かたこと	片言
かたち	形
かたづけ	片付け
かたづける	片付ける
かたな	刀
かたぶく	傾く
かたまり	塊
かたまる	固まる
かたみち	片道
かたむく	傾く
かたむける	傾ける
かためる	固める
かたよる	片寄る
かたる	語る
かだい	課題
かだん	花壇
かちく	家畜
かちょう	課長
かっかん	客観
かっき	活気
かっこう	格好
かってに	勝手に
かっとう	割り当て
かっぱつ	活発
かつえる	飢える
かつぐ	担ぐ
かつじ	活字
かつどう	活動
かつやく	活躍
かつよう	活用
かつりょく	活力
かない	家内
かなう	叶う
かなえる	叶える
かなしい	悲しい
かなしむ	悲しむ
かなづかい	仮名遣い
かならず	必ず
かならずしも	必ずしも
かな使い	仮名遣い
かな遣い	仮名遣い
かにゅう	加入
かねつ	加熱
かねもち	お金持ち
かねる	兼ねる
かのう	可能
かのじょ	彼女
かはんすう	過半数
かびん	花瓶
かふん	花粉
かぶしき	株式
かぶせる	被せる
かまいません	構いません
かまえる	構える
かみきる	噛み切る
かみくず	紙屑
かみさま	神様
かみすり	かみそり
かみつ	過密
かみなり	雷
かみのけ	髪の毛
かみの毛	髪の毛
かみ切る	噛み切る
かむり	冠
かもく	科目
かもつ	貨物
かも知れない	かもしれない
かようび	火曜日
からだ	体
からだつき	体付き
からっぽ	空っぽ
からむ	絡む
かりる	借りる
かるい	軽い
かる多	かるた
かれこれ	あれこれ
かれら	彼ら
かれる	枯れる
かろい	軽い
かろう	過労
かわいがる	可愛がる
かわいらしい	可愛らしい
かわいーい	かわいい
かわえー	かわいい
かわかす	乾かす
かわし	為替
かわす	交わす
かわせ	為替
かわら	瓦
かわり	代わり
かわるがわる	代わる代わる
かわーい	かわいい
かんい	簡易
かんがい	灌漑
かんがえ	考え
かんがえる	考える
かんき	換気
かんきゃく	観客
かんきょう	環境
かんけい	関係
かんけつ	簡潔
かんげい	歓迎
かんげき	感激
かんげん	還元
かんこく	勧告
かんごふ	看護婦
かんさい	関西
かんさつ	観察
かんさん	換算
かんざん	換算
かんし	監視
かんしゃ	感謝
かんしょく	感触
かんじゃ	患者
かんじる	感じる
かんじん	肝心
かんする	関する
かんずる	感ずる
かんせつ	間接
かんぜい	関税
かんぜん	完全
かんそ	簡素
かんそく	観測
かんたい	寒帯
かんたん	簡単
かんちがい	勘違い
かんちょう	官庁
かんづめ	缶詰
かんてん	観点
かんでんち	乾電池
かんとう	関東
かんとく	監督
かんど	感度
かんどう	感動
かんねん	観念
かんばん	看板
かんぱい	乾杯
かんびょう	看病
かんぶ	幹部
かんぶり	冠
かんべん	勘弁
かんぺき	完璧
かんむり	冠
かんむりょう	感無量
かんゆう	勧誘
かんよ	関与
かんよう	寛容
かんらん	観覧
かんり	管理
かんれい	慣例
かんれき	還暦
かんれん	関連
かんろく	貫禄
か所	箇所
がいか	外貨
がいかん	外観
がいこう	外交
がいこく	外国
がいこくじん	外国人
がいしゅつ	外出
がいしょう	外相
がいする	害する
がいせつ	概説
がいねん	概念
がいぶ	外部
がいらい	外来
がいりゃく	概略
がいろん	概論
がくう	架空
がくげい	学芸
がくし	学士
がくしゃ	学者
がくしゅう	学習
がくじゅつ	学術
がくせい	学生
がくせつ	学説
がくねん	学年
がくふ	楽譜
がくぶ	学部
がくもん	学問
がくりょく	学力
がくれき	学歴
がっか	学科
がっかい	学会
がっきゅう	学級
がっこう	学校
がっしょう	合唱
がっち	合致
がっぺい	合併
がまん	我慢
がん	癌
がんか	眼科
がんきゅう	眼球
がんぐ	玩具
がんこ	頑固
がんしょ	願書
がんじつ	元日
がんじょう	頑丈
がんせき	岩石
がんにち	元日
がんねん	元年
がんばる	頑張る
がんぶつ	偽物
がんらい	元来
きあつ	気圧
きいろ	黄色
きいろい	黄色い
きえる	消える
きおく	記憶
きおん	気温
きかえる	着替える
きかざる	着飾る
きかんしゃ	機関車
きがい	危害
きがえ	着替え
きがえる	着替える
きがね	気兼ね
きがる	気軽
ききとり	聞き取り
ききめ	効き目
ききょう	帰京
きき眼	効き目
きぎょう	企業
きげき	喜劇
きこえる	聞こえる
きこん	既婚
きごう	記号
きさい	記載
きざし	兆
きざむ	刻む
きしつ	気質
きじつ	期日
きじゅつ	記述
きずつく	傷付く
きずつける	傷付ける
きせい	規制
きせつ	季節
きせる	着せる
きせん	汽船
きそう	寄贈
きそく	規則
きぞう	寄贈
きぞく	貴族
きたえる	鍛える
きたく	帰宅
きたない	汚い
きたる	来る
きだて	気立て
きちょう	貴重
きちょうめん	几帳面
きっさてん	喫茶店
きっちゃてん	喫茶店
きって	切手
きっぷ	切符
きづく	気付く
きてい	規定
きてん	起点
きどう	軌道
きにいる	気に入る
きにち	期日
きにゅう	記入
きねん	記念
きのどく	気の毒
きはい	気配
きはん	規範
きばん	基板
きひん	気品
きびしい	厳しい
きびす	かかと
きふう	気風
きふく	起伏
きぶん	気分
きほん	基本
きぼう	希望
きまぐれ	気まぐれ
きまじめ	生真面目
きまつ	期末
きまり	決まり
きまり悪い	きまりわるい
きまる	決まる
きみょう	奇妙
きめい	記名
きめる	決める
きもち	気持ち
きもの	着物
きゃく	客
きゃくしょく	脚色
きゃくせき	客席
きゃくほん	脚本
きゃくま	客間
きゃしゃ	華奢
きゃっかん	客観
きやく	規約
きゅうえん	救援
きゅうか	休暇
きゅうがく	休学
きゅうきょく	究極
きゅうぎょう	休業
きゅうくつ	窮屈
きゅうけい	休憩
きゅうげき	急激
きゅうこん	球根
きゅうさい	救済
きゅうしゅう	吸収
きゅうしょく	給食
きゅうじ	給仕
きゅうじょ	救助
きゅうせん	休戦
きゅうち	旧知
きゅうでん	宮殿
きゅうに	急に
きゅうぼう	窮乏
きゅうよ	給与
きゅうよう	休養
きょうい	驚異
きょういく	教育
きょうかしょ	教科書
きょうかん	共感
きょうがく	共学
きょうきゅう	供給
きょうくん	教訓
きょうぐう	境遇
きょうさく	凶作
きょうざい	教材
きょうしつ	教室
きょうしゅく	恐縮
きょうしょく	教職
きょうじる	興じる
きょうせい	強制
きょうそう	競争
きょうそん	共存
きょうぞん	共存
きょうつう	共通
きょうてい	協定
きょうど	郷土
きょうどう	共同
きょうはく	脅迫
きょうふ	恐怖
きょうみ	興味
きょうめい	共鳴
きょうよう	教養
きょうり	郷里
きょうれつ	強烈
きょうわ	共和
きょか	許可
きょく	局
きょくげん	局限
きょくせん	曲線
きょくたん	極端
きょじゅう	居住
きょぜつ	拒絶
きょだい	巨大
きょねん	去年
きょひ	拒否
きょよう	許容
きよい	清い
きよう	器用
きよらか	清らか
きらい	嫌い
きらう	嫌う
きり	切り
きりかえ	切り替え
きりつ	規律
きりゅう	気流
きれめ	切れ目
きれる	切れる
きれーい	きれい
きろく	記録
きわた	木綿
きわめて	極めて
きをつける	気を付ける
きんえん	禁煙
きんがく	金額
きんがん	近眼
きんきゅう	緊急
きんきん	近々
きんぎょ	金魚
きんこ	金庫
きんじょ	近所
きんじる	禁じる
きんせん	金銭
きんぞく	金属
きんだい	近代
きんちょう	緊張
きんにく	筋肉
きんべん	勤勉
きんむ	勤務
きんもつ	禁物
きんゆう	金融
きんようび	金曜日
きんろう	勤労
ぎあん	議案
ぎいん	議員
ぎかい	議会
ぎきょく	戯曲
ぎけつ	議決
ぎしき	儀式
ぎじどう	議事堂
ぎじゅつ	技術
ぎせい	犠牲
ぎぞう	偽造
ぎだい	議題
ぎちょう	議長
ぎっちり	ぎっしり
ぎのう	技能
ぎぶつ	偽物
ぎもん	疑問
ぎゃく	逆
ぎゃくてん	逆転
ぎゅう	牛
ぎゅうにく	牛肉
ぎゅうにゅう	牛乳
ぎょうぎ	行儀
ぎょうしゃ	業者
ぎょうじ	行事
ぎょうせい	行政
ぎょうせき	業績
ぎょうむ	業務
ぎょうれつ	行列
ぎょぎょう	漁業
ぎょせん	漁船
ぎょそん	漁村
ぎろん	議論
ぎわく	疑惑
ぎんこう	銀行
ぎんみ	吟味
くいき	区域
くいちがう	食い違う
くい違う	食い違う
くうかん	空間
くうき	空気
くうこう	空港
くうそう	空想
くうちゅう	空中
くうふく	空腹
くかく	区画
くかん	区間
くぎり	区切り
くぎる	区切る
くくむ	含む
くさい	臭い
くさめ	くしゃみ
くさり	鎖
くさる	腐る
くしん	苦心
くじょう	苦情
くじ引き	くじびき
くすり	薬
くすりゆび	薬指
くすり指	薬指
くずす	崩す
くずれる	崩れる
くせー	臭い
くだく	砕く
くだける	砕ける
くだもの	果物
くだり	下り
くだる	下る
くちずさむ	口ずさむ
くちびる	唇
くちべに	口紅
くちる	朽ちる
くっさめ	くしゃみ
くっせつ	屈折
くっせー	臭い
くっだらない	くだらない
くっだらねえ	くだらない
くっだらねー	くだらない
くっ付く	くっつく
くっ付ける	くっつける
くつう	苦痛
くつがえす	覆す
くつした	靴下
くつ下	靴下
くとうてん	句読点
くにざかい	国境
くばる	配る
くび	首
くびかざり	首飾り
くびす	かかと
くびわ	首輪
くふう	工夫
くぶん	区分
くべつ	区別
くみあい	組合
くみあわせ	組み合わせ
くみあわせる	組み合わせる
くみこむ	組み込む
くみたてる	組み立てる
くみ込む	組み込む
くもり	曇り
くもる	曇る
くやしい	悔しい
くやしーい	悔しい
くやむ	悔やむ
くらし	暮らし
くらす	暮らす
くらべる	比べる
くりかえす	繰り返す
くり返す	繰り返す
くる	来る
くるう	狂う
くるしい	苦しい
くるしむ	苦しむ
くるま	車
くろい	黒い
くろう	苦労
くろうと	玄人
くろじ	黒字
くろと	玄人
くわしい	詳しい
くわわる	加わる
くんしゅ	君主
くんれん	訓練
ぐあい	具合
ぐうすう	偶数
ぐうぜん	偶然
ぐたい	具体
ぐらし	暮らし
ぐわい	具合
ぐんかん	軍艦
ぐんしゅ	群衆
ぐんじ	軍事
ぐんじゅ	群衆
ぐんたい	軍隊
ぐんび	軍備
ぐんぷく	軍服
けいえい	経営
けいか	経過
けいかく	計画
けいかくする	計画
けいかん	警官
けいぐ	敬具
けいけん	経験
けいけんする	経験
けいげん	軽減
けいこ	稽古
けいこう	傾向
けいこうとう	蛍光灯
けいこう灯	蛍光灯
けいこく	警告
けいご	敬語
けいさい	掲載
けいさつ	警察
けいさん	計算
けいざい	経済
けいしき	形式
けいしゃ	傾斜
けいしょく	景色
けいそつ	軽率
けいぞく	継続
けいと	毛糸
けいとう	系統
けいど	経度
けいにく	鶏肉
けいば	競馬
けいばつ	刑罰
けいひ	経費
けいび	警備
けいぶ	警部
けいべつ	軽蔑
けいやく	契約
けいゆ	経由
けいゆう	経由
けいようし	形容詞
けいようどうし	形容動詞
けいれき	経歴
けいろ	経路
けい光灯	蛍光灯
けがわ	毛皮
けしき	景色
けしごむ	消しゴム
けして	決して
けしょう	化粧
けしゴム	消しゴム
けずる	削る
けそう	化粧
けだもの	獣
けっか	結果
けっかく	結核
けっきょく	結局
けっこん	結婚
けっさく	傑作
けっさん	決算
けっして	決して
けっしん	決心
けっせい	結成
けっせき	欠席
けっそく	結束
けってい	決定
けってん	欠点
けつあつ	血圧
けつい	決意
けつえき	血液
けつぎ	決議
けつごう	結合
けつだん	決断
けつぼう	欠乏
けつろん	結論
けとば	言葉
けとばす	蹴飛ばす
けはい	気配
けぶい	煙い
けぶたい	煙たい
けぶり	煙
けぶる	煙る
けむい	煙い
けむたい	煙たい
けむり	煙
けむる	煙る
けもの	獣
けらい	家来
けわい	化粧
けわしい	険しい
けんい	権威
けんかい	見解
けんがく	見学
けんきゅう	研究
けんきゅうしつ	研究室
けんきょ	謙虚
けんぎょう	兼業
けんげん	権限
けんこう	健康
けんさ	検査
けんざい	健在
けんしゅう	研修
けんしょう	懸賞
けんじ	検事
けんせつ	建設
けんぜん	健全
けんそん	謙遜
けんち	見地
けんちく	建築
けんちょう	県庁
けんびきょう	顕微鏡
けんぶつ	見物
けんぼう	憲法
けんぽう	憲法
けんやく	倹約
けんよう	兼用
けんり	権利
けんりょく	権力
け飛ばす	蹴飛ばす
げいいん	原因
げいじゅつ	芸術
げいのう	芸能
げきじょう	劇場
げきぞう	激増
げきだん	劇団
げきれい	激励
げしゃ	下車
げしゅく	下宿
げじゅん	下旬
げすい	下水
げっきゅう	月給
げっしゃ	月謝
げっぷ	月賦
げつじ	月並み
げつまつ	月末
げつようび	月曜日
げひん	下品
げんいん	原因
げんかい	限界
げんかん	玄関
げんき	元気
げんきょ	言語
げんきん	現金
げんご	言語
げんさく	原作
げんさん	原産
げんざい	現在
げんしゅ	元首
げんしょ	原書
げんじつ	現実
げんじゅう	厳重
げんそ	元素
げんそく	原則
げんぞう	現像
げんだい	現代
げんち	現地
げんちょう	厳重
げんてい	限定
げんど	限度
げんに	現に
げんば	現場
げんばく	原爆
げんぶん	原文
げんみつ	厳密
げんゆ	原油
げんり	原理
げんりょう	原料
げんろん	言論
こいしい	恋しい
こいする	恋する
こいびと	恋人
こういん	工員
こううん	幸運
こうかん	交換
こうがく	工学
こうきゅう	高級
こうきょ	皇居
こうぎょ	皇居
こうくう	航空
こうけい	光景
こうけん	貢献
こうげい	工芸
こうげき	攻撃
こうげん	高原
こうこうせい	高校生
こうこうと	煌々と
こうこがく	考古学
こうこく	広告
こうご	交互
こうさ	交差
こうさい	交際
こうさてん	交差点
こうざん	鉱山
こうし	講師
こうしき	公式
こうしょく	黄色
こうしん	行進
こうしんりょう	香辛料
こうじ	工事
こうじつ	口実
こうじゅつ	口述
こうじょ	控除
こうずい	洪水
こうせき	功績
こうせん	光線
こうぜん	公然
こうぞう	構造
こうたく	光沢
こうだん	公団
こうち	耕地
こうちゃ	紅茶
こうつう	交通
こうつうきかん	交通機関
こうとうがっこう	高等学校
こうど	高度
こうにゅう	購入
こうにん	公認
こうねつひ	光熱費
こうば	工場
こうばい	購買
こうばん	交番
こうふ	交付
こうふん	興奮
こうぶつ	鉱物
こうへい	公平
こうほ	候補
こうぼ	公募
こうみょう	巧妙
こうむ	公務
こうむいん	公務員
こうもく	項目
こうり	小売
こうりゅう	交流
こうりょ	考慮
こうりょく	効力
こおる	凍る
こがす	焦がす
こがら	小柄
こきゅう	呼吸
こきょう	故郷
こぎって	小切手
こくおう	国王
こくご	国語
こくさい	国際
こくさん	国産
こくてい	国定
こくはく	告白
こくばん	黒板
こくふく	克服
こくぼう	国防
こくみん	国民
こくもつ	穀物
こくゆう	国有
こくりつ	国立
こくれん	国連
こげちゃ	焦げ茶
こげる	焦げる
こげ茶	焦げ茶
ここち	心地
ここぬか	九日
ここのか	九日
ここのつ	九つ
こころ	心
こころあたり	心当たり
こころえ	心得
こころえる	心得る
こころがけ	心掛け
こころがける	心掛ける
こころざし	志
こころざす	志す
こころづよい	心強い
こころぼそい	心細い
こころみ	試み
こころみる	試みる
こころよい	快い
こころ細い	心細い
こごえる	凍える
こしかけ	腰掛け
こしかける	腰掛ける
こしょうする	故障
こすい	ずるい
こずえ	梢
こずかい	小遣い
こせい	個性
こせき	戸籍
こぜに	小銭
こたい	個体
こたえ	答え
こだい	古代
こちょう	誇張
こっか	国家
こっかい	国会
こっきょう	国境
こっけい	滑稽
こっこう	国交
こっせつ	骨折
こっとうひん	骨董品
こづかい	小遣い
こづつみ	小包
こてい	固定
こてん	古典
ことがら	事柄
ことし	今年
ことづけ	言付け
ことづける	言付ける
ことなる	異なる
ことに	殊に
ことば	言葉
ことばづかい	言葉遣い
ことば使い	言葉遣い
ことば遣い	言葉遣い
ことゆえ	事故
ことり	小鳥
ことわざ	諺
ことわる	断る
こどく	孤独
こども	子供
こなごな	粉々
こにちは	こんにちは
こにちわ	こんにちは
このあいだ	この間
このかん	この間
このごろ	この頃
このましい	好ましい
このみ	好み
このむ	好む
こべつ	個別
こまかい	細かい
こまやか	細やか
こまる	困る
こむぎ	小麦
こめる	込める
こもる	籠もる
こゆう	固有
こゆび	小指
こよみ	暦
こらえる	堪える
こらす	凝らす
こりつ	孤立
こりる	懲りる
これ等	これら
ころがす	転がす
ころがる	転がる
ころす	殺す
ころぶ	転ぶ
こわい	怖い
こわす	壊す
こわれる	壊れる
こんかい	今回
こんき	根気
こんきょ	根拠
こんけつ	混血
こんげつ	今月
こんご	今後
こんごう	混合
こんざつ	混雑
こんしゅう	今週
こんじつ	今日
こんだて	献立
こんち	今日
こんちゅう	昆虫
こんちょう	今朝
こんてい	根底
こんど	今度
こんどう	混同
こんなん	困難
こんにち	今日
こんにちわ	こんにちは
こんねん	今年
こんばん	今晩
こんばんわ	こんばんは
こんぼん	根本
こんぽん	根本
こんや	今夜
こんやく	婚約
こんらん	混乱
ごうい	合意
ごういん	強引
ごうか	豪華
ごうかく	合格
ごうぎ	合議
ごうけい	合計
ごうせい	合成
ごうとう	強盗
ごうどう	合同
ごうり	合理
ごうりゅう	合流
ごえい	護衛
ごかい	誤解
ごがく	語学
ごくらく	極楽
ごくろうさま	ご苦労様
ごくろーさま	ご苦労様
ごげん	語源
ごしゅじん	ご主人
ごじつ	期日
ごじゅうおん	五十音
ごぜん	午前
ごぞんじ	ご存じ
ごにち	五日
ごはん	ご飯
ごばん	碁盤
ごぶさた	御無沙汰
ごめん下さい	ごめんください
ごらく	娯楽
ごんご	言語
ご不沙汰	御無沙汰
ご免	ごめん
ご免ください	ごめんください
ご免なさい	ごめんなさい
ご免下さい	ごめんください
ご存知	ご存じ
ご無沙汰	御無沙汰
ご苦労さま	ご苦労様
ご覧	ごらん
ご覧になる	ごらんになる
ご馳走	ごちそう
ご馳走さま	ごちそうさま
ご馳走様	ごちそうさま
さいかい	再会
さいがい	災害
さいく	細工
さいくつ	採掘
さいけつ	採決
さいけん	再建
さいげん	再現
さいこう	最高
さいご	最後
さいしょ	最初
さいじつ	祭日
さいせい	再生
さいぜん	最善
さいそく	催促
さいたく	採択
さいちゅう	最中
さいてい	最低
さいてん	採点
さいてー	最低
さいなん	災難
さいのう	才能
さいはつ	再発
さいばい	栽培
さいばん	裁判
さいふ	財布
さいぼう	細胞
さいよう	採用
さいわい	幸い
さえぎる	遮る
さえる	冴える
さかい	境
さかえる	栄える
さかさ	逆さ
さかさま	逆さま
さかずき	杯
さかだち	逆立ち
さかづき	杯
さかな	魚
さかのぼる	遡る
さかば	酒場
さからう	逆らう
さかり	盛り
さかん	盛ん
さか立ち	逆立ち
さがく	差額
さがる	下がる
さきおとつい	一昨昨日
さきおととい	一昨昨日
さきほど	先程
さぎょう	作業
さくいん	索引
さくげん	削減
さくご	錯誤
さくしゃ	作者
さくじつ	昨日
さくじょ	削除
さくせん	作戦
さくひん	作品
さくぶん	作文
さくほう	作法
さくもつ	作物
さくら	桜
さぐる	探る
さけび	叫び
さけぶ	叫ぶ
さげる	下げる
ささえる	支える
ささげる	捧げる
ささる	刺さる
さしあげる	差し上げる
さしかかる	差し掛かる
さしず	指図
さしだす	差し出す
さしつかえ	差し支え
さしつかえる	差し支える
さしひき	差し引き
さしみ	刺身
さし上げる	差し上げる
さし出す	差し出す
さする	摩する
さずける	授ける
さそう	誘う
さだまる	定まる
さだめ	運命
さだめる	定める
さっか	作家
さっきゅう	早急
さっきょく	作曲
さっし	ブラシ
さっする	察する
さっそく	早速
さつえい	撮影
さとう	砂糖
さとる	悟る
さなか	最中
さびしい	寂しい
さびる	錆びる
さぶい	寒い
さべつ	差別
さほう	作法
さぼる	サボる
さまざま	様々
さまたげる	妨げる
さみしい	寂しい
さみせん	三味線
さむい	寒い
さむけ	寒気
さゆう	左右
さよう	作用
さよーなら	さようなら
さらいげつ	再来月
さらいしゅう	再来週
さらいねん	再来年
さる	猿
さわがしい	騒がしい
さわぎ	騒ぎ
さわぐ	騒ぐ
さんかく	三角
さんがく	山岳
さんきゅう	産休
さんきょう	桟橋
さんぎいん	参議院
さんぎょう	産業
さんこう	参考
さんご	産後
さんしゅつ	産出
さんしょう	参照
さんじょう	参上
さんすう	算数
さんそ	酸素
さんち	産地
さんばし	桟橋
さんび	賛美
さんふじんか	産婦人科
さんぶつ	産物
さんぷく	山腹
さんぽ	散歩
さんみゃく	山脈
さんりん	山林
さ中	最中
さ来年	再来年
さ来月	再来月
さ来週	再来週
ざいがく	在学
ざいげん	財源
ざいこ	在庫
ざいさん	財産
ざいせい	財政
ざいもく	材木
ざいりょう	材料
ざしき	座敷
ざせき	座席
ざだんかい	座談会
ざっか	雑貨
ざっし	雑誌
ざつおん	雑音
ざつだん	雑談
ざつぼく	雑木
ざひょう	座標
ざぶとん	座布団
ざり	じゃり
ざんきん	残金
ざんこく	残酷
ざんだか	残高
ざんねん	残念
しあい	試合
しあがり	仕上がり
しあがる	仕上がる
しあげ	仕上げ
しあげる	仕上げる
しあさって	明々後日
しあわせ	幸せ
しいく	飼育
しいて	強いて
しいる	強いる
しいれる	仕入れる
しおから	塩辛
しおからい	塩辛い
しかい	司会
しかくい	四角い
しかけ	仕掛け
しかける	仕掛ける
しかして	そして
しかた	仕方
しかたがない	仕方がない
しかる	叱る
しきさい	色彩
しきじょう	式場
しきち	敷地
しきる	仕切る
しきん	資金
しぎょう	施行
しくみ	仕組み
しけい	死刑
しける	湿気る
しけん	試験
しげき	刺激
しげる	茂る
しげん	資源
しごと	仕事
しさつ	視察
しさん	資産
ししゃごにゅう	四捨五入
ししゅう	刺繍
ししゅつ	支出
しじゅう	始終
しじょう	市場
しじん	詩人
しずか	静か
しずく	雫
しずまる	静まる
しずむ	沈む
しずめる	沈める
しせい	姿勢
しせつ	施設
しぜん	自然
しぜんかがく	自然科学
しそう	思想
しそく	子息
しそん	子孫
したい	死体
したう	慕う
したがう	従う
したがき	下書き
したぎ	下着
したく	支度
したくする	支度
したごころ	下心
したしい	親しい
したしむ	親しむ
したしらべ	下調べ
したじ	下地
したてる	仕立てる
したどり	下取り
したび	下火
したまち	下町
しだい	次第
しちらい	失礼
しっかく	失格
しっかし	しかし
しっき	湿気
しっきゃく	失脚
しっけ	湿気
しっける	湿気る
しっそ	質素
しっちょう	失調
しっと	嫉妬
しっぱい	失敗
しっぴつ	執筆
しつぎ	質疑
しつぎょう	失業
しつっこい	しつこい
しつど	湿度
しつぼう	失望
しつもん	質問
しつらい	失礼
しつれい	失礼
しつれん	失恋
してい	指定
してき	指摘
してつ	私鉄
しとる	湿る
しどう	指導
しな	品
しなもの	品物
しにょう	屎尿
しのぐ	凌ぐ
しはい	支配
しはつ	始発
しはらい	支払い
しはらう	支払う
しばい	芝居
しばふ	芝生
しばる	縛る
しぶつ	私物
しへい	紙幣
しほう	司法
しほん	資本
しぼる	絞る
しま	島
しまい	姉妹
しまつ	始末
しまる	閉まる
しみる	染みる
しみん	市民
しめきり	締め切り
しめきる	締め切る
しめす	示す
しゃかい	社会
しゃかいかがく	社会科学
しゃこ	車庫
しゃこう	社交
しゃしょう	車掌
しゃしん	写真
しゃじ	さじ
しゃせい	写生
しゃせつ	社説
しゃぜつ	謝絶
しゃたく	社宅
しゃちょう	社長
しゃっきん	借金
しゃべち	差別
しゃべつ	差別
しゃみせん	三味線
しゃめん	斜面
しゃりん	車輪
しゃれ	洒落
しゃれる	洒落る
しやわせ	幸せ
しゅうい	周囲
しゅうえき	収益
しゅうかい	集会
しゅうかく	収穫
しゅうかん	習慣
しゅうがく	修学
しゅうき	周期
しゅうきょう	宗教
しゅうきん	集金
しゅうぎいん	衆議院
しゅうぎょう	就業
しゅうけい	集計
しゅうげき	襲撃
しゅうごう	集合
しゅうしゅう	収集
しゅうじ	習字
しゅうじつ	終日
しゅうじゃく	執着
しゅうせい	修正
しゅうぜん	修繕
しゅうだん	集団
しゅうちゃく	執着
しゅうちゅう	集中
しゅうてん	終点
しゅうにゅう	収入
しゅうにん	就任
しゅうへん	周辺
しゅうよう	収容
しゅうりょう	終了
しゅえい	守衛
しゅえん	主演
しゅかん	主観
しゅぎ	主義
しゅぎょう	修行
しゅく	粥
しゅくが	祝賀
しゅくしょう	縮小
しゅくじつ	祝日
しゅくだい	宿題
しゅくはく	宿泊
しゅくめい	宿命
しゅけん	主権
しゅげい	手芸
しゅご	主語
しゅさい	主催
しゅざい	取材
しゅし	趣旨
しゅしゅつ	輸出
しゅしょう	首相
しゅしょく	主食
しゅじゅ	種々
しゅじゅつ	手術
しゅじん	主人
しゅじんこう	主人公
しゅずつ	手術
しゅたい	主体
しゅだい	主題
しゅだん	手段
しゅちょう	主張
しゅっきん	出勤
しゅっけつ	出血
しゅっさん	出産
しゅっしゃ	出社
しゅっしょう	出生
しゅっしん	出身
しゅっせ	出世
しゅっせい	出生
しゅっせき	出席
しゅっせきする	出席
しゅっちょう	出張
しゅっぱつ	出発
しゅっぱつする	出発
しゅっぱん	出版
しゅっぴ	出費
しゅっぴん	出品
しゅつえん	出演
しゅつげん	出現
しゅつじょう	出場
しゅつだい	出題
しゅつどう	出動
しゅと	首都
しゅどう	主導
しゅにゅう	輸入
しゅにん	主任
しゅのう	首脳
しゅび	守備
しゅふ	主婦
しゅほう	手法
しゅみ	趣味
しゅやく	主役
しゅよう	主要
しゅるい	種類
しゅんかん	瞬間
しゆう	私有
しょうおく	小屋
しょうか	消化
しょうかい	紹介
しょうがくきん	奨学金
しょうがくせい	小学生
しょうがっきん	奨学金
しょうがっこう	小学校
しょうがつ	正月
しょうが無い	しょうがない
しょうきょ	消去
しょうきょくてき	消極的
しょうきん	賞金
しょうぎ	将棋
しょうぎょう	商業
しょうげき	衝撃
しょうげん	証言
しょうこ	証拠
しょうこう	消耗
しょうご	正午
しょうごう	照合
しょうさい	詳細
しょうし	生死
しょうしゃ	商社
しょうしょう	少々
しょうしん	昇進
しょうじき	正直
しょうじょ	少女
しょうじょう	症状
しょうじる	生じる
しょうじん	昇進
しょうすう	小数
しょうする	称する
しょうずる	生ずる
しょうせつ	小説
しょうそく	消息
しょうそこ	消息
しょうたいする	招待
しょうだい	招待
しょうだく	承諾
しょうち	承知
しょうちする	承知
しょうちょう	象徴
しょうとつ	衝突
しょうどく	消毒
しょうにか	小児科
しょうねん	少年
しょうはい	勝敗
しょうばい	商売
しょうひ	消費
しょうぶ	勝負
しょうべん	小便
しょうぼう	消防
しょうぼうしょ	消防署
しょうみ	正味
しょうめん	正面
しょうもう	消耗
しょうゆ	醤油
しょうゆう	醤油
しょうらい	将来
しょうり	勝利
しょうりゃく	省略
しょうれい	奨励
しょう油	醤油
しょきゅう	初級
しょく	職
しょくいん	職員
しょくえん	食塩
しょくぎょう	職業
しょくじ	食事
しょくじする	食事
しょくたく	食卓
しょくどう	食堂
しょくにん	職人
しょくば	職場
しょくひん	食品
しょくぶつ	植物
しょくみんち	植民地
しょくむ	職務
しょくもつ	食物
しょくよく	食欲
しょくりょうひん	食料品
しょくん	諸君
しょさい	書斎
しょざい	所在
しょしょ	ところどころ
しょじ	所持
しょじゃく	書籍
しょじゅん	初旬
しょせき	書籍
しょぞく	所属
しょち	処置
しょっき	食器
しょてい	所定
しょてん	書店
しょとく	所得
しょどう	書道
しょはん	初版
しょばつ	処罰
しょひょう	書評
しょぶん	処分
しょほ	初歩
しょみん	庶民
しょむ	庶務
しょめい	署名
しょもつ	書物
しょゆう	所有
しょり	処理
しょるい	書類
しょんべん	小便
しょーがない	しょうがない
しようがない	しょうがない
しようが無い	しょうがない
しようにん	使用人
しらかみ	白髪
しらが	白髪
しらせ	知らせ
しらせる	知らせる
しらびと	素人
しらべ	調べ
しらべる	調べる
しりあい	知り合い
しりお	しっぽ
しりつ	私立
しりょう	資料
しるし	印
しるす	記す
しれい	指令
しろい	白い
しろうと	素人
しろかみ	白髪
しろと	素人
しわぶき	咳
しんか	進化
しんかんせん	新幹線
しんがく	進学
しんぎ	審議
しんくう	真空
しんけい	神経
しんけん	真剣
しんこん	新婚
しんごう	信号
しんさ	審査
しんさつ	診察
しんし	紳士
しんしゅつ	進出
しんしん	心身
しんじち	真実
しんじつ	真実
しんじゃ	信者
しんじゅ	真珠
しんじゅう	心中
しんじょう	心情
しんじる	信じる
しんずる	信ずる
しんせき	親戚
しんせつ	親切
しんせん	新鮮
しんぜん	親善
しんそう	真相
しんぞう	心臓
しんたい	身体
しんだん	診断
しんちく	新築
しんぢゅう	心中
しんてん	進展
しんでん	神殿
しんど	進度
しんどう	振動
しんにゅう	侵入
しんにゅうせい	新入生
しんにん	信任
しんばん	審判
しんぱい	心配
しんぱいする	心配
しんぱん	審判
しんぴ	神秘
しんぶん	新聞
しんぶんしゃ	新聞社
しんぼう	辛抱
しんぽ	進歩
しんや	深夜
しんゆう	親友
しんよう	信用
しんらい	信頼
しんりゃく	侵略
しんりょう	診療
しんりん	森林
しんるい	親類
しんろ	針路
しんわ	神話
し好	嗜好
し尿	屎尿
し掛ける	仕掛ける
し方がない	仕方がない
じいっと	じっと
じいん	寺院
じえい	自衛
じかく	自覚
じかに	直に
じかん	時間
じかんわり	時間割
じけん	事件
じこう	事項
じこく	時刻
じこくひょう	時刻表
じごく	地獄
じさつ	自殺
じさん	持参
じざい	自在
じしゃく	磁石
じしゅう	自習
じしょ	辞書
じしょく	辞職
じじつ	事実
じじょう	事情
じせき	磁石
じぜん	事前
じそく	時速
じそんしん	自尊心
じぞく	持続
じたく	自宅
じだい	時代
じっか	実家
じっかん	実感
じっけん	実験
じっこう	実行
じっさい	実際
じっし	実施
じっしゅう	実習
じっせき	実績
じっせん	実践
じったい	実態
じっぴ	実費
じつぎょうか	実業家
じつげん	実現
じつに	実に
じつは	実は
じつぶつ	実物
じつよう	実用
じつりょく	実力
じつれい	実例
じてんしゃ	自転車
じでんしゃ	自転車
じどうしゃ	自動車
じぬし	地主
じばん	地盤
じびか	耳鼻科
じびき	字引
じぶん	自分
じまん	自慢
じむしょ	事務所
じめん	地面
じもと	地元
じゃく	弱
じゃくてん	弱点
じゃぐち	蛇口
じゃっかん	若干
じゃま	邪魔
じゃん拳	じゃんけん
じゃ口	蛇口
じゅうきょ	住居
じゅうぎょういん	従業員
じゅうけいてい	いとこ
じゅうし	重視
じゅうしまい	いとこ
じゅうしょ	住所
じゅうじ	従事
じゅうじつ	充実
じゅうじろ	十字路
じゅうたく	住宅
じゅうだい	重大
じゅうてん	重点
じゅうどう	柔道
じゅうなん	柔軟
じゅうふく	重複
じゅうぶん	十分
じゅうほう	重宝
じゅうみん	住民
じゅうやく	重役
じゅうよう	重要
じゅうらい	従来
じゅうりょう	重量
じゅうりょく	重力
じゅぎょう	授業
じゅく	塾
じゅくご	熟語
じゅけん	受験
じゅつご	述語
じゅみょう	寿命
じゅもく	樹木
じゅよう	需要
じゅりつ	樹立
じゅわき	受話器
じゅん	順
じゅんかん	循環
じゅんきゅう	準急
じゅんさ	巡査
じゅんじゅん	順々
じゅんじょ	順序
じゅんじょう	純情
じゅんじる	準じる
じゅんすい	純粋
じゅんちょう	順調
じゅんばん	順番
じゅんび	準備
じゅんびする	準備
じゆう	自由
じょうえん	上演
じょうおう	女王
じょうか	城下
じょうかく	乗客
じょうき	蒸気
じょうきゃく	乗客
じょうきゅう	上級
じょうぎ	定規
じょうくう	上空
じょうけん	条件
じょうげ	上下
じょうし	上司
じょうしき	常識
じょうしゃ	乗車
じょうしゅ	上手
じょうしょ	情緒
じょうしょう	上昇
じょうじゅん	上旬
じょうず	上手
じょうせい	情勢
じょうたい	状態
じょうたつ	上達
じょうだん	冗談
じょうちょ	情緒
じょうて	上手
じょうとう	上等
じょうねつ	情熱
じょうはつ	蒸発
じょうひん	上品
じょうぶ	丈夫
じょうほ	譲歩
じょうほう	情報
じょうやく	条約
じょうり	草履
じょうりく	上陸
じょうりゅう	蒸溜
じょおう	女王
じょがい	除外
じょきょうじゅ	助教授
じょく	恥
じょげん	助言
じょこう	徐行
じょごん	助言
じょしゅ	助手
じょじょに	徐々に
じょせい	女性
じょどうし	助動詞
じょゆう	女優
じりつ	自立
じりょう	治療
じんえい	人影
じんかく	人格
じんざい	人材
じんしゃ	神社
じんしゅ	人種
じんじ	人事
じんじゃ	神社
じんせい	人生
じんそく	迅速
じんぞう	人造
じんたい	人体
じんぶつ	人物
じんぶんかがく	人文科学
じんみん	人民
じんめい	人命
じんもく	人目
じんるい	人類
じーっと	じっと
じーと	じっと
すいえい	水泳
すいき	水気
すいげん	水源
すいさん	水産
すいしん	推進
すいじ	炊事
すいじゅん	水準
すいじょうき	水蒸気
すいそ	水素
すいそう	吹奏
すいそく	推測
すいちょく	垂直
すいてい	推定
すいてき	水滴
すいでん	水田
すいとう	水筒
すいどう	水道
すいぶん	水分
すいへい	水平
すいへいせん	水平線
すいみん	睡眠
すいめん	水面
すいよう	水曜
すいようび	水曜日
すいり	推理
すうがく	数学
すうし	数詞
すうじ	数字
すうっと	すっと
すうはい	崇拝
すえっこ	末っ子
すえつける	据え付ける
すえる	据える
すがた	姿
すききらい	好き嫌い
すきずき	好き好き
すきとおる	透き通る
すきま	隙間
すき嫌い	好き嫌い
すき間	隙間
すぎょう	修行
すぎる	過ぎる
すくい	救い
すくう	救う
すくない	少ない
すぐれる	優れる
すこし	少し
すこしも	少しも
すこやか	健やか
すごす	過ごす
すごーい	すごい
すすみ	進み
すすむ	進む
すずしい	涼しい
すずむ	涼む
すっごーい	すごい
すてる	捨てる
すなお	素直
すばしっこい	すばしこい
すばやい	素早い
すばらしい	素晴らしい
すべて	全て
すべる	滑る
すませる	済ませる
すもう	相撲
するどい	鋭い
すれちがう	すれ違う
すれる	擦れる
すれ違い	すれちがい
すわる	座る
すんばらしい	素晴らしい
すんぽう	寸法
す早い	素早い
す速い	素早い
ずいひつ	随筆
ずい分	ずいぶん
ずうずうしい	図々しい
ずかん	図鑑
ずけい	図形
ずしょ	図書
ずしょかん	図書館
ずつう	頭痛
ずのう	頭脳
ずひょう	図表
ずぶ濡れ	ずぶぬれ
ずーずーしい	図々しい
せいかい	正解
せいかつ	生活
せいかつする	生活
せいきゅう	請求
せいぎ	正義
せいけい	生計
せいけつ	清潔
せいけん	政権
せいげん	制限
せいさい	制裁
せいさんする	生産
せいざ	星座
せいしき	正式
せいしつ	性質
せいしゅん	青春
せいしょうねん	青少年
せいしん	精神
せいじ	政治
せいじつ	誠実
せいじゅく	成熟
せいじゅん	清純
せいじょう	正常
せいじん	成人
せいすう	整数
せいする	制する
せいせき	成績
せいぜん	整然
せいぞう	製造
せいぞん	生存
せいだい	盛大
せいだく	清濁
せいてい	制定
せいてき	静的
せいてつ	製鉄
せいてん	晴天
せいでん	晴天
せいと	生徒
せいど	制度
せいねんがっぴ	生年月日
せいのう	性能
せいひん	製品
せいび	整備
せいふ	政府
せいぶつ	生物
せいぶん	成分
せいべつ	性別
せいほう	製法
せいほうけい	正方形
せいみつ	精密
せいもん	正門
せいやく	制約
せいよう	西洋
せいりつ	成立
せいりょく	勢力
せいれき	西暦
せいれつ	整列
せいろん	世論
せえ	せい
せおう	背負う
せかい	世界
せかす	急かす
せきじつ	夕日
せきたん	石炭
せきどう	赤道
せきにん	責任
せきむ	責務
せきゆ	石油
せけん	世間
せこう	施行
せたい	世帯
せだい	世代
せっかい	切開
せっきょくてき	積極的
せっきん	接近
せっけい	設計
せっけん	石鹸
せっしょく	接触
せっする	接する
せっち	設置
せっちゅう	折衷
せってい	設定
せっとく	説得
せつじつ	切実
せつぞく	接続
せつぞくし	接続詞
せつない	切ない
せつび	設備
せつめい	説明
せつやく	節約
せつりつ	設立
せともの	瀬戸物
せなか	背中
せびろ	背広
せまい	狭い
せまる	迫る
せめ	攻め
せりふ	セリフ
せろん	世論
せわする	世話
せんい	繊維
せんきょ	選挙
せんきょう	宣教
せんげつ	先月
せんげん	宣言
せんさい	戦災
せんざい	洗剤
せんしゅ	選手
せんじつ	先日
せんじゅつ	戦術
せんす	扇子
せんすい	潜水
せんせんげつ	先々月
せんせんしゅう	先々週
せんそう	戦争
せんそく	はだし
せんぞ	先祖
せんたん	先端
せんだい	先代
せんだって	先だって
せんちゃく	先着
せんてんてき	先天的
せんでん	宣伝
せんにゅう	潜入
せんぱい	先輩
せんぱく	船舶
せんびん	船便
せんぷうき	扇風機
せんめん	洗面
せんもん	専門
せんよう	専用
せんりょう	占領
せんりょく	戦力
せんろ	線路
ぜいいん	全員
ぜいかん	税関
ぜいきん	税金
ぜいたく	贅沢
ぜいむしょ	税務署
ぜせい	是正
ぜったい	絶対
ぜっぱん	絶版
ぜつめつ	絶滅
ぜんいん	全員
ぜんかい	全快
ぜんこく	全国
ぜんご	前後
ぜんしゃ	前者
ぜんしゅう	全集
ぜんせい	全盛
ぜんぜん	全然
ぜんたい	全体
ぜんっぜん	全然
ぜんてい	前提
ぜんと	前途
ぜんぱん	全般
ぜんぶ	全部
ぜんまい	ばね
ぜんめつ	全滅
ぜんりょう	善良
ぜんりょく	全力
ぜんれい	前例
そうい	相違
そうおう	相応
そうおん	騒音
そうかい	総会
そうかん	創刊
そうきゅう	早急
そうきん	送金
そうこ	倉庫
そうこう	走行
そうご	相互
そうごう	総合
そうし	双子
そうしき	葬式
そうしょく	装飾
そうじ	掃除
そうじゅう	操縦
そうぞうしい	騒々しい
そうぞく	相続
そうたい	相対
そうだい	壮大
そうだん	相談
そうだんする	相談
そうち	装置
そうとう	相当
そうどう	騒動
そうなん	遭難
そうば	相場
そうび	装備
そうべつ	送別
そうりだいじん	総理大臣
そうりつ	創立
そうりょう	送料
そう言えば	そういえば
そえる	添える
そおお	そう
そくざに	即座に
そくしん	促進
そくする	即する
そくせき	足跡
そくたつ	速達
そくてい	測定
そくど	速度
そくばく	束縛
そくめん	側面
そくりょう	測量
そくりょく	速力
そこなう	損なう
そざい	素材
そしき	組織
そしつ	素質
そしょう	訴訟
そしょく	組織
そせん	祖先
そだち	育ち
そだつ	育つ
そだてる	育てる
そっちょく	率直
そつぎょう	卒業
そで	袖
そとぐに	外国
そとで	外出
そなえつける	備え付ける
そなえる	備える
そのた	その他
そのほか	その他
そのまんま	そのまま
その上	そのうえ
その儘	そのまま
その内	そのうち
その外	その他
その為	そのため
その頃	そのころ
そぼく	素朴
そまつ	粗末
そまる	染まる
そむく	背く
そめる	染める
それ故	それゆえ
それ程	それほど
そろい	揃い
そろう	揃う
そろえる	揃える
そん	その
そんがい	損害
そんけい	尊敬
そんざい	存在
そんしつ	損失
そんぞく	存続
そんちょう	尊重
そんとく	損得
そーう	そう
そーお	そう
ぞうか	増加
ぞうき	雑木
ぞうきょう	増強
ぞうきん	雑巾
ぞうげん	増減
ぞうしょう	蔵相
ぞうしん	増進
ぞうせん	造船
ぞうだい	増大
ぞうぼく	雑木
ぞうり	草履
ぞくする	属する
ぞくぞく	続々
ぞんじる	存じる
ぞんずる	存ずる
たいいく	体育
たいいん	退院
たいいんする	退院
たいおう	対応
たいおん	体温
たいかい	大会
たいかく	体格
たいがい	大概
たいがく	退学
たいき	大気
たいきん	大金
たいく	体育
たいくつ	退屈
たいぐう	待遇
たいけい	体系
たいけつ	対決
たいけん	体験
たいこ	太鼓
たいこう	対抗
たいさい	体裁
たいさく	対策
たいざい	滞在
たいし	大使
たいしかん	大使館
たいした	大した
たいして	大して
たいしゅう	大衆
たいしょ	対処
たいしょく	退職
たいじ	退治
たいじゅう	体重
たいする	対する
たいせき	体積
たいせち	大切
たいせつ	大切
たいせん	大戦
たいぜい	大勢
たいだん	対談
たいとう	対等
たいど	態度
たいのう	滞納
たいはん	大半
たいひ	対比
たいふう	台風
たいぶ	大部
たいへん	大変
たいほ	逮捕
たいぼう	待望
たいぼく	大木
たいまん	怠慢
たいめ	対面
たいめん	対面
たいよう	太陽
たいら	平ら
たいりく	大陸
たいりつ	対立
たいりょく	体力
たいわ	対話
たうえ	田植え
たえず	絶えず
たおす	倒す
たおれる	倒れる
たかい	高い
たかまる	高まる
たかめる	高める
たから	宝
たかーい	高い
たがい	互い
たがやす	耕す
たきび	焚き火
たき火	焚き火
たくみ	巧み
たくわえる	蓄える
たしかめる	確かめる
たしざん	足し算
たしょう	多少
たし算	足し算
たすうけつ	多数決
たすかる	助かる
たすけ	助け
たすける	助ける
たずさわる	携わる
たたかい	戦い
たたかう	戦う
たたく	叩く
たたみ	畳
たたむ	畳む
ただしい	正しい
ただちに	直ちに
ただよう	漂う
ただ今	ただいま
たちあがる	立ち上がる
たちさる	立ち去る
たちとまる	立ち止まる
たちどまる	立ち止まる
たちば	立場
たちよる	立ち寄る
たち上がる	立ち上がる
たっかーい	高い
たっけー	高い
たっしゃ	達者
たっする	達する
たっせい	達成
たっとぶ	尊ぶ
たてかえる	立て替える
たてまえ	建前
たてまつる	奉る
たてもの	建物
たとえば	例えば
たとえる	例える
たどうし	他動詞
たどりつく	辿り着く
たどり着く	辿り着く
たなごころ	掌
たにん	他人
たね	種
たのしい	楽しい
たのしみ	楽しみ
たのしむ	楽しむ
たのむ	頼む
たのもしい	頼もしい
たばねる	束ねる
たぶん	多分
たべもの	食べ物
たべる	食べる
たほう	他方
たぼう	多忙
たまう	給う
たまご	卵
たましい	魂
たまり	溜まり
たまる	溜まる
たまわる	賜る
ためいき	溜息
ためし	試し
ためす	試す
ためる	溜める
ため息	溜息
たもつ	保つ
たゆむ	たるむ
たよう	多様
たより	便り
たよる	頼る
たりる	足りる
たるい	だるい
たれる	垂れる
たんい	単位
たんいつ	単一
たんけん	探検
たんこう	炭鉱
たんご	単語
たんしゅく	短縮
たんしょ	短所
たんじゅん	単純
たんじょう	誕生
たんじょうび	誕生日
たんすい	淡水
たんすう	単数
たんそ	炭素
たんだい	短大
たんちょう	単調
たんとう	担当
たんどく	単独
たんなる	単なる
たんに	単に
たんぱ	短波
たんぱくしつ	蛋白質
たんぱく質	蛋白質
たんび	度
たんぺん	短編
たんぼ	田んぼ
たん白質	蛋白質
た易い	たやすい
だあれ	誰
だいがく	大学
だいがくいん	大学院
だいがくせい	大学生
だいきん	代金
だいく	大工
だいし	セリフ
だいしょう	大小
だいじ	大事
だいじょうぶ	大丈夫
だいじょぶ	大丈夫
だいじょーぶ	大丈夫
だいじん	大臣
だいすき	大好き
だいする	題する
だいたん	大胆
だいとうりょう	大統領
だいどこ	台所
だいどころ	台所
だいなし	台無し
だいひょう	代表
だいぶぶん	大部分
だいほん	台本
だいめい	題名
だいめいし	代名詞
だいよう	代用
だいり	代理
だえん	楕円
だかい	打開
だきょう	妥協
だくぼく	凸凹
だけつ	妥結
だげき	打撃
ださく	駄作
だっこ	抱っこ
だっしゅつ	脱出
だっする	脱する
だっせん	脱線
だったい	脱退
だとう	妥当
だます	騙す
だまる	黙る
だより	便り
だらし無い	だらしない
だれか	誰か
だんかい	段階
だんけつ	団結
だんげん	断言
だんし	男子
だんすい	断水
だんせい	男性
だんぜん	断然
だんたい	団体
だんち	団地
だんてい	断定
だんな	旦那
だんぼう	暖房
だんめん	断面
だんりょく	弾力
だーめ	だめ
だーれ	誰
だ円	楕円
ちあん	治安
ちいき	地域
ちいさい	小さい
ちいさな	小さな
ちかい	近い
ちかう	誓う
ちかく	近く
ちかごろ	近頃
ちかすい	地下水
ちかぢか	近々
ちかづける	近付ける
ちかてつ	地下鉄
ちかめ	近眼
ちかよる	近寄る
ちから	力
ちからづよい	力強い
ちがい	違い
ちがいない	違いない
ちがう	違う
ちがえる	違える
ちきしょう	ちくしょう
ちきゅう	地球
ちくさん	畜産
ちくせき	蓄積
ちけい	地形
ちこく	遅刻
ちしき	知識
ちしつ	地質
ちじむ	縮む
ちじん	知人
ちせい	知性
ちたい	地帯
ちちおや	父親
ちちはは	父母
ちぢまる	縮まる
ちぢむ	縮む
ちぢめる	縮める
ちぢれる	縮れる
ちっそく	窒息
ちつじょ	秩序
ちてき	知的
ちてん	地点
ちのう	知能
ちばん	地盤
ちへいせん	地平線
ちほう	地方
ちめい	地名
ちゃいろ	茶色
ちゃいろい	茶色い
ちゃく	笛
ちゃくしゅ	着手
ちゃくしょく	着色
ちゃくせき	着席
ちゃくちゃく	着々
ちゃくもく	着目
ちゃくりく	着陸
ちゃっこう	着工
ちゃのま	茶の間
ちゃのゆ	茶の湯
ちゃわん	茶碗
ちゃ色	茶色
ちゅうい	注意
ちゅうおう	中央
ちゅうがえり	宙返り
ちゅうがく	中学
ちゅうがっこう	中学校
ちゅうけい	中継
ちゅうこ	中古
ちゅうこく	忠告
ちゅうしゃじょう	駐車場
ちゅうしょく	昼食
ちゅうしん	中心
ちゅうじゅん	中旬
ちゅうすう	中枢
ちゅうせん	抽選
ちゅうだん	中断
ちゅうと	中途
ちゅうどく	中毒
ちゅうにん	仲人
ちゅうねん	中年
ちゅうはん	昼飯
ちゅうふく	中腹
ちゅうぶる	中古
ちゅうもく	注目
ちゅうもん	注文
ちゅうりつ	中立
ちゅうわ	中和
ちょいと	ちょっと
ちょういん	調印
ちょうか	超過
ちょうかく	聴覚
ちょうかん	長官
ちょうき	長期
ちょうこう	聴講
ちょうこく	彫刻
ちょうさ	調査
ちょうし	調子
ちょうしゅう	徴収
ちょうしょ	長所
ちょうしんき	聴診器
ちょうじ	停止
ちょうじょ	長女
ちょうじょう	頂上
ちょうせい	調整
ちょうせつ	調節
ちょうせん	挑戦
ちょうたん	長短
ちょうてい	調停
ちょうてん	頂点
ちょうなん	長男
ちょうにく	鶏肉
ちょうふく	重複
ちょうへん	長編
ちょうほう	重宝
ちょうほうけい	長方形
ちょうみりょう	調味料
ちょうり	調理
ちょうわ	調和
ちょきん	貯金
ちょくご	直後
ちょくせつ	直接
ちょくせん	直線
ちょくぜん	直前
ちょくつう	直通
ちょくめん	直面
ちょくりゅう	直流
ちょしゃ	著者
ちょしょ	著書
ちょぞう	貯蔵
ちょちく	貯蓄
ちょっかく	直角
ちょっかん	直感
ちょっけい	直径
ちょと	ちょっと
ちょめい	著名
ちょーだい	ちょうだい
ちらかす	散らかす
ちらかる	散らかる
ちらす	散らす
ちらと	ちらっと
ちりがみ	塵紙
ちりし	塵紙
ちりょう	治療
ちり取	ちりとり
ちり取り	ちりとり
ちり紙	塵紙
ちんきん	賃金
ちんぎん	賃金
ちんでん	沈殿
ちんぼつ	沈没
ちんもく	沈黙
ちんれつ	陳列
ついか	追加
ついきゅう	追及
ついせき	追跡
ついたち	一日
ついほう	追放
ついやす	費やす
ついらく	墜落
つうかん	痛感
つうがく	通学
つうきん	通勤
つうこう	通行
つうしん	通信
つうじょう	通常
つうじる	通じる
つうずる	通ずる
つうせつ	痛切
つうち	通知
つうちょう	通帳
つうやく	通訳
つうよう	通用
つうろ	通路
つかいみち	使い道
つかう	使う
つかえる	仕える
つかさどる	司る
つかねる	束ねる
つかのま	つかの間
つかまえる	捕まえる
つかまる	捕まる
つかむ	掴む
つかれ	疲れ
つかれる	疲れる
つきあい	付き合い
つきあう	付き合う
つきあたり	突き当たり
つきあたる	突き当たる
つきずえ	月末
つきなみ	月並み
つきひ	月日
つきる	尽きる
つき合い	付き合い
つき合う	付き合う
つき当たり	突き当たり
つぎつぎ	次々
つぎめ	継ぎ目
つく	点く
つくえ	机
つくす	尽くす
つくずく	つくづく
つくつく	つくづく
つくる	作る
つくろう	繕う
つけくわえる	付け加える
つけ加える	付け加える
つげる	告げる
つごう	都合
つたえる	伝える
つたわる	伝わる
つっこむ	突っ込む
つっぱる	突っ張る
つっ張る	突っ張る
つつく	突く
つつしむ	謹む
つつみ	包み
つつむ	包む
つづき	続き
つづく	続く
つづける	続ける
つとまる	務まる
つとめさき	勤め先
つとめて	努めて
つなみ	津波
つなわち	すなわち
つねに	常に
つのる	募る
つばき	唾
つばさ	翼
つぶす	潰す
つぶれる	潰れる
つべたい	冷たい
つぼみ	蕾
つま	妻
つまづく	つまずく
つまらねー	つまらない
つまる	詰まる
つめたい	冷たい
つもる	積もる
つよい	強い
つよき	強気
つよまる	強まる
つよめる	強める
つらい	辛い
つらなる	連なる
つらぬく	貫く
つらねる	連ねる
つり	釣り
つりあう	釣り合う
つりかわ	吊り革
つりがね	釣鐘
つり合う	釣り合う
つり革	吊り革
つる	吊る
つるす	吊るす
つれる	連れる
づるづる	ずるずる
づれる	ずれる
てあて	手当
てあらい	手洗い
ていあん	提案
ていき	定期
ていきけん	定期券
ていきゅうび	定休日
ていきょう	提供
ていぎ	定義
ていけい	提携
ていこう	抵抗
ていさい	体裁
ていしゃ	停車
ていしゅつ	提出
ていしょく	定食
ていじ	提示
ていせい	訂正
ていたい	停滞
ていたく	邸宅
ていでん	停電
ていど	程度
ていねい	丁寧
ていねん	定年
ていぼう	堤防
ていりゅうしょ	停留所
ていりゅうじょ	停留所
ていれ	手入れ
ておくれ	手遅れ
てかず	手数
てがかり	手掛かり
てがける	手掛ける
てがみ	手紙
てがる	手軽
てきおう	適応
てきぎ	適宜
てきする	適する
てきせい	適性
てきせつ	適切
てきとう	適当
てきど	適度
てきよう	適用
てぎわ	手際
てくび	手首
てぐさり	手錠
てじか	手近
てじな	手品
てじゅん	手順
てじょう	手錠
てすう	手数
てちょう	手帳
てぢか	手近
てっきょう	鉄橋
てっこう	鉄鋼
てっする	徹する
てってい	徹底
てっぺい	てっぺん
てっぽう	鉄砲
てつがく	哲学
てつだい	手伝い
てつだう	手伝う
てつづき	手続き
てつどう	鉄道
てつぼう	鉄棒
てつや	徹夜
てておや	父親
ててはは	父母
てぬぐい	手拭い
てのひら	掌
てはい	手配
てはず	手筈
てびき	手引き
てぶくろ	手袋
てへん	てっぺん
てほん	手本
てまえ	手前
てまわし	手回し
てもと	手元
てらす	照らす
てりかえす	照り返す
てわけ	手分け
てんいん	店員
てんか	天下
てんかん	転換
てんが	天下
てんき	天気
てんきょ	転居
てんきよほう	天気予報
てんきん	転勤
てんけい	典型
てんけん	点検
てんげ	天下
てんこく	天国
てんごく	天国
てんじ	展示
てんじる	転じる
てんすう	点数
てんずる	転ずる
てんせん	点線
てんたい	天体
てんち	天地
てんにん	転任
てんねん	天然
てんのう	天皇
てんぼう	展望
てんらく	転落
てんらんかい	展覧会
であう	出会う
でいり	出入り
でいりぐち	出入り口
でかける	出かける
できあがり	出来上がり
できあがる	出来上がる
できごと	出来事
できもん	できもの
でき上がり	出来上がり
でき上がる	出来上がる
でき事	出来事
でくわす	出くわす
でぐち	出口
でけぇ	でかい
でけえ	でかい
でけー	でかい
でこぼこ	凸凹
でっかい	でかい
でっけぇ	でかい
でっけえ	でかい
でっけー	でかい
でなおし	出直し
ではいり	出入り
でむかえ	出迎え
でむかえる	出迎える
でんえん	田園
でんおん	田園
でんきゅう	電球
でんげん	電源
でんごん	伝言
でんし	電子
でんしゃ	電車
でんせつ	伝説
でんせん	伝染
でんたつ	伝達
でんち	電池
でんちゅう	電柱
でんぱ	電波
でんぼ	田んぼ
でんぽ	田んぼ
でんぽう	電報
でんらい	伝来
でんりゅう	電流
でんりょく	電力
でんわ	電話
といあわせ	問い合わせ
といあわせる	問い合わせる
といや	問屋
とうあん	答案
とういつ	統一
とうき	陶器
とうきゅう	等級
とうぎ	討議
とうけい	統計
とうげ	峠
とうこう	登校
とうごう	統合
とうさん	倒産
とうざい	東西
とうし	投資
とうしょ	投書
とうじつ	当日
とうじょう	登場
とうせい	統制
とうせん	当選
とうぜん	当然
とうそう	逃走
とうそつ	統率
とうたつ	到達
とうだい	灯台
とうち	統治
とうちゃく	到着
とうとぶ	尊ぶ
とうなん	盗難
とうにゅう	投入
とうにん	当人
とうばん	当番
とうひょう	投票
とうぶん	等分
とうぼう	逃亡
とうみん	冬眠
とうめい	透明
とうゆ	灯油
とうよう	東洋
とうろく	登録
とうろん	討論
とおい	遠い
とおか	十日
とおく	遠く
とおざかる	遠ざかる
とおす	通す
とおまわり	遠回り
とおり	通り
とおりかかる	通り掛かる
とおりすぎる	通り過ぎる
とおり過ぎる	通り過ぎる
とおる	通る
とかい	都会
とかす	溶かす
とがる	尖る
ときおり	時折
ときどき	時々
ときより	時折
とく	解く
とくい	得意
とくぎ	特技
とくさん	特産
とくしゅ	特殊
とくしゅう	特集
とくしょ	読書
とくしょく	特色
とくてい	特定
とくてん	得点
とくに	特に
とくは	特派
とくばい	特売
とくべつ	特別
とくゆう	特有
とけい	時計
とけこむ	溶け込む
とけ込む	溶け込む
とげる	遂げる
とこ	ところ
とこのま	床の間
とこや	床屋
とざん	登山
としごろ	年頃
としつき	年月
としょ	図書
としょかん	図書館
としより	年寄り
としん	都心
とじまり	戸締まり
とじょう	途上
とたん	途端
とだえる	途絶える
とだな	戸棚
とちゅう	途中
とっきゅう	特急
とっきょ	特許
とっけん	特権
とっても	とても
とっぱ	突破
とつおう	凸凹
とつじょ	突如
とつぜん	突然
ととのう	整う
ととのえる	整える
とどく	届く
とどけ	届
とどける	届ける
とどこおる	滞る
とどまる	留まる
とどめる	止める
となえる	唱える
となり	隣
とのさま	殿様
とばす	飛ばす
とびこむ	飛び込む
とびだす	飛び出す
とびら	扉
とび出す	飛び出す
とぼしい	乏しい
ともかせぎ	共稼ぎ
ともしい	乏しい
ともだち	友達
ともなう	伴う
ともに	共に
ともばたらき	共働き
とらえる	捕える
とりあげる	取り上げる
とりあつかい	取り扱い
とりあつかう	取り扱う
とりい	鳥居
とりいれる	取り入れる
とりかえ	取り替え
とりかえる	取り替える
とりくむ	取り組む
とりけす	取り消す
とりしまり	取り締まり
とりしまる	取り締まる
とりしらべる	取り調べる
とりたてる	取り立てる
とりだす	取り出す
とりつぐ	取り次ぐ
とりつける	取り付ける
とりにく	鶏肉
とりのぞく	取り除く
とりひき	取引
とりまく	取り巻く
とりまぜる	取り混ぜる
とりもどす	取り戻す
とりよせる	取り寄せる
とりわけ	副
とり上げる	取り上げる
とり入れる	取り入れる
とり出す	取り出す
とり戻す	取り戻す
とり扱う	取り扱う
とり肉	鶏肉
とり除く	取り除く
とれる	取れる
とんがる	尖る
とんでも無い	とんでもない
とんにく	豚肉
とんや	問屋
どうい	同意
どういつ	同一
どういん	動員
どうか	銅貨
どうかく	同格
どうかん	同感
どうき	動機
どうきゅう	同級
どうきょ	同居
どうぐ	道具
どうこう	動向
どうさ	動作
どうじ	同時
どうぞ宜しく	どうぞよろしく
どうちょう	同調
どうてき	動的
どうとう	同等
どうとく	道徳
どうどう	堂々
どうにゅう	導入
どうふう	同封
どうぶつ	動物
どうぶつえん	動物園
どうめい	同盟
どうりょう	同僚
どうりょく	動力
どうろ	道路
どうわ	童話
どおじ	土地
どきんどきん	どきどき
どくさい	独裁
どくしょ	読書
どくしん	独身
どくじ	独自
どくせん	独占
どくそう	独創
どくとく	独特
どくりつ	独立
どける	退ける
どだい	土台
どっか	どこか
どっきどき	どきどき
どなる	怒鳴る
どひょう	土俵
どぶ	溝
どぼく	土木
どようび	土曜日
どりょく	努力
どろぼう	泥棒
どろぼー	泥棒
どわすれ	度忘れ
どんかん	鈍感
どんぶり	丼
どーして	どうして
ど忘れ	度忘れ
ないか	内科
ないかく	内閣
ないしょ	内緒
ないしょう	内緒
ないしん	内心
ないせん	内線
ないぞう	内蔵
ないぶ	内部
ないよう	内容
ないらん	内乱
ないりく	内陸
なおす	直す
なお更	なおさら
なかなおり	仲直り
なかば	半ば
なかほど	中程
なかま	仲間
なかみ	中身
なかゆび	中指
なかよし	仲良し
ながい	長い
ながし	流し
ながす	流す
ながなが	長々
ながびく	長引く
ながめ	眺め
ながめる	眺める
ながれ	流れ
ながれる	流れる
ながーい	長い
なぎさ	渚
なぐさめる	慰める
なぐる	殴る
なげく	嘆く
なげだす	投げ出す
なげる	投げる
なげー	長い
なこうど	仲人
なことば	名詞
なごやか	和やか
なごり	名残
なさけ	情け
なさけない	情けない
なさけぶかい	情け深い
なずく	なつく
なだかい	名高い
なだらか	傾らか
なだれ	雪崩
なっがい	長い
なっさけない	情けない
なっとく	納得
なつかしい	懐かしい
なつやすみ	夏休み
なづく	なつく
なづける	名付ける
なでる	撫でる
ななつ	七つ
ななめ	斜め
なにか	何か
なにげない	何気ない
なにそつ	なにとぞ
なにとなく	なんとなく
なになに	何々
なにぶん	何分
なぬか	七日
なのか	七日
なのめ	斜め
なふだ	名札
なまいき	生意気
なまいきな	生意気な
なまえ	名前
なまぐさい	生臭い
なまける	怠ける
なまぬるい	生温い
なまみ	生身
なまり	鉛
なまる	鈍る
なま臭い	生臭い
なみき	並木
なみた	涙
なみだ	涙
なめらか	滑らか
なやましい	悩ましい
なやます	悩ます
なやみ	悩み
なやむ	悩む
ならびに	並びに
ならぶ	並ぶ
ならべる	並べる
なりたつ	成り立つ
なるだけ	なるたけ
なる程	なるほど
なれなれしい	馴れ馴れしい
なんか	何か
なんきょく	南極
なんだ	涙
なんだかだ	なんだかんだ
なんどきでも	いつでも
なんべい	南米
なんぼく	南北
なんも	なにも
にあう	似合う
にえる	煮える
におい	匂い
におう	匂う
にかよう	似通う
にがい	苦い
にがす	逃がす
にがて	苦手
にぎる	握る
にぎわう	賑わう
にくい	憎い
にくしみ	憎しみ
にくしん	肉親
にくたい	肉体
にくむ	憎む
にくらしい	憎らしい
にげだす	逃げ出す
にげる	逃げる
にげ出す	逃げ出す
にこり	にっこり
にごる	濁る
にしび	西日
にじっさい	二十歳
にじむ	滲む
にじゅうにち	二十日
にじゅっさい	二十歳
にせもの	偽物
にせもん	偽物
にせ物	偽物
にちじ	日時
にちじょう	日常
にちや	日夜
にちようひん	日用品
にちようび	日曜日
にっか	日課
にっき	日記
にっこう	日光
にっちゅう	日中
にってい	日程
にっぽん	日本
にづくり	荷造り
になう	担う
ににん	二人
にぶい	鈍い
にぶる	鈍る
にほん	日本
にもつ	荷物
にも拘らず	にもかかわらず
にも拘わらず	にもかかわらず
にも関らず	にもかかわらず
にも関わらず	にもかかわらず
にゅういん	入院
にゅういんする	入院
にゅうがく	入学
にゅうがくする	入学
にゅうしゃ	入社
にゅうしゅ	入手
にゅうしょう	入賞
にゅうじょう	入場
にゅうぼう	女房
にゅうよく	入浴
にょう	尿
にょうぼ	女房
にょうぼう	女房
にょおう	女王
にょしょう	女性
にらむ	睨む
にんき	人気
にんぎょう	人形
にんげん	人間
にんしき	認識
にんしん	妊娠
にんむ	任務
にんめい	任命
ぬかす	抜かす
ぬけだす	抜け出す
ぬける	抜ける
ぬけ出す	抜け出す
ぬすむ	盗む
ぬらす	濡らす
ぬれる	濡れる
ねいろ	音色
ねうち	値打ち
ねかせる	寝かせる
ねがい	願い
ねがう	願う
ねこ	猫
ねじれる	捩れる
ねじ回し	ねじまわし
ねずみ	鼠
ねたむ	妬む
ねだい	寝台
ねだん	値段
ねっしん	熱心
ねっする	熱する
ねったい	熱帯
ねっちゅう	熱中
ねっとう	熱湯
ねつい	熱意
ねつりょう	熱量
ねばり	粘り
ねばる	粘る
ねびき	値引き
ねぶたい	眠たい
ねぶる	眠る
ねぼう	寝坊
ねまわし	根回し
ねむい	眠い
ねむたい	眠たい
ねむる	眠る
ねらい	狙い
ねらう	狙う
ねんが	年賀
ねんがん	念願
ねんげつ	年月
ねんごう	年号
ねんしょう	燃焼
ねんじゅう	年中
ねんだい	年代
ねんちゅう	年中
ねんちょう	年長
ねんぢゅう	年中
ねんど	年度
ねんりょう	燃料
ねんりん	年輪
ねんれい	年齢
のうか	農家
のうぎょう	農業
のうこう	農耕
のうさんぶつ	農産物
のうじょう	農場
のうそん	農村
のうち	農地
のうど	濃度
のうにゅう	納入
のうみん	農民
のうやく	農薬
のうりつ	能率
のうりょく	能力
のがす	逃す
のがれる	逃れる
のきなみ	軒並み
のき並み	軒並み
のく	どく
のこす	残す
のこらず	残らず
のこり	残り
のこる	残る
のぞましい	望ましい
のぞみ	望み
のち	後
のっとる	乗っ取る
のど	喉
ののしる	罵る
のべる	述べる
のぼり	上り
のみこむ	飲み込む
のみもの	飲み物
のみ込む	飲み込む
のりかえ	乗り換え
のりかえる	乗り換える
のりこし	乗り越し
のりこむ	乗り込む
のりもの	乗り物
のり込む	乗り込む
のろい	鈍い
のんど	喉
のん気	のんき
はあく	把握
はいいろ	灰色
はいき	廃棄
はいきゅう	配給
はいく	俳句
はいぐうしゃ	配偶者
はいけん	拝見
はいけんする	拝見
はいご	背後
はいざら	灰皿
はいし	廃止
はいしゃ	歯医者
はいしゃく	拝借
はいじょ	排除
はいすい	排水
はいせん	敗戦
はいたつ	配達
はいだつ	配達
はいち	配置
はいふ	配布
はいぶん	配分
はいぼく	敗北
はいゆう	俳優
はいりくち	入り口
はいりぐち	入り口
はいりょ	配慮
はいる	入る
はいれつ	配列
はかい	破壊
はかせ	博士
はかち	墓地
はかり	秤
はがき	葉書
はがす	剥がす
はきけ	吐き気
はきげ	吐き気
はくがい	迫害
はくしゅ	拍手
はくじゃく	薄弱
はくじょう	白状
はくはつ	白髪
はくぶつかん	博物館
はぐるま	歯車
はけん	派遣
はげしい	激しい
はげます	励ます
はげむ	励む
はこぶ	運ぶ
はさまる	挟まる
はさむ	挟む
はさん	破産
はし	くちばし
はしゅ	とって
はしる	走る
はしわたし	橋渡し
はじく	弾く
はじまり	始まり
はじまる	始まる
はじめて	初めて
はじめる	始める
はじらう	恥じらう
はじる	恥じる
はずかしい	恥ずかしい
はずす	外す
はずむ	弾む
はずれる	外れる
はそん	破損
はたく	叩く
はたけ	畑
はたして	果たして
はたす	果たす
はたち	二十歳
はたらき	働き
はたらく	働く
はだえ	肌
はだか	裸
はだぎ	肌着
はだぎぬ	肌着
はち蜜	はちみつ
はっき	発揮
はっくつ	発掘
はっけん	発見
はっこう	発行
はっせい	発生
はっそう	発想
はっそく	発足
はったつ	発達
はってん	発展
はっぴょう	発表
はついく	発育
はつおん	発音
はつか	二十日
はつが	発芽
はつげん	発言
はつでん	発電
はつばい	発売
はつびょう	発病
はつみつ	はちみつ
はつみみ	初耳
はつめい	発明
はてる	果てる
はながめ	花瓶
はなし	話
はなしあい	話し合い
はなしあう	話し合う
はなしかける	話し掛ける
はなしちゅう	話し中
はなはだ	甚だ
はなはだしい	甚だしい
はなばなしい	華々しい
はなび	花火
はなびら	花びら
はなみ	花見
はなやか	華やか
はなよめ	花嫁
はねる	跳ねる
ははおや	母親
はばむ	阻む
はぶく	省く
はへん	破片
はま	浜
はまべ	浜辺
はみがき	歯磨き
はやくち	早口
はやぐち	早口
はやし	林
はやす	生やす
はやめる	早める
はやる	流行る
はらいこむ	払い込む
はらいもどす	払い戻す
はらう	払う
はらだち	腹立ち
はらっぱ	原っぱ
はりがね	針金
はりがみ	張り紙
はりきる	張り切る
はり紙	張り紙
はれつ	破裂
はんい	範囲
はんおう	反応
はんかん	反感
はんが	版画
はんきょう	反響
はんけい	半径
はんけつ	判決
はんげき	反撃
はんこう	反抗
はんざい	犯罪
はんしゃ	反射
はんしょく	繁殖
はんじ	判事
はんじょう	繁盛
はんする	反する
はんせい	反省
はんたい	反対
はんだん	判断
はんてい	判定
はんとう	半島
はんにん	犯人
はんのう	反応
はんばい	販売
はんぱ	半端
はんぱつ	反発
はんぶん	半分
はん濫	氾濫
はーい	はい
はーーい	はい
ばあい	場合
ばいう	梅雨
ばいきん	ばい菌
ばいしょう	賠償
ばいてん	売店
ばいばい	売買
ばいりつ	倍率
ばくしゅ	ビール
ばくぜん	漠然
ばくだい	莫大
ばくだん	爆弾
ばくは	爆破
ばくはつ	爆発
ばくろ	暴露
ばく大	莫大
ばく然	漠然
ばけがく	化学
ばける	化ける
ばしょ	場所
ばたり	ばったり
ばっする	罰する
ばったん	ばったり
ばめん	場面
ばら撒く	ばらまく
ばら蒔く	ばらまく
ばんいち	万一
ばんいつ	万一
ばんぐみ	番組
ばんごう	番号
ばんごはん	晩ご飯
ばんざい	万歳
ばんじん	万人
ばんち	番地
ばんにん	万人
ばんねん	晩年
ばんのう	万能
ぱちんこ	パチンコ
ひあたり	日当たり
ひえる	冷える
ひかえしつ	控え室
ひかえる	控える
ひかく	比較
ひかくてき	比較的
ひかげ	日陰
ひかり	光
ひかる	光る
ひかん	悲観
ひがい	被害
ひがえり	日帰り
ひがし	東
ひがしにし	東西
ひきあげる	引き上げる
ひきいる	率いる
ひきうける	引き受ける
ひきおこす	引き起こす
ひきかえす	引き返す
ひきさげる	引き下げる
ひきざん	引き算
ひきずる	引きずる
ひきだし	引き出し
ひきだす	引き出す
ひきとめる	引き止める
ひきとる	引き取る
ひきょう	卑怯
ひきわけ	引き分け
ひき上げる	引き上げる
ひき止める	引き止める
ひき留める	引き止める
ひき算	引き算
ひき起こす	引き起こす
ひき起す	引き起こす
ひくい	低い
ひけつ	否決
ひげき	悲劇
ひこうき	飛行機
ひこうじょう	飛行場
ひごろ	日頃
ひさしい	久しい
ひさしぶり	久しぶり
ひさん	悲惨
ひざし	日差し
ひし	あれこれ
ひしょ	秘書
ひじゅう	比重
ひじょう	非常
ひじょうに	非常に
ひずむ	歪む
ひそか	密か
ひたい	額
ひたす	浸す
ひだり	左
ひだりきき	左利き
ひっかかる	引っ掛かる
ひっかく	引っ掻く
ひっき	筆記
ひっくい	低い
ひっくりかえす	ひっくり返す
ひっくりかえる	引っ繰り返る
ひっくりがえす	ひっくり返す
ひっくりがえる	引っ繰り返る
ひっくり返る	引っ繰り返る
ひっこし	引っ越し
ひっこす	引っ越す
ひっこむ	引っ込む
ひっし	必死
ひっしゃ	筆者
ひっしゅう	必修
ひってき	匹敵
ひっぱる	引っ張る
ひっ越し	引っ越し
ひっ越す	引っ越す
ひつじゅひん	必需品
ひつぜん	必然
ひつよう	必要
ひづけ	日付
ひてい	否定
ひでぇ	ひどい
ひでえ	ひどい
ひでー	ひどい
ひと	人
ひといき	一息
ひとかげ	人影
ひとがら	人柄
ひとけ	人気
ひとげ	人気
ひとこと	一言
ひとごみ	人込み
ひとさしゆび	人差し指
ひとしい	等しい
ひとじち	人質
ひとすじ	一筋
ひとたび	一度
ひとつ	一つ
ひとつき	一月
ひととおり	一通り
ひとどおり	人通り
ひとみ	瞳
ひとめ	人目
ひとやすみ	一休み
ひとりごと	独り言
ひとりひとり	一人一人
ひとりびとり	一人一人
ひとり一人	一人一人
ひとり言	独り言
ひと休み	一休み
ひと先ず	ひとまず
ひと度	一度
ひと息	一息
ひと月	一月
ひと条	一筋
ひと気	人気
ひと筋	一筋
ひと言	一言
ひと通り	一通り
ひどり	日取り
ひなた	日向
ひなまつり	ひな祭り
ひな祭	ひな祭り
ひにく	皮肉
ひにち	日にち
ひねる	捻る
ひのいり	日の入り
ひので	日の出
ひのまる	日の丸
ひはん	批判
ひばな	火花
ひひょう	批評
ひびき	響き
ひびく	響く
ひみつ	秘密
ひむかし	東
ひめい	悲鳴
ひゃく	百
ひやかす	冷やかす
ひやけ	日焼け
ひやす	冷やす
ひょうか	評価
ひょうげん	表現
ひょうご	標語
ひょうし	表紙
ひょうしき	標識
ひょうじ	表示
ひょうじゅん	標準
ひょうじょう	表情
ひょうばん	評判
ひょうほん	標本
ひょうめん	表面
ひょうろん	評論
ひよう	費用
ひらく	開く
ひらたい	平たい
ひらび	平日
ひら仮名	ひらがな
ひりつ	比率
ひるごはん	昼ご飯
ひるね	昼寝
ひるはん	昼飯
ひるま	昼間
ひるめし	昼飯
ひるやすみ	昼休み
ひれい	比例
ひろい	広い
ひろがる	広がる
ひろげる	広げる
ひろさ	広さ
ひろば	広場
ひろびろ	広々
ひろまる	広まる
ひろめる	広める
ひんがし	東
ひんこん	貧困
ひんしつ	品質
ひんしゅ	品種
ひんじゃく	貧弱
ひんぱん	頻繁
びかびか	ぴかぴか
びしょう	微笑
びじゅつ	美術
びじゅつかん	美術館
びみょう	微妙
びょう	秒
びょういん	病院
びょうき	病気
びょうしゃ	描写
びょうどう	平等
びよう	美容
びりょう	微量
びんかん	敏感
びんぎ	便宜
びんせん	便箋
びんづめ	瓶詰め
びんぼう	貧乏
びん詰	瓶詰め
びん詰め	瓶詰め
ぴっかぴか	ぴかぴか
ふあん	不安
ふいんき	雰囲気
ふいん気	雰囲気
ふうけい	風景
ふうさ	封鎖
ふうしゃ	風車
ふうしゅう	風習
ふうじゃ	風邪
ふうせん	風船
ふうぞく	風俗
ふうとう	封筒
ふうど	風土
ふうふ	夫婦
ふうん	不運
ふえる	増える
ふかい	深い
ふかけつ	不可欠
ふかす	蒸かす
ふかまる	深まる
ふかめる	深める
ふきそく	不規則
ふきつ	不吉
ふきゅう	普及
ふきょう	不況
ふくごう	複合
ふくざつ	複雑
ふくしゃ	複写
ふくしゅう	復習
ふくすう	複数
ふくそう	服装
ふくち	福祉
ふくむ	含む
ふくめん	覆面
ふくらます	膨らます
ふくらむ	膨らむ
ふくれる	膨れる
ふくろ	袋
ふけいき	不景気
ふけつ	不潔
ふこう	不幸
ふこく	布告
ふさがる	塞がる
ふさぐ	塞ぐ
ふざい	不在
ふしぎ	不思議
ふしょう	負傷
ふじゅん	不順
ふじゆう	不自由
ふすま	襖
ふせい	不正
ふせぐ	防ぐ
ふそく	不足
ふたおや	両親
ふたがる	塞がる
ふたご	双子
ふたたび	再び
ふたつ	二つ
ふたり	二人
ふたん	負担
ふた子	双子
ふだん	普段
ふちょう	不調
ふっかつ	復活
ふっかーつ	復活
ふっきゅう	復旧
ふっこう	復興
ふっとう	沸騰
ふつか	二日
ふとい	太い
ふとう	不当
ふとる	太る
ふとん	布団
ふどうさん	不動産
ふなびん	船便
ふにん	赴任
ふはい	腐敗
ふひょう	不評
ふふく	不服
ふぶき	吹雪
ふへい	不平
ふへん	普遍
ふべん	不便
ふまえる	踏まえる
ふまん	不満
ふみきり	踏切
ふみこむ	踏み込む
ふみた	札
ふめい	不明
ふもと	麓
ふやす	増やす
ふよう	扶養
ふりかえる	振り返る
ふりだし	振り出し
ふりむく	振り向く
ふりょう	不良
ふりょく	浮力
ふり仮名	ふりがな
ふり返る	振り返る
ふるい	古い
ふるえる	震える
ふるまう	振舞う
ふるわせる	震わせる
ふれる	触れる
ふろく	付録
ふろしき	風呂敷
ふんいき	雰囲気
ふんい気	雰囲気
ふんか	噴火
ふんがい	憤慨
ふんしつ	紛失
ふんしゅつ	噴出
ふんすい	噴水
ふんそう	紛争
ふんだ	札
ふんとう	奮闘
ふんまつ	粉末
ふん囲気	雰囲気
ぶさた	無沙汰
ぶしゅ	部首
ぶじょく	侮辱
ぶそう	武装
ぶたい	舞台
ぶたにく	豚肉
ぶた肉	豚肉
ぶちょう	部長
ぶっか	物価
ぶっし	物資
ぶっしつ	物質
ぶっそう	物騒
ぶったい	物体
ぶっつかる	ぶつかる
ぶつ	打つ
ぶつぎ	物議
ぶつぞう	仏像
ぶつり	物理
ぶなん	無難
ぶにん	夫人
ぶひん	部品
ぶぶん	部分
ぶもん	部門
ぶら下げる	ぶらさげる
ぶりょく	武力
ぶれい	無礼
ぶんか	文化
ぶんかい	分解
ぶんかざい	文化財
ぶんがく	文学
ぶんぎょう	分業
ぶんけん	文献
ぶんげい	文芸
ぶんご	文語
ぶんさん	分散
ぶんし	分子
ぶんしょ	文書
ぶんしょう	文章
ぶんじょ	文書
ぶんすう	分数
ぶんせき	分析
ぶんたい	文体
ぶんたん	分担
ぶんぱい	分配
ぶんぷ	分布
ぶんぼ	分母
ぶんぼうぐ	文房具
ぶんぽう	文法
ぶんみゃく	文脈
ぶんめい	文明
ぶんや	分野
ぶんり	分離
ぶんりょう	分量
ぶんるい	分類
ぶんれつ	分裂
へいかい	閉会
へいきん	平均
へいぎん	平均
へいさ	閉鎖
へいし	兵士
へいじつ	平日
へいじょう	平常
へいたい	兵隊
へいほう	平方
へいぼん	平凡
へいや	平野
へいれつ	並列
へいわ	平和
へがす	剥がす
へきえき	辟易
へこむ	凹む
へだたる	隔たる
へだてる	隔てる
へらす	減らす
へり	縁
へんか	変化
へんかく	変革
へんかん	返還
へんけん	偏見
へんこう	変更
へんさい	返済
へんしゅう	編集
へんじ	返事
へんせん	変遷
へんとう	返答
へんどう	変動
べっそう	別荘
べつに	別に
べつべつ	別々
べんかい	弁解
べんきょう	勉強
べんぎ	便宜
べんご	弁護
べんしょう	弁償
べんじょ	便所
べんとう	弁当
べんり	便利
べんろん	弁論
ほいく	保育
ほうあん	法案
ほうかい	崩壊
ほうき	箒
ほうけん	封建
ほうげん	方言
ほうこう	方向
ほうこく	報告
ほうし	奉仕
ほうしき	方式
ほうしゃ	放射
ほうしゃのう	放射能
ほうしゅう	報酬
ほうしゅつ	放出
ほうしん	方針
ほうじる	報じる
ほうずる	報ずる
ほうせき	宝石
ほうそうする	放送
ほうそく	法則
ほうたい	包帯
ほうち	放置
ほうちょう	包丁
ほうてい	法廷
ほうていしき	方程式
ほうどう	報道
ほうび	褒美
ほうふ	豊富
ほうぶる	葬る
ほうほう	方法
ほうぼう	方々
ほうむる	葬る
ほうめん	方面
ほうもん	訪問
ほうりこむ	放り込む
ほうりだす	放り出す
ほうりつ	法律
ほうり出す	放り出す
ほうり込む	放り込む
ほうる	放る
ほうわ	飽和
ほえる	吠える
ほおえむ	微笑む
ほおん	保温
ほかく	捕獲
ほかん	保管
ほがらか	朗らか
ほきゅう	補給
ほきょう	補強
ほげい	捕鯨
ほこる	誇る
ほしい	欲しい
ほしもの	干し物
ほしゅ	保守
ほじゅう	補充
ほじょ	補助
ほそい	細い
ほそう	舗装
ほそく	補足
ほぞ	へそ
ほぞん	保存
ほっきょく	北極
ほっさ	発作
ほっそく	発足
ほとけ	仏
ほどう	歩道
ほどく	解く
ほどける	解ける
ほどこす	施す
ほのお	炎
ほほえむ	微笑む
ほほ笑む	微笑む
ほむら	炎
ほめる	褒める
ほよう	保養
ほりょ	捕虜
ほろびる	滅びる
ほろぼす	滅ぼす
ほんかく	本格
ほんかん	本館
ほんき	本気
ほんこく	本国
ほんごく	本国
ほんしつ	本質
ほんたい	本体
ほんだな	本棚
ほんと	本当
ほんとう	本当
ほんにん	本人
ほんね	本音
ほんのう	本能
ほんば	本場
ほんぶ	本部
ほんぶん	本文
ほんみょう	本名
ほんめい	本名
ほんもの	本物
ほんもん	本文
ほんやく	翻訳
ほんらい	本来
ぼうえい	防衛
ぼうえき	貿易
ぼうえんきょう	望遠鏡
ぼうか	防火
ぼうがい	妨害
ぼうけん	冒険
ぼうさん	坊さん
ぼうせき	紡績
ぼうぜん	呆然
ぼうだい	膨大
ぼうちょう	膨張
ぼうとう	冒頭
ぼうどう	暴動
ぼうはん	防犯
ぼうふう	暴風
ぼうや	坊や
ぼうりょく	暴力
ぼう然	呆然
ぼきん	募金
ぼくし	牧師
ぼくじょう	牧場
ぼくちく	牧畜
ぼこう	母校
ぼこく	母国
ぼしゅう	募集
ぼっしゅう	没収
ぼっちゃん	坊ちゃん
ぼつらく	没落
ぼんち	盆地
まいあさ	毎朝
まいげつ	毎月
まいご	迷子
まいしゅう	毎週
まいすう	枚数
まいぞう	埋蔵
まいちょう	毎朝
まいつき	毎月
まいとし	毎年
まいど	毎度
まいにち	毎日
まいねん	毎年
まいばん	毎晩
まいる	参る
まうえ	真上
まえうり	前売り
まえおき	前置き
まえもって	前もって
まかせる	任せる
まがる	曲がる
まきば	牧場
まぎらわしい	紛らわしい
まぎれる	紛れる
まくら	枕
まける	負ける
まげる	曲げる
まこころ	真心
まこと	誠
まことに	誠に
まごころ	真心
まさつ	摩擦
まさる	勝る
ました	真下
ましろ	真っ白
まじうる	交える
まじえる	交える
まじめ	真面目
まじわる	交わる
ますい	麻酔
まする	摩する
まずしい	貧しい
またたき	瞬き
まだたき	瞬き
まちあいしつ	待合室
まちあわせ	待ち合わせ
まちあわせる	待ち合わせる
まちかど	街角
まちがい	間違い
まちがえる	間違える
まちどうしい	待ち遠しい
まちどおしい	待ち遠しい
まちのぞむ	待ち望む
まっか	真っ赤
まっき	末期
まっくら	真っ暗
まっくろ	真っ黒
まっさお	真っ青
まっさき	真っ先
まっしろ	真っ白
まったく	全く
まっぷたつ	真っ二つ
まっ先	真っ先
まっ暗	真っ暗
まっ白	真っ白
まっ赤	真っ赤
まっ青	真っ青
まっ黒	真っ黒
まつり	祭り
まどぐち	窓口
まなか	真中
まなぶ	学ぶ
まにあう	間に合う
まぬかれる	免れる
まぬがれる	免れる
まねき	招き
まねく	招く
まねる	真似る
まばたき	瞬き
まひ	麻痺
まぼしい	まぶしい
まみえ	眉
まめ	豆
まもる	守る
まよう	迷う
まるごと	丸ごと
まるまる	丸々
まるめる	丸める
まろぶ	転ぶ
まわり	周り
まわりみち	回り道
まわり道	回り道
まんいち	万一
まんいつ	万一
まんいん	満員
まんが	漫画
まんげつ	満月
まんじょう	満場
まんぞく	満足
まんてん	満点
まんなか	真中
まんにん	万人
まんねんひつ	万年筆
まんねんぴつ	万年筆
まんねんふで	万年筆
まんのう	万能
まんまえ	真ん前
まん前	真ん前
ま上	真上
みあい	見合い
みあげる	見上げる
みあわせる	見合わせる
みえる	見える
みおくり	見送り
みおくる	見送る
みおとす	見落とす
みおろす	見下ろす
みかい	未開
みかく	味覚
みかけ	見掛け
みかける	見掛ける
みかずき	三日月
みかた	味方
みかづき	三日月
みがく	磨く
みぐるしい	見苦しい
みこみ	見込み
みこん	未婚
みごと	見事
みさき	岬
みじかい	短い
みじかうた	短歌
みじけー	短い
みじめな	惨めな
みじゅく	未熟
みじん	微塵
みずうみ	湖
みずから	自ら
みずぎ	水着
みずけ	水気
みずた	水田
みせびらかす	見せびらかす
みせもの	見せ物
みせや	店屋
みせる	見せる
みそ	味噌
みたす	満たす
みだし	見出し
みだす	乱す
みだれる	乱れる
みちじゅん	道順
みちびく	導く
みちる	満ちる
みぢか	身近
みっか	三日
みっしゅう	密集
みっせつ	密接
みっつ	三つ
みつかる	見つかる
みつける	見つける
みつど	密度
みつめる	見つめる
みつもり	見積もり
みてい	未定
みとおし	見通し
みとめる	認める
みどり	緑
みなおす	見直す
みなさん	皆さん
みなしご	孤児
みなし子	孤児
みなと	港
みなみ	南
みなも	水面
みなもと	源
みならう	見習う
みなり	身なり
みなれる	見慣れる
みにくい	醜い
みのうえ	身の上
みのがす	見逃す
みのまわり	身の回り
みのる	実る
みはからう	見計らう
みはらし	見晴らし
みぶり	身振り
みぶん	身分
みほん	見本
みまい	見舞い
みまう	見舞う
みまん	未満
みゃく	脈
みやげ	土産
みやこ	都
みょう	妙
みょうごにち	明後日
みょうじ	名字
みょうにち	明日
みょうみょうごにち	明々後日
みらい	未来
みりょく	魅力
みる	見る
みれん	未練
みわたす	見渡す
みんかん	民間
みんしゅく	民宿
みんよう	民謡
むいか	六日
むいみ	無意味
むかい	向かい
むかう	向かう
むかえ	迎え
むかえる	迎える
むかし	昔
むかーし	昔
むく	剥く
むくち	無口
むぐる	潜る
むける	向ける
むげん	無限
むごん	無言
むし	虫
むしあつい	蒸し暑い
むしば	虫歯
むし暑い	蒸し暑い
むし歯	虫歯
むじゃき	無邪気
むじゅん	矛盾
むすう	無数
むすこ	息子
むすび	結び
むすびつき	結び付き
むすびつく	結び付く
むすびつける	結び付ける
むすぶ	結ぶ
むすめ	娘
むずかしい	難しい
むせん	無線
むだづかい	無駄遣い
むだん	無断
むちゃ	無茶
むちゅう	夢中
むっちゃ	無茶
むっつ	六つ
むつかしい	難しい
むづかしい	難しい
むなしい	空しい
むねん	無念
むのう	無能
むゆか	六日
むよう	無用
むよか	六日
むらがる	群がる
むらさき	紫
むりょう	無料
むろん	無論
めいかく	明確
めいさく	名作
めいさん	名産
めいしょ	名所
めいしょう	名称
めいしん	迷信
めいじる	命じる
めいじん	名人
めいずる	命ずる
めいちゅう	命中
めいはく	明白
めいぶつ	名物
めいぼ	名簿
めいぼく	面目
めいよ	名誉
めいりょう	明瞭
めいれい	命令
めいろう	明朗
めいわく	迷惑
めうえ	目上
めかた	目方
めがね	眼鏡
めぐまれる	恵まれる
めぐみ	恵み
めぐむ	恵む
めぐる	巡る
めざす	目指す
めざまし	目覚まし
めざましい	目覚ましい
めざめる	目覚める
めしあがる	召し上がる
めした	目下
めじるし	目印
めす	メス
めずらしい	珍しい
めだつ	目立つ
めったに	滅多に
めっちゃくちゃ	めちゃくちゃ
めつき	目付き
めつぼう	滅亡
めばたき	瞬き
めもり	目盛り
めやす	目安
めん	メス
めんかい	面会
めんきょ	免許
めんじょ	免除
めんする	面する
めんせき	面積
めんせつ	面接
めんぜい	免税
めんどう	面倒
めんどうくさい	面倒くさい
めんどくさい	面倒くさい
めんど臭い	面倒くさい
めんぼく	面目
めんもく	面目
もうかる	儲かる
もうしあげる	申し上げる
もうしいれる	申し入れる
もうしこみ	申し込み
もうしこむ	申し込む
もうしで	申し出
もうしでる	申し出る
もうしぶん	申し分
もうしわけ	申し訳
もうしわけない	申し訳ない
もうす	申す
もうぜん	呆然
もうてん	盲点
もうひ	毛皮
もうふ	毛布
もうれつ	猛烈
もう直ぐ	もうすぐ
もえる	燃える
もおすぐ	もうすぐ
もくざい	木材
もくじ	目次
もくてき	目的
もくと	めど
もくひょう	目標
もくようび	木曜日
もくろく	目録
もくろみ	目論見
もぐる	潜る
もけい	模型
もさく	模索
もちあげる	持ち上げる
もちいる	用いる
もちきり	持ち切り
もち切り	持ち切り
もっか	目下
もとづく	基づく
もとめる	求める
もどす	戻す
もどる	戻る
もの	物
ものおき	物置
ものおと	物音
ものがたり	物語
ものがたる	物語る
ものごと	物事
ものさし	物差し
ものすっごい	ものすごい
ものすんごい	ものすごい
ものずき	物好き
ものたりない	物足りない
もの凄い	ものすごい
もの好き	物好き
もの差し	物差し
もの指し	物差し
もの足りない	物足りない
もはら	もっぱら
もはん	模範
もほう	模倣
もみじ	紅葉
もむ	揉む
もめん	木綿
もよう	模様
もよおし	催し
もよおす	催す
もらす	漏らす
もらたす	もたらす
もりあがる	盛り上がる
もれる	漏れる
もん	物
もんく	文句
もんじ	文字
もんじょ	文書
もんじょう	文章
もんぞう	文章
もんだい	問題
もんどう	問答
やうち	家内
やおや	八百屋
やがい	野外
やぎょう	夜行
やくしゃ	役者
やくしょ	役所
やくしょく	役職
やくす	訳す
やくそく	約束
やくにたつ	役に立つ
やくにん	役人
やくに立つ	役に立つ
やくば	役場
やくひん	薬品
やくめ	役目
やくわり	役割
やける	焼ける
やこう	夜行
やさい	野菜
やしき	屋敷
やしなう	養う
やしん	野心
やじるし	矢印
やすい	安い
やすっぽい	安っぽい
やすみ	休み
やすむ	休む
やすめる	休める
やせい	野生
やせる	痩せる
やちん	家賃
やっかい	厄介
やっきょく	薬局
やっつ	八つ
やっ付ける	やっつける
やぬし	家主
やぶく	破く
やぶる	破る
やぶれる	破れる
やま	山
やむを得ない	やむをえない
ややっこしい	ややこしい
やらしい	いやらしい
やり通す	やりとおす
やり遂げる	やりとげる
やわらげる	和らげる
ゆいいつ	唯一
ゆいつ	唯一
ゆうい	優位
ゆういつ	唯一
ゆううつ	憂鬱
ゆうえき	有益
ゆうえつ	優越
ゆうえんち	遊園地
ゆうがた	夕方
ゆうぐれ	夕暮れ
ゆうし	融資
ゆうしゅう	優秀
ゆうしょう	優勝
ゆうじょう	友情
ゆうじん	友人
ゆうする	有する
ゆうずう	融通
ゆうせい	優勢
ゆうせん	優先
ゆうそう	郵送
ゆうだち	夕立
ゆうづう	融通
ゆうどう	誘導
ゆうのう	有能
ゆうはん	夕飯
ゆうひ	夕日
ゆうび	優美
ゆうびん	郵便
ゆうびんきょく	郵便局
ゆうべ	昨夜
ゆうぼう	有望
ゆうぼく	遊牧
ゆうむ	有無
ゆうめい	有名
ゆうめし	夕飯
ゆうやけ	夕焼け
ゆうゆう	悠々
ゆうり	有利
ゆうりょう	有料
ゆうりょく	有力
ゆうれい	幽霊
ゆうわく	誘惑
ゆかい	愉快
ゆかた	浴衣
ゆがむ	歪む
ゆきちがい	行き違い
ゆきなり	いきなり
ゆく	行く
ゆくえ	行方
ゆけつ	輸血
ゆさぶる	揺さぶる
ゆしゅつ	輸出
ゆしゅつする	輸出
ゆずう	融通
ゆずる	譲る
ゆそう	輸送
ゆたか	豊か
ゆだん	油断
ゆでる	茹でる
ゆにゅう	輸入
ゆびさす	指差す
ゆびわ	指輪
ゆらぐ	揺らぐ
ゆるい	緩い
ゆるす	許す
ゆるむ	緩む
ゆるめる	緩める
ゆるやか	緩やか
ゆれる	揺れる
ゆわい	祝い
ゆんべ	昨夜
よあけ	夜明け
よういん	要因
ようえき	溶液
ようか	八日
ようがん	溶岩
ようきゅう	要求
ようけん	用件
ようしき	様式
ようじん	用心
ようす	様子
ようする	要する
ようするに	要するに
ようせい	要請
ようせき	容積
ようそ	要素
ようそう	様相
ようち	幼稚
ようちえん	幼稚園
ようてん	要点
ようと	用途
ようひん	用品
ようひんてん	洋品店
ようび	曜日
ようふう	洋風
ようふく	洋服
ようぶん	養分
ようほう	用法
ようぼう	要望
ようもう	羊毛
ようりょう	要領
よかん	予感
よきょう	余興
よきん	預金
よくあつ	抑圧
よくい	浴衣
よくしつ	浴室
よくせい	抑制
よくばり	欲張り
よくふかい	欲深い
よくぶかい	欲深い
よくぼう	欲望
よけい	余計
よける	避ける
よげん	予言
よこぎる	横切る
よこづな	横綱
よごれ	汚れ
よごれる	汚れる
よさん	予算
よしあし	善し悪し
よしゅう	予習
よしわるし	善し悪し
よし悪し	善し悪し
よせる	寄せる
よそう	予想
よそく	予測
よそみ	余所見
よそ見	余所見
よっか	四日
よっつ	四つ
よっぱらい	酔っ払い
よつかど	四つ角
よてい	予定
よとう	与党
よなか	夜中
よのなか	世の中
よびかける	呼び掛ける
よびだす	呼び出す
よびとめる	呼び止める
よふかし	夜更かし
よふけ	夜更け
よぶん	余分
よほう	予報
よぼう	予防
よみあげる	読み上げる
よみがえる	蘇る
よやく	予約
よゆう	余裕
よりかかる	寄り掛かる
より掛かる	寄り掛かる
よろこび	喜び
よろこぶ	喜ぶ
よろず	万
よろん	世論
よわい	弱い
よわまる	弱まる
よわめる	弱める
よわる	弱る
らいげつ	来月
らいしゅう	来週
らいじょう	来場
らいにち	来日
らいねん	来年
らいば	来場
らくだい	落第
らくのう	酪農
らくよう	落ち葉
らっか	落下
らっかん	楽観
らんぼう	乱暴
らんよう	濫用
らん用	濫用
りえき	利益
りかい	理解
りがい	利害
りくつ	理屈
りこう	利口
りこん	離婚
りじゅん	利潤
りせい	理性
りそう	理想
りそく	利息
りったい	立体
りてん	利点
りゃくご	略語
りゃくす	略す
りゃくだつ	略奪
りやく	利益
りゅう	粒
りゅういき	流域
りゅうがく	留学
りゅうがくせい	留学生
りゅうこう	流行
りゅうつう	流通
りゆう	理由
りょういき	領域
りょうがえ	両替
りょうがわ	両側
りょうきょく	両極
りょうきん	料金
りょうこう	良好
りょうし	漁師
りょうしき	良識
りょうしつ	良質
りょうしゅう	領収
りょうしょう	了承
りょうじ	領事
りょうそく	両側
りょうち	領地
りょうど	領土
りょうほう	両方
りょうり	料理
りょうりつ	両立
りょかく	旅客
りょかん	旅館
りょきゃく	旅客
りょけん	旅券
りょこう	旅行
りよう	利用
りれき	履歴
りろん	理論
りんぎょう	林業
りんじ	臨時
るいじ	類似
るいすい	類推
るすばん	留守番
るす番	留守番
れいがい	例外
れいぎ	礼儀
れいこく	冷酷
れいせい	冷静
れいぞう	冷蔵
れいぞうこ	冷蔵庫
れいたん	冷淡
れいてん	零点
れいとう	冷凍
れいぼう	冷房
れきし	歴史
れっしゃ	列車
れっとう	列島
れんあい	恋愛
れんが	レンガ
れんきゅう	連休
れんごう	連合
れんしゅう	練習
れんじつ	連日
れんじゅう	連中
れんそう	連想
れんぞく	連続
れんたい	連帯
れんちゅう	連中
れんぢゅう	連中
れんぽう	連邦
れんめい	連盟
れんらく	連絡
ろうか	廊下
ろうじん	老人
ろうすい	老衰
ろうどう	労働
ろうどく	朗読
ろうひ	浪費
ろうりょく	労力
ろくおん	録音
ろこつ	露骨
ろんぎ	論議
ろんじる	論じる
ろんずる	論ずる
ろんそう	論争
ろんぶん	論文
ろんり	論理
わえい	和英
わかい	若い
わかす	沸かす
わかる	分かる
わかれ	別れ
わかわかしい	若々しい
わくせい	惑星
わける	分ける
わすれもの	忘れ物
わすれもん	忘れ物
わすれる	忘れる
わすれ物	忘れ物
わずらわしい	煩わしい
わた	綿
わたくし	私
わたくしりつ	私立
わたし	私
わたす	渡す
わたりどり	渡り鳥
わたる	渡る
わだい	話題
わびる	詫びる
わふく	和服
わぶん	和文
わらい	笑い
わらう	笑う
わりあい	割合
わりあいに	割合に
わりあて	割り当て
わりこむ	割り込む
わりざん	割り算
わりと	割と
わりびき	割引
わり算	割り算
わり込む	割り込む
わるい	悪い
わるくち	悪口
わるぐち	悪口
わるもの	悪者
われる	割れる
われわれ	我々
アイス・クリーム	アイスクリーム
アウア	アワー
アガる	上がる
アクセサリ	アクセサリー
アクビ	あくび
アソコ	あそこ
アタリ	当たり
アッサリ	あっさり
アツい	暑い
アツイ	暑い
アナウンサ	アナウンサー
アブない	危ない
アブナい	危ない
アラ	あら
アラシ	嵐
アルコホル	アルコール
アレ	あれ
アレコレ	あれこれ
イエス	イェス
イキイキ	生き生き
イク	行く
イクラ	いくら
イケない	いけない
イジめる	いじめる
イジる	いじる
イジメる	いじめる
イジワル	意地悪
イタい	痛い
イタイ	痛い
イタズラ	いたずら
イヌ	犬
イビキ	いびき
イヤ	いや
イヤがる	嫌がる
イヤイヤ	いやいや
イライラ	いらいら
インタナショナル	インターナショナル
インタビュ	インタビュー
インタビュウ	インタビュー
インタフォン	インターフォン
インタホン	インターフォン
インタホーン	インターフォン
インタヴュ	インタビュー
インタヴュー	インタビュー
インタービュー	インタビュー
インターホン	インターフォン
インターホーン	インターフォン
インター・チェンジ	インターチェンジ
インフォーメーシオン	インフォメーション
インフォーメーション	インフォメーション
ウィスキ	ウイスキー
ウィスキー	ウイスキー
ウイスキ	ウイスキー
ウェイトレス	ウエートレス
ウェートレス	ウエートレス
ウエイトレス	ウエートレス
ウケる	受ける
ウサギ	兎
ウソつき	嘘つき
ウソ付き	嘘つき
ウソ吐き	嘘つき
ウッカリ	うっかり
ウルサイ	うるさい
ウロウロ	うろうろ
ウヰスキー	ウイスキー
ウンザリ	うんざり
エア・メール	エアメール
エアーメール	エアメール
エアー・メール	エアメール
エスカレータ	エスカレーター
エネルギ	エネルギー
エラい	偉い
エライ	偉い
エレベータ	エレベーター
エンジニアー	エンジニア
エンジニヤ	エンジニア
エンジニヤー	エンジニア
エンピツ	鉛筆
オイシイ	おいしい
オカシイ	おかしい
オカズ	おかず
オシャレ	おしゃれ
オジさん	おじさん
オジサン	おじさん
オドオド	おどおど
オドロキ	驚き
オフイス	オフィス
オフクロ	お袋
オムツ	おむつ
オモチャ	おもちゃ
オヤジ	親父
オンナの子	女の子
オンブ	おんぶ
オン・ライン	オンライン
オートマティック	オートマチック
オーバ	オーバー
カクテール	カクテル
カゴ	籠
カザグルマ	風車
カタコト	片言
カテゴリ	カテゴリー
カテゴリィ	カテゴリー
カナヅチ	かなづち
カミソリ	かみそり
カラッポ	空っぽ
カリー	カレー
カルタ	かるた
カレンダ	カレンダー
カワいい	かわいい
カワイい	かわいい
カワイイ	かわいい
カンズメ	缶詰
カンヅメ	缶詰
カヴァー	カバー
カーヴ	カーブ
カ所	箇所
ガソリン・スタンド	ガソリンスタンド
ガッカリ	がっかり
ガックリ	がっくり
ガッチリ	がっちり
ガマン	我慢
ガン	癌
キザ	きざ
キッと	きっと
キッカケ	きっかけ
キッカリ	きっかり
キッチリ	きっちり
キッパリ	きっぱり
キツい	きつい
キツイ	きつい
キマる	決まる
キメる	決める
キャメラ	カメラ
キャリアー	キャリア
キャリヤ	キャリア
キャリヤー	キャリア
キリ	切り
キレイ	きれい
キロメーター	キロメートル
キロ・グラム	キログラム
キロ・メートル	キロメートル
キロ米	キロメートル
キンギョ	金魚
ギッシリ	ぎっしり
ギッチリ	ぎっしり
ギャレージ	ガレージ
クる	来る
クシャミ	くしゃみ
クスリ	薬
クズ	くず
クチバシ	くちばし
クッキリ	くっきり
クドい	くどい
クビ	首
クラッシク	クラシック
クラッシック	クラシック
クルマ	車
グッと	ぐっと
グッスリ	ぐっすり
グラウンド	グランド
グレイ	グレー
ケイサツ	警察
ケイタイ	携帯
ケシゴム	消しゴム
ケダモノ	獣
ケモノ	獣
ケーサツ	警察
ケータイ	携帯
ケ所	箇所
ゲッソリ	げっそり
コクテイル	カクテル
コクテル	カクテル
コクテール	カクテル
コショウ	胡椒
コショー	胡椒
コタツ	こたつ
コッソリ	こっそり
コツフ	コップ
コーナ	コーナー
コーフン	興奮
ゴミ	ごみ
ゴメン	ごめん
サイコー	最高
サイテー	最低
サガる	下がる
サクラ	桜
サッと	さっと
サッサと	さっさと
サヨウナラ	さようなら
サヨーナラ	さようなら
サラド	サラダ
サラリマン	サラリーマン
サラリー・マン	サラリーマン
サラーリマン	サラリーマン
サラーリーマン	サラリーマン
サル	猿
サンキュ	サンキュー
サンタ・クロース	サンタクロース
サンドウィッチ	サンドイッチ
サーヴィス	サービス
シビれる	しびれる
シビレる	しびれる
シボる	絞る
シマ	島
シメる	締める
シャッタ	シャッター
シャレ	洒落
シヤッタ	シャッター
シヤッター	シャッター
ショウ	ショー
ションベン	小便
ション便	小便
シーリーズ	シリーズ
ジェットき	ジェット機
ジェリー	ゼリー
ジャンケン	じゃんけん
ジャンバー	ジャンパー
ジャンパ	ジャンパー
ジャン拳	じゃんけん
ジンス	ジーンズ
スィッチ	スイッチ
スウィッチ	スイッチ
スウェーター	セーター
スエーター	セーター
スゴい	すごい
スゴイ	すごい
スゴーイ	すごい
スタア	スター
スタディオ	スタジオ
スッと	すっと
スッキリ	すっきり
ステキ	すてき
ストーヴ	ストーブ
スピーカ	スピーカー
スプン	スプーン
スベる	滑る
スポーツ・カー	スポーツカー
スリッパー	スリッパ
スーッと	すっと
ズバリ	ずばり
ズブ濡れ	ずぶぬれ
ズラッと	ずらっと
ズラリ	ずらり
ズルい	ずるい
ズルイ	ずるい
ズルズル	ずるずる
ズレる	ずれる
セトモノ	瀬戸物
セビロ	背広
センキュ	サンキュー
センキュー	サンキュー
センタ	センター
ソファ	ソファー
ソロソロ	そろそろ
ソロバン	そろばん
タイプライタ	タイプライター
タイマ	タイマー
タイムリ	タイムリー
タイヤ	タイア
タキシ	タクシー
タキシイ	タクシー
タキシー	タクシー
タクシ	タクシー
タクシィ	タクシー
タクシイ	タクシー
タネ	種
タバコ	たばこ
タンカ	担架
タンス	たんす
タンパク質	蛋白質
ダイア	ダイヤ
ダイアグラム	ダイヤグラム
ダイアモンド	ダイヤモンド
ダイアル	ダイヤル
ダッブル	ダブル
ダブダブ	だぶだぶ
ダメ	だめ
ダルい	だるい
ダンナ	旦那
チクショー	ちくしょう
チャネル	チャンネル
チヤホヤ	ちやほや
チョウ	蝶
チョッと	ちょっと
チョット	ちょっと
チョー	超
チラっと	ちらっと
チラと	ちらっと
チラッと	ちらっと
チリトリ	ちりとり
チリ取り	ちりとり
チリ紙	塵紙
ツぐ	継ぐ
ツッコむ	突っ込む
ツツく	突く
ツボ	つぼ
ツラい	辛い
ツライ	辛い
ティッシュペーパー	ティシュペーパー
ティッシュ・ペーパー	ティシュペーパー
ティーム	チーム
テキトー	適当
テクスト	テキスト
テニス・コート	テニスコート
テープレコーダ	テープレコーダー
テープ・レコーダ	テープレコーダー
テープ・レコーダー	テープレコーダー
デイト	デート
デカい	でかい
デカイ	でかい
デタラメ	でたらめ
デッカい	でかい
デムパ	電波
デンパ	電波
データー	データ
トモダチ	友達
トラムプ	トランプ
トランジスタ	トランジスター
ドっと	どっと
ドわすれ	度忘れ
ドアー	ドア
ドキドキ	どきどき
ドキンドキン	どきどき
ドッと	どっと
ドッキドキ	どきどき
ドブ	溝
ドライバ	ドライバー
ドライ・クリーニング	ドライクリーニング
ドロボー	泥棒
ドンドン	どんどん
ド忘れ	度忘れ
ナダレ	雪崩
ナフキン	ナプキン
ナメる	なめる
ニキビ	にきび
ニクい	憎い
ニコニコ	にこにこ
ニコリ	にっこり
ニセモノ	偽物
ニセ物	偽物
ニッコリ	にっこり
ニューズ	ニュース
ネコ	猫
ネジ	ねじ
ネジ回し	ねじまわし
ネズミ	鼠
ネックレース	ネックレス
ノコギリ	のこぎり
ノド	喉
ノンキ	のんき
ノンセンス	ナンセンス
ノンビリ	のんびり
ハガキ	葉書
ハサむ	挟む
ハサミ	はさみ
ハシゴ	はしご
ハチミツ	はちみつ
ハッキリ	はっきり
ハネる	跳ねる
ハマ	浜
ハマる	はまる
ハメる	はめる
ハラハラ	はらはら
ハンケチ	ハンカチ
ハンコ	はんこ
バイキン	ばい菌
バイタミン	ビタミン
バイナル	ビニール
バイ・バイ	バイバイ
バイ菌	ばい菌
バカ	ばか
バカらしい	ばからしい
バカバカしい	ばかばかしい
バクダン	爆弾
バタリ	ばったり
バッタリ	ばったり
バッタン	ばったり
バッチ	バッジ
バッヂ	バッジ
バッテリ	バッテリー
バテる	ばてる
バネ	ばね
バラまく	ばらまく
バラ撒く	ばらまく
バラ蒔く	ばらまく
バンザイ	万歳
パタン	パターン
パーティ	パーティー
パーリー	パーティー
ヒックリ返す	ひっくり返す
ヒト	人
ヒドい	ひどい
ヒドイ	ひどい
ヒナ	ひな
ヒモ	ひも
ヒューモア	ユーモア
ヒラく	開く
ビカビカ	ぴかぴか
ビニル	ビニール
ビミョー	微妙
ビョーキ	病気
ビラ	びら
ビルヂング	ビルディング
ビンボー	貧乏
ビン詰め	瓶詰め
ピカピカ	ぴかぴか
ピッカピカ	ぴかぴか
ピヤノ	ピアノ
ファクス	ファックス
フアン	ファン
フィルター	フィルタ
フイルム	フィルム
フツー	普通
フライ・パン	フライパン
フラフラ	ふらふら
フリ	ふり
フリガナ	ふりがな
フリ仮名	ふりがな
フワフワ	ふわふわ
フーゾク	風俗
ブカブカ	ぶかぶか
ブタ肉	豚肉
ブツブツ	ぶつぶつ
ブラブラ	ぶらぶら
ブラース	ブラウス
プラスティク	プラスチック
プラスティック	プラスチック
プラチック	プラスチック
プラッチック	プラスチック
プラットフォーム	プラットホーム
ヘキエキ	辟易
ヘソ	へそ
ヘリコプタ	ヘリコプター
ベイス	ベース
ベスト・セラー	ベストセラー
ペアー	ペア
ペコペコ	ぺこぺこ
ホっと	ほっと
ホウリコむ	放り込む
ホコリ	ほこり
ホッと	ほっと
ホトケ	仏
ホント	本当
ホントウ	本当
ホントー	本当
ホンモノ	本物
ホーク	フォーク
ボウシ	帽子
ボケる	ぼける
ボナス	ボーナス
ボヤく	ぼやく
ボヤける	ぼやける
ボロ	ぼろ
ボンヤリ	ぼんやり
ボーゼン	呆然
ボール・ペン	ボールペン
ポスタ	ポスター
マイクロホン	マイクロフォン
マサージュ	マッサージ
マジメ	真面目
マスタ	マスター
マズい	まずい
マズイ	まずい
マヒ	麻痺
マメ	豆
マンガ	漫画
ミセズ	ミセス
ミソ	味噌
ムスコ	息子
ムダ使い	無駄遣い
ムダ遣い	無駄遣い
ムチャクチャ	むちゃくちゃ
ムラ	むら
ムラサキ	紫
メイカー	メーカー
メガネ	眼鏡
メセージ	メッセージ
メチャクチャ	めちゃくちゃ
メド	めど
メロディ	メロディー
メロデー	メロディー
メンドくさい	面倒くさい
メンド臭い	面倒くさい
メンバ	メンバー
メーカ	メーカー
モダーン	モダン
モテル	モーテル
モニタ	モニター
モノ	物
モノ足りない	物足りない
モミジ	紅葉
モメる	もめる
モロに	もろに
モータ	モーター
ヤる	やる
ヤケド	やけど
ヤツ	やつ
ヤマ	山
ユニク	ユニーク
ユニホーム	ユニフォーム
ユーニーク	ユニーク
ヨオロッパ	ヨーロッパ
ヨオロツパ	ヨーロッパ
ヨーロパ	ヨーロッパ
ライタ	ライター
ラヂオ	ラジオ
ラッシュ・アワー	ラッシュアワー
リクリェーション	レクリェーション
リクリエーション	レクリェーション
リート	リード
ルズム	リズム
レイン・コート	レインコート
レクリエーション	レクリェーション
レクレーション	レクリェーション
レディ	レディー
レヴェル	レベル
レーベル	ラベル
レーンコート	レインコート
レーン・コート	レインコート
ロウソク	ろうそく
ロクな	ろくな
ロップ	ロープ
ロマンチツク	ロマンチック
ロマンティック	ロマンチック
ローソク	ろうそく
ロープウェイ	ロープウエイ
ロープウェー	ロープウエイ
ロープウエー	ロープウエイ
ローマじ	ローマ字
ワタ	綿
ワタクシ	私
ワタシ	私
ワラ	わら
ヴァイオリン	バイオリン
ヴァイナル	ビニール
ヴィタミン	ビタミン
ヴィデオ	ビデオ
ヴィールス	ビールス
ヴェテラン	ベテラン
ヴォルト	ボルト
ヵ所	箇所
ヶ所	箇所
一々	いちいち
一ころ	ひところ
一しょ	一緒
一すじ	一筋
一たび	一度
一とおり	一通り
一とたび	一度
一と先ず	ひとまず
一ぱい	いっぱい
一まず	ひとまず
一一	いちいち
一人ごと	独り言
一人でに	ひとりでに
一人ひとり	一人一人
一人言	独り言
一先	ひとまず
一先ず	ひとまず
一向	ひたすら
一嗹	一連
一寸	ちょっと
一往	一応
一旒	一流
一旦	いったん
一昨々日	一昨昨日
一条	一筋
一杯	いっぱい
一率	一律
一生けんめい	一生懸命
一生けん命	一生懸命
一盃	いっぱい
一頃	ひところ
丁度	ちょうど
万才	万歳
上まわる	上回る
上ル	上がる
上廻る	上回る
上手い	うまい
上気	浮気
上衣	上着
下さい	ください
下さる	くださる
下らない	くだらない
下番	かばん
不味い	まずい
不図	ふと
不圖	ふと
不悪	あしからず
不斗	ふと
不沙汰	無沙汰
不礼	無礼
且	かつ
且つ	かつ
並に	並びに
並み	並
並み木	並木
並樹	並木
中々	なかなか
中たり	当たり
中たる	当たる
中ば	半ば
中ほど	中程
中り	当たり
中る	当たる
中中	なかなか
中味	中身
串戯	冗談
丸っきり	まるっきり
丸っ切り	まるっきり
丸で	まるで
丸丸	丸々
丸事	丸ごと
丸毎	丸ごと
丹い	赤い
主る	司る
主旨	趣旨
主權	主権
主脳	首脳
丼ぶり	丼
乃ち	すなわち
乃至	ないし
乄切り	締め切り
久し振り	久しぶり
之	これ
之れ	これ
之等	これら
乗っとる	乗っ取る
乗りかえ	乗り換え
乗りかえる	乗り換える
乗りこむ	乗り込む
乗りもの	乗り物
乗り替え	乗り換え
乗り替える	乗り換える
乗換	乗り換え
乗換え	乗り換え
乗換える	乗り換える
乗替え	乗り換え
乗替える	乗り換える
乗物	乗り物
乗越し	乗り越し
乗込む	乗り込む
乘る	乗る
乱吹	吹雪
乱用	濫用
乾し物	干し物
乾す	干す
乾物	干し物
乾盃	乾杯
亂暴	乱暴
了える	終える
了る	終わる
予て	かねて
予め	あらかじめ
事	こと
事える	仕える
事がら	事柄
事によると	ことによると
事ム所	事務所
事務処	事務所
二十	二十歳
二子	双子
二度	再び
云いだす	言い出す
云い出す	言い出す
云う	言う
云わば	いわば
云云	云々
云出す	言い出す
五月蝿い	うるさい
五月蠅い	うるさい
井然	整然
亘る	渡る
亙る	渡る
些し	少し
些とも	ちっとも
亜ぐ	次ぐ
亜墨利加	アメリカ
亜弗利加	アフリカ
亜爾加里	アルカリ
亜米利加	アメリカ
亜細亜	アジア
亜美利加	アメリカ
亡い	ない
亡う	失う
亡す	滅ぼす
亡びる	滅びる
亡ぼす	滅ぼす
亢奮	興奮
交うる	交える
交す	交わす
交叉	交差
交叉点	交差点
享ける	受ける
京	都
人かげ	人影
人け	人気
人ごみ	人込み
人さし指	人差し指
人差指	人差し指
人指し指	人差し指
人混	人込み
人混み	人込み
人眼	人目
人財	人材
人込	人込み
什	十
仁和加	にわか
仁輪加	にわか
仆す	倒す
仆れる	倒れる
今さら	今更
今日は	こんにちは
今日わ	こんにちは
今晩は	こんばんは
介	貝
仕あげ	仕上げ
仕かける	仕掛ける
仕上	仕上げ
仕上り	仕上がり
仕上る	仕上がる
仕合	試合
仕合い	試合
仕合せ	幸せ
仕合わせ	幸せ
仕度	支度
仕掛	仕掛け
仕方が無い	仕方がない
仕末	始末
仕来たり	しきたり
仕来り	しきたり
仕様がない	しょうがない
仕様が無い	しょうがない
仕樣	仕様
仕組	仕組み
他所	よそ
付きあう	付き合う
付けくわえる	付け加える
付加える	付け加える
付合い	付き合い
付合う	付き合う
仝	どう
仟	千
代	世
代り	代わり
代る代る	代わる代わる
代わる	代る
代辨	代弁
代辯	代弁
仮に	かりに
仮名使い	仮名遣い
仮名遣	仮名遣い
仮字	仮名
仮寝	うたた寝
仮空	架空
仮粧	化粧
仰しゃる	おっしゃる
仰っしゃる	おっしゃる
仰る	おっしゃる
仰有る	おっしゃる
仲々	なかなか
仲よし	仲良し
仲仲	なかなか
仲好し	仲良し
企劃	企画
伍	五
伍つ	五つ
伎	技
伎能	技能
伐つ	討つ
休けい	休憩
休足	休息
会舘	会館
伜	せがれ
伯母さん	おばさん
伯父さん	おじさん
伴	供
伴なう	伴う
似あう	似合う
似かよう	似通う
但し	ただし
位地	位置
住い	住まい
住処	住所
佐ける	助ける
佑ける	助ける
体つき	体付き
何げない	何気ない
何だか	なんだか
何だかだ	なんだかんだ
何だかんだ	なんだかんだ
何だ彼だ	なんだかんだ
何だ彼んだ	なんだかんだ
何で	なんで
何でも	なんでも
何とか	なんとか
何とぞ	なにとぞ
何となく	なんとなく
何と無く	なんとなく
何なり	なんなり
何ぶん	何分
何も	なにも
何より	なにより
何何	何々
何処	どこ
何処か	どこか
何卒	なにとぞ
何所	どこ
何故	なぜ
何故なら	なぜなら
何時	いつ
何時か	いつか
何時でも	いつでも
何時の間にか	いつのまにか
何時までも	いつまでも
何時も	いつも
何時迄も	いつまでも
何気無い	何気ない
何處	どこ
余所	よそ
余猶	余裕
余程	よほど
佛	仏
佛像	仏像
佩びる	帯びる
佰	百
佳い	良い
併し	しかし
併しながら	しかしながら
併し乍ら	しかしながら
併せる	合わせる
併行	並行
使いみち	使い道
使い途	使い道
來る	来る
來年	来年
來月	来月
供に	共に
依る	よる
価	値
価する	値する
侯補	候補
侵掠	侵略
侶	供
便せん	便箋
便ち	すなわち
便る	頼る
係り	係
係る	係わる
俄	にわか
俄か	にわか
俟つ	待つ
俯く	うつむく
俯向く	うつむく
倅	せがれ
倉	蔵
個個	個々
個所	箇所
個条書き	箇条書き
倒	逆さま
倒さ	逆さ
倖せ	幸せ
倚りかかる	寄り掛かる
倚り懸かる	寄り掛かる
倚り懸る	寄り掛かる
倚る	寄る
倚子	椅子
値うち	値打ち
値引	値引き
値打	値打ち
倦きる	飽きる
倶に	共に
假名	仮名
偉力	威力
偏る	片寄る
偖	さて
停年	定年
側	かたわら
側ら	かたわら
偶々	たまたま
偶に	たまに
偶偶	たまたま
偸む	盗む
偽もの	偽物
偽客	桜
傍	かたわら
傍ら	かたわら
傑れる	優れる
備えつける	備え付ける
傚う	倣う
傭う	雇う
傷つく	傷付く
傷つける	傷付ける
傷み	痛み
傷付る	傷付ける
傾	斜め
僅か	わずか
價	値
儚い	はかない
優る	勝る
優利	有利
儲蓄	貯蓄
元々	もともと
元元	もともと
元氣	元気
充たす	満たす
充ちる	満ちる
充分	十分
先き	先
先ず	まず
先ほど	先程
先先月	先々月
先先週	先々週
先刻	さっき
先達て	先だって
克つ	勝つ
兎に角	とにかく
兎も角	ともかく
兎角	とかく
児	子
兔	兎
入れもの	入れ物
入口	入り口
入物	入れ物
內	うち
內容	内容
全っ然	全然
全べて	全て
八釜しい	やかましい
公苑	公園
六かしい	難しい
六ヶ敷い	難しい
六借しい	難しい
共かせぎ	共稼ぎ
共力	協力
其	それ
其々	それぞれ
其の	その
其のため	そのため
其のまま	そのまま
其の上	そのうえ
其の他	その他
其の儘	そのまま
其の内	そのうち
其の外	その他
其の為	そのため
其れ	それ
其れから	それから
其れで	それで
其れでは	それでは
其れでも	それでも
其れと	それと
其れとも	それとも
其れなら	それなら
其れに	それに
其れ其れ	それぞれ
其れ故	それゆえ
其れ程	それほど
其他	その他
其儘	そのまま
其其	それぞれ
其内	そのうち
其処	そこ
其処で	そこで
其処ら	そこら
其所	そこ
其程	それほど
具	妻
具える	備える
具合い	具合
兼ねて	かねて
冀望	希望
内	うち
内所	内緒
内証	内緒
円ら	つぶら
再來週	再来週
冥い	暗い
冩眞	写真
冱える	冴える
冷かす	冷やかす
冷す	冷やす
冷ぞう庫	冷蔵庫
凄い	すごい
准じる	準じる
凉しい	涼しい
凉む	涼む
凋む	しぼむ
凍り	氷
凝乎と	じっと
凝視める	見つめる
凡	おおよそ
凡て	全て
凡ゆる	あらゆる
処	ところ
処々	ところどころ
処処	ところどころ
凭りかかる	寄り掛かる
凭り掛かる	寄り掛かる
凭り掛る	寄り掛かる
凭る	寄る
凭れる	もたれる
出あう	出会う
出はいり	出入り
出むかえ	出迎え
出交す	出くわす
出会す	出くわす
出入口	出入り口
出切る	できる
出合う	出会う
出喰わす	出くわす
出掛ける	出かける
出来あがる	出来上がる
出来ごと	出来事
出来もの	できもの
出来るだけ	できるだけ
出来る丈	できるだけ
出来れば	できれば
出来上り	出来上がり
出来上る	出来上がる
出来物	できもの
出板	出版
出這入り	出入り
出逢う	出会う
出遭う	出会う
出鱈目	でたらめ
函	箱
函れる	入れる
凾	箱
分る	分かる
分れる	分かれる
切	切り
切かけ	きっかけ
切っかけ	きっかけ
切っ掛	きっかけ
切っ掛け	きっかけ
切り換え	切り替え
切掛	きっかけ
切掛け	きっかけ
切換	切り替え
切換え	切り替え
切替	切り替え
切替え	切り替え
切欠	きっかけ
切角	せっかく
列なる	連なる
列ねる	連ねる
列ぶ	並ぶ
初まり	始まり
初めに	はじめに
初めまして	はじめまして
判る	分かる
判子	はんこ
別ける	分ける
別別	別々
利き目	効き目
利く	効く
利巧	利口
利目	効き目
到る	至る
到底	とうてい
到頭	とうとう
制造	製造
刷子	ブラシ
刹那い	切ない
刺々	いらいら
刺しゅう	刺繍
刺し身	刺身
刺刺	いらいら
刺戟	刺激
刺繡	刺繍
剃刀	かみそり
則する	即する
則ち	すなわち
前以って	前もって
前以て	前もって
前売	前売り
剛い	強い
剝がす	剥がす
剝く	剥く
剝ぐ	剥ぐ
剝げる	はげる
剥げる	はげる
剥す	剥がす
剪刀	はさみ
副う	添う
副える	添える
割く	裂く
割ける	裂ける
割りこむ	割り込む
割りと	割と
割り合い	割合
割り引	割引
割り引き	割引
割引き	割引
割当	割り当て
割当て	割り当て
割算	割り算
割込む	割り込む
創	傷
創まる	始まる
創める	始める
創る	作る
劇しい	激しい
力めて	努めて
力める	努める
功夫	工夫
加留多	かるた
劫かす	脅かす
労る	いたわる
労わる	いたわる
労動	労働
効目	効き目
勁い	強い
勇悍	勇敢
勉めて	努めて
勉める	努める
勘える	考える
勘辨	勘弁
勝れる	優れる
勢	勢い
勢む	弾む
勤まる	務まる
勿体ない	もったいない
勿体無い	もったいない
勿論	もちろん
匂	匂い
匍う	這う
匕	さじ
化學	化学
匙	さじ
匣	箱
区々	まちまち
区切	区切り
区劃	区画
区区	まちまち
匿す	隠す
匿れる	隠れる
區別	区別
區劃	区画
區畫	区画
十露盤	そろばん
午	昼
午后	午後
卑下	ひげ
卒える	終える
卒る	終わる
卒直	率直
協同	共同
単皮	足袋
卜う	占う
卮	杯
危い	危ない
即く	就く
即ける	つける
即ち	すなわち
却々	なかなか
却って	かえって
却却	なかなか
厓	崖
厖大	膨大
原素	元素
厭	いや
厭々	いやいや
厭がる	嫌がる
厭きる	飽きる
厭に	いやに
厭らしい	いやらしい
厭厭	いやいや
参	三
參	三
參考	参考
又は	または
及	及び
友だち	友達
双つ	二つ
双ぶ	並ぶ
双べる	並べる
双対	相対
反す	返す
反って	かえって
反影	反映
反撥	反発
叔母さん	おばさん
叔父さん	おじさん
取っ手	とって
取りあえず	とりあえず
取りあげる	取り上げる
取りあつかう	取り扱う
取りいれる	取り入れる
取りかえる	取り替える
取りたてる	取り立てる
取りだす	取り出す
取りつぐ	取り次ぐ
取りつける	取り付ける
取りのぞく	取り除く
取りまく	取り巻く
取りもどす	取り戻す
取り合えず	とりあえず
取り引き	取引
取り扱	取り扱い
取り換える	取り替える
取り敢えず	とりあえず
取り継ぐ	取り次ぐ
取り締り	取り締まり
取上げる	取り上げる
取付ける	取り付ける
取入れる	取り入れる
取出す	取り出す
取合えず	とりあえず
取寄せる	取り寄せる
取巻く	取り巻く
取引き	取引
取戻す	取り戻す
取手	とって
取扱	取り扱い
取扱い	取り扱い
取扱う	取り扱う
取換える	取り替える
取換る	取り替える
取敢えず	とりあえず
取替	取り替え
取替える	取り替える
取次ぐ	取り次ぐ
取消す	取り消す
取混ぜる	取り混ぜる
取立てる	取り立てる
取組む	取り組む
取継ぐ	取り次ぐ
取締	取り締まり
取締まり	取り締まり
取締まる	取り締まる
取締り	取り締まり
取締る	取り締まる
取調べる	取り調べる
取除く	取り除く
受けいれる	受け入れる
受けたまわる	承る
受けつぐ	受け継ぐ
受けつけ	受付
受けつける	受け付ける
受けとめる	受け止める
受けとる	受け取る
受け付	受付
受け付け	受付
受け取	受け取り
受け容れる	受け入れる
受け賜る	承る
受け賜わる	承る
受け身	受身
受付け	受付
受付ける	受け付ける
受入	受け入れ
受入れ	受け入れ
受入れる	受け入れる
受取	受け取り
受取り	受け取り
受取る	受け取る
受容れる	受け入れる
受持	受け持ち
受持ち	受け持ち
受話機	受話器
受附	受付
叛く	背く
叛する	反する
叛乱	反乱
叢がる	群がる
口吟む	口ずさむ
口嘴	くちばし
口惜しい	悔しい
口遊む	口ずさむ
句切	区切り
句切り	区切り
句切る	区切る
只今	ただいま
只管	ひたすら
召しあがる	召し上がる
召し上る	召し上がる
召上がる	召し上がる
叮嚀	丁寧
可なり	かなり
可也	かなり
可哀そう	かわいそう
可哀想	かわいそう
可哀相	かわいそう
可怪しい	おかしい
可愛い	かわいい
可愛そう	かわいそう
可成	かなり
可成り	かなり
可笑しい	おかしい
台なし	台無し
台詞	セリフ
司どる	司る
吁	ああ
吃逆	しゃっくり
各	各々
各別	格別
各各	各々
合い間	合間
合す	合わす
合せる	合わせる
合憎	あいにく
吉い	良い
吊す	吊るす
吊り鐘	釣鐘
吊鐘	釣鐘
吊革	吊り革
同い歳	同い年
名づける	名付ける
名まえ	名前
名残り	名残
后	後
吐かす	抜かす
吐きけ	吐き気
吐気	吐き気
向い	向かい
吝しむ	惜しむ
吝嗇	けち
吞みこむ	飲み込む
吞み込む	飲み込む
吞む	飲む
吞気	のんき
否	いや
吭	喉
吼える	吠える
吾	我
吾々	我々
吾れ	我
吾吾	我々
呆ける	ぼける
呆んやり	ぼんやり
呆気ない	あっけない
呆気無い	あっけない
呉々も	くれぐれも
呉れる	くれる
呉れ呉れも	くれぐれも
呉呉も	くれぐれも
呑みこむ	飲み込む
呑み込む	飲み込む
呑む	飲む
呑気	のんき
呑込む	飲み込む
呟く	つぶやく
周章てる	慌てる
呵る	叱る
呶鳴る	怒鳴る
呻る	うなる
呼びかける	呼び掛ける
呼びだす	呼び出す
呼びとめる	呼び止める
呼び留める	呼び止める
呼出す	呼び出す
呼掛ける	呼び掛ける
呼止める	呼び止める
呼留める	呼び止める
咄	話
咄す	話す
咄嗟に	とっさに
咆える	吠える
咎める	とがめる
咖哩	カレー
咖喱	カレー
咥える	くわえる
咨る	諮る
咬む	噛む
咲い	笑い
咲う	笑う
咽	喉
咽喉	喉
哀しい	悲しい
哀しむ	悲しむ
品もの	品物
哂う	笑う
哥留多	かるた
哭	音
唄	歌
唄う	歌う
唖	あ
唯今	ただいま
唱う	歌う
唸る	うなる
問	問い
問い合せ	問い合わせ
問い合せる	問い合わせる
問合	問い合わせ
問合せ	問い合わせ
問合せる	問い合わせる
問合わせ	問い合わせ
問合わせる	問い合わせる
啖う	食う
啞	あ
啣える	くわえる
啼く	鳴く
善い	良い
善し	よし
善しあし	善し悪し
喋る	しゃべる
喙	くちばし
喚び出す	呼び出す
喚ぶ	呼ぶ
喧しい	やかましい
喩える	例える
喪う	失う
喫う	吸う
喰う	食う
喰べる	食べる
営養	栄養
嗚呼	ああ
嗟	ああ
嗟乎	ああ
嗣ぐ	継ぐ
嗤い	笑い
嗤う	笑う
嘉留太	かるた
嘔き気	吐き気
嘗て	かつて
嘗める	なめる
嘘付き	嘘つき
嘘吐き	嘘つき
嘲う	嘲笑う
嘴	くちばし
噓	嘘
噓吐き	嘘つき
噛じる	かじる
噛る	かじる
噦	しゃっくり
器管	器官
噫	ああ
噸	トン
噺	話
嚇かす	脅かす
嚇す	脅す
嚏	くしゃみ
嚔	くしゃみ
嚙む	噛む
嚢	袋
嚼む	噛む
囀る	さえずる
囁く	ささやく
囓る	かじる
回り路	回り道
回る	巡る
因る	よる
団扇	うちわ
図図しい	図々しい
固まり	塊
国ざかい	国境
国境い	国境
国界	国境
國	国
國家	国家
國語	国語
國際	国際
圓	円
圖	図
土圭	時計
圧さえる	押さえる
圧す	押す
在りのまま	ありのまま
在りの儘	ありのまま
在る	ある
址	跡
均しい	等しい
坊っちゃん	坊ちゃん
坏	杯
坐る	座る
坐わる	座る
坐席	座席
坐敷	座敷
坐蒲団	座布団
埃	ほこり
埋めこむ	埋め込む
埋込む	埋め込む
埜	野
埦	碗
執拗い	しつこい
執著	執着
基く	基づく
基ずく	基づく
基付く	基づく
基盤	基板
堂堂	堂々
堅める	固める
堕とす	落とす
堤出	提出
堪らない	たまらない
報え	答え
報せ	知らせ
報せる	知らせる
報導	報道
塊まり	塊
塊り	塊
塡まる	はまる
塡める	はめる
塩から	塩辛
填まる	はまる
塵取	ちりとり
塵取り	ちりとり
境い	境
増々	ますます
増して	まして
増す増す	ますます
増化	増加
増増	ますます
墜ちる	落ちる
墜とす	落とす
壜	瓶
壜詰	瓶詰め
壜詰め	瓶詰め
壟	丘
士	侍
壮ん	盛ん
壱	一
売り上	売り上げ
売れゆき	売れ行き
売上	売り上げ
売上げ	売り上げ
売出	売り出し
売出し	売り出し
売出す	売り出す
売切	売り切れ
売切れ	売り切れ
売切れる	売り切れる
売場	売り場
売行	売れ行き
売行き	売れ行き
壷	つぼ
壹	一
壺	つぼ
壻	婿
壼	つぼ
変る	変わる
夕がた	夕方
夕ぐれ	夕暮れ
夕めし	夕飯
夕やけ	夕焼け
夕メシ	夕飯
夕暮	夕暮れ
夕焼	夕焼け
夕立ち	夕立
夕陽	夕日
外方	そっぽ
多いに	大いに
夜なか	夜中
夜ふかし	夜更かし
夜ふけ	夜更け
夜明	夜明け
夜更し	夜更かし
夜深け	夜更け
夣	夢
夥しい	おびただしい
大げさ	おおげさ
大ざっぱ	おおざっぱ
大ぜい	大勢
大そう	たいそう
大ちゅき	大好き
大てい	たいてい
大へん	大変
大よそ	おおよそ
大体	だいたい
大凡	おおよそ
大學	大学
大屋	大家
大層	たいそう
大巾	大幅
大抵	たいてい
大氣	大気
大袈裟	おおげさ
大通	大通り
大雑把	おおざっぱ
天辺	てっぺん
夫々	それぞれ
夫れ夫れ	それぞれ
夫夫	それぞれ
失くす	なくす
失くなる	なくなる
失なう	失う
奇怪しい	おかしい
奇麗	きれい
奉げる	捧げる
契る	ちぎる
奔る	走る
奧	奥
奨める	勧める
女のこ	女の子
女のコ	女の子
奴	やつ
好い	良い
好い加減	いい加減
好ききらい	好き嫌い
好きずき	好き好き
好し	よし
好加減	いい加減
好嫌	好き嫌い
好嫌い	好き嫌い
好運	幸運
如何	いかが
如何して	どうして
如何しても	どうしても
如何に	いかに
如何にも	いかにも
妨碍	妨害
妨礙	妨害
妬ける	焼ける
始めて	初めて
始めに	はじめに
始めまして	はじめまして
姐	姉
姑く	しばらく
委しい	詳しい
委す	任す
委せる	任せる
委托	委託
威かす	脅かす
威す	脅す
娯しい	楽しい
娯しむ	楽しむ
娵	嫁
婦	嫁
媒	仲人
媒人	仲人
媳	嫁
嫁ける	片付ける
嫉ける	焼ける
嫉む	妬む
嫌	いや
嫌々	いやいや
嫌に	いやに
嫌らしい	いやらしい
嫌嫌	いやいや
子ども	子供
子共	子供
孔	穴
字引き	字引
孤	孤児
孤悲	恋
学文	学問
学門	学問
孰れ	いずれ
學ぶ	学ぶ
學校	学校
學生	学生
學習	学習
宇	軒
守護る	守る
安神	安心
完ぺき	完璧
完壁	完璧
宏い	広い
定木	定規
宛	当て
宛て	当て
宛て名	宛名
宛て字	当て字
宛字	当て字
宜い	良い
宜しい	よろしい
宣べる	述べる
害う	損なう
宵	よい
家書	かしょ
家根	屋根
家礼	家来
家頼	家来
容	形
容れる	入れる
容れ物	入れ物
容子	様子
容易い	たやすい
容気	気質
容物	入れ物
寄こす	よこす
寄りかかる	寄り掛かる
寄り掛る	寄り掛かる
寄越す	よこす
寄附	寄付
富み	富
寐る	寝る
寐坊	寝坊
寒け	寒気
寔に	誠に
寡い	少ない
寡し	少し
寡ない	少ない
實に	実に
寧	むしろ
寧ろ	むしろ
寫眞	写真
寫真	写真
寳	宝
寶	宝
対い	向かい
対う	向かう
対治	退治
専ら	もっぱら
専問	専門
射つ	撃つ
将棊	将棋
將來	将来
將棋	将棋
專問	専門
專門	専門
對	対
小々	少々
小がら	小柄
小供	子供
小包み	小包
小売り	小売
小女	少女
小小	少々
小母さん	おばさん
小父さん	おじさん
小遣	小遣い
少い	少ない
少少	少々
尖い	鋭い
尖がる	尖る
尖んがる	尖る
尖端	先端
尚	なお
尚お	なお
尚さら	なおさら
尚ぶ	尊ぶ
尚更	なおさら
尠い	少ない
尠ない	少ない
尤める	とがめる
尨大	膨大
就ける	つける
尻尾	しっぽ
尽く	ことごとく
尽す	尽くす
居らっしゃる	いらっしゃる
居る	いる
居睡り	居眠り
屆ける	届ける
届け	届
屍体	死体
屏	塀
屑	くず
展げる	広げる
屡	しばしば
屡々	しばしば
屡屡	しばしば
履	靴
履む	踏む
屯	トン
山嶽	山岳
屹度	きっと
岐れる	分かれる
岡	丘
岩乗	頑丈
峯	峰
峻しい	険しい
崎	岬
崩潰	崩壊
嵌まる	はまる
嵌める	はめる
嵌る	はまる
嵩む	かさむ
嵩張る	かさばる
嶋	島
嶮しい	険しい
嶺	峰
巌	岩
巖	岩
工合	具合
工合い	具合
左きき	左利き
左利	左利き
左様なら	さようなら
左様奈良	さようなら
左程	さほど
巧い	うまい
巨きい	大きい
巫山戯る	ふざける
差しあげる	差し上げる
差しかかる	差し掛かる
差しだす	差し出す
差し掛る	差し掛かる
差上げる	差し上げる
差出す	差し出す
差引	差し引き
差引き	差し引き
差支え	差し支え
差支える	差し支える
差閊	差し支え
差閊え	差し支え
己	俺
己惚れ	うぬぼれ
已に	すでに
已む	止む
已むを得ない	やむをえない
已める	止める
已上	以上
已下	以下
已前	以前
已後	以後
已来	以来
已降	以降
巵	杯
巾	幅
市庭	市場
布く	敷く
希	まれ
帚	箒
帶	帯
幡	旗
干与	関与
干物	干し物
平仮名	ひらがな
年ごろ	年頃
年じゅう	年中
年より	年寄り
年令	年齢
年寄	年寄り
幽か	かすか
幽欝	憂鬱
幽鬱	憂鬱
幾つ	いくつ
幾ど	ほとんど
広びろ	広々
広広	広々
庇う	かばう
庖丁	包丁
度々	たびたび
度度	たびたび
座ぶとん	座布団
座わる	座る
座蒲団	座布団
庫	蔵
廃める	止める
廉い	安い
廣い	広い
廣告	広告
延いては	ひいては
延う	這う
建てもの	建物
建て前	建前
建て物	建物
建もの	建物
廻り路	回り道
廻り道	回り道
廻る	巡る
廻覧	回覧
廻転	回転
廻送	回送
廿	二十歳
廿日	二十日
弁當	弁当
弄る	いじる
弌	一
弍	二
弎	三
弐	二
引きあげる	引き上げる
引きうける	引き受ける
引きおこす	引き起こす
引きかえす	引き返す
引きだす	引き出す
引きとめる	引き止める
引きとる	引き取る
引き揚げる	引き上げる
引き摺る	引きずる
引き留める	引き止める
引き起す	引き起こす
引っかかる	引っ掛かる
引っかく	引っ掻く
引っくり返す	ひっくり返す
引っくり返る	引っ繰り返る
引っこし	引っ越し
引っこす	引っ越す
引っこむ	引っ込む
引っぱる	引っ張る
引っ掛る	引っ掛かる
引っ搔く	引っ掻く
引っ繰り返す	ひっくり返す
引上げる	引き上げる
引下げる	引き下げる
引出し	引き出し
引出す	引き出す
引分け	引き分け
引取る	引き取る
引受ける	引き受ける
引受る	引き受ける
引張る	引っ張る
引掻く	引っ掻く
引揚げる	引き上げる
引摺る	引きずる
引止める	引き止める
引留める	引き止める
引算	引き算
引繰り返す	ひっくり返す
引繰り返る	引っ繰り返る
引起こす	引き起こす
引起す	引き起こす
引越	引っ越し
引越し	引っ越し
引越す	引っ越す
引返す	引き返す
弘い	広い
弘まる	広まる
弘める	広める
弛い	緩い
弛み	たるみ
弛める	緩める
弥々	いよいよ
弥る	渡る
弥弥	いよいよ
弭	はず
張る	貼る
張紙	張り紙
強き	強気
強請る	ねだる
弾機	ばね
当たりめー	当たり前
当て嵌まる	当てはまる
当て嵌める	当てはめる
当り	当たり
当りまえ	当たり前
当り前	当たり前
当る	当たる
当前	当然
当字	当て字
形体	形態
形気	気質
彩やか	鮮やか
役にたつ	役に立つ
役割り	役割
彼の	あの
彼れ	あれ
彼処	あそこ
彼所	あそこ
彼是	あれこれ
彼此	あれこれ
彼等	彼ら
往き	行き
往く	行く
径	道
径路	経路
待ちあわせ	待ち合わせ
待ちあわせる	待ち合わせる
待ちどうしい	待ち遠しい
待ちのぞむ	待ち望む
待ち合い室	待合室
待ち合せ	待ち合わせ
待ち合せる	待ち合わせる
待合い室	待合室
待合せ	待ち合わせ
待合わせ	待ち合わせ
待望む	待ち望む
待遠しい	待ち遠しい
後らす	遅らす
後れ	遅れ
後れる	遅れる
後継	跡継ぎ
後継ぎ	跡継ぎ
徐か	静か
徐徐に	徐々に
徐航	徐行
徒遣い	無駄遣い
従って	したがって
従兄弟	いとこ
従姉妹	いとこ
從う	従う
御かわり	おかわり
御不沙汰	御無沙汰
御世辞	お世辞
御主人	ご主人
御互い	お互い
御代り	おかわり
御代わり	おかわり
御休み	お休み
御伴	お供
御使	お使い
御使い	お使い
御供	お供
御兄さん	お兄さん
御免	ごめん
御免ください	ごめんください
御免なさい	ごめんなさい
御免下さい	ごめんください
御八つ	おやつ
御出でになる	おいでになる
御出掛け	お出掛け
御前	お前
御参り	お参り
御喋り	おしゃべり
御土産	お土産
御姉さん	お姉さん
御姐さん	お姉さん
御婆さん	おばあさん
御嬢さん	お嬢さん
御子さん	お子さん
御存じ	ご存じ
御存知	ご存じ
御宅	お宅
御巡りさん	おまわりさん
御帰り	お帰り
御弁当	お弁当
御待ち遠様	おまちどおさま
御手上げ	お手上げ
御手伝いさん	お手伝いさん
御手洗	お手洗い
御手洗い	お手洗い
御掛け下さい	おかけください
御数	おかず
御方	味方
御早う	おはよう
御昼	お昼
御替り	おかわり
御替わり	おかわり
御構いなく	おかまいなく
御構い無く	おかまいなく
御母さん	お母さん
御洒落	おしゃれ
御父さん	お父さん
御爺さん	おじいさん
御産	お産
御目にかかる	お目に掛かる
御目に掛かる	お目に掛かる
御目出度い	おめでたい
御目出度う	おめでとう
御礼	お礼
御祀	お祭り
御祀り	お祭り
御祖母さん	おばあさん
御祖父さん	おじいさん
御祝	お祝い
御祝い	お祝い
御祭	お祭り
御祭り	お祭り
御腹	お腹
御芽出度う	おめでとう
御苦労さま	ご苦労様
御苦労様	ご苦労様
御茶	お茶
御菓子	お菓子
御菜	おかず
御蔭	おかげ
御蔭様で	おかげさまで
御袋	お袋
御襁褓	おむつ
御見舞	お見舞い
御見舞い	お見舞い
御覧	ごらん
御覧になる	ごらんになる
御負け	おまけ
御辞儀	お辞儀
御遣い	お使い
御邪魔します	お邪魔します
御酒	お酒
御金	お金
御金持ち	お金持ち
御釣	おつり
御釣り	おつり
御陰	おかげ
御陰様で	おかげさまで
御願いします	お願いします
御風呂	お風呂
御飯	ご飯
御馳走	ごちそう
御馳走様	ごちそうさま
復る	帰る
復数	複数
循還	循環
微か	かすか
微温い	ぬるい
徹す	通す
徹る	通る
心あたり	心当たり
心がけ	心掛け
心がける	心掛ける
心ぼそい	心細い
心みる	試みる
心当り	心当たり
心懸け	心掛け
心懸ける	心掛ける
心良い	快い
心見る	試みる
心辺り	心当たり
必用	必要
忘れもの	忘れ物
忘れもん	忘れ物
忙がしい	忙しい
応え	答え
応待	応対
快復	回復
快霽	快晴
忰	せがれ
念う	思う
忽ち	たちまち
怖れ	恐れ
怖れる	恐れる
怖ろしい	恐ろしい
思いきり	思い切り
思いこむ	思い込む
思いだす	思い出す
思いっ切り	思いっきり
思いつき	思い付き
思いつく	思い付く
思いで	思い出
思い掛けない	思いがけない
思い掛け無い	思いがけない
思ひ出	思い出
思出	思い出
思出す	思い出す
怠い	だるい
怠納	滞納
怡々	いい
怡怡	いい
急劇	急激
急度	きっと
怨み	恨み
怨む	恨む
怺える	堪える
恃む	頼む
恋いしい	恋しい
恍ける	とぼける
恐い	怖い
恐らく	おそらく
恐れいる	恐れ入る
恢復	回復
恤む	恵む
恥かしい	恥ずかしい
恥しい	恥ずかしい
恥じ	恥
恥らう	恥じらう
恰好	格好
恰度	ちょうど
悉く	ことごとく
悒欝	憂鬱
悒鬱	憂鬱
悔む	悔やむ
悔やしい	悔しい
悛める	改める
悠悠	悠々
悦び	喜び
悦ぶ	喜ぶ
悧口	利口
悧巧	利口
悪しからず	あしからず
悪どい	あくどい
悪む	憎む
悪戯	いたずら
悲酸	悲惨
悴	せがれ
悸える	怯える
情け無い	情けない
情ない	情けない
情態	状態
情況	状況
情深い	情け深い
情無い	情けない
惘れる	呆れる
惘然	呆然
惟	これ
惟う	思う
惡	悪
惡い	悪い
惡口	悪口
惡戲	いたずら
惣て	全て
惧れる	恐れる
惨め	みじめ
惨刻	残酷
惨酷	残酷
想いで	思い出
想い出	思い出
想う	思う
想出	思い出
惹き起こす	引き起こす
惹き起す	引き起こす
愈	いよいよ
愈々	いよいよ
愈愈	いよいよ
愉しい	楽しい
愉しみ	楽しみ
愉しむ	楽しむ
意う	思う
意嚮	意向
意張る	威張る
意慾	意欲
意気ごむ	意気込む
愕く	驚く
愚癡	愚痴
愛しむ	惜しむ
愛でたい	めでたい
愧じる	恥じる
慄える	震える
態々	わざわざ
態と	わざと
態態	わざわざ
慌しい	慌ただしい
慎む	謹む
慙じる	恥じる
慣々しい	馴れ馴れしい
慣らう	倣う
慣慣しい	馴れ馴れしい
慥かめる	確かめる
慶び	喜び
慶ぶ	喜ぶ
慾望	欲望
憂うつ	憂鬱
憂欝	憂鬱
憐れ	哀れ
憑む	頼む
憧憬れる	憧れる
憫れ	哀れ
憬れ	憧れ
憬れる	憧れる
憶う	思う
憶える	覚える
憶病	臆病
憾み	恨み
懈い	だるい
懐う	思う
懶ける	怠ける
懼れる	恐れる
戀	恋
戍る	守る
成る	なる
成るたけ	なるたけ
成るべく	なるべく
成るほど	なるほど
成る丈	なるたけ
成る可く	なるべく
成る程	なるほど
成程	なるほど
成立つ	成り立つ
我がまま	わがまま
我が侭	わがまま
我が儘	わがまま
我れ	我
我われ	我々
我侭	わがまま
我儘	わがまま
我我	我々
或	ある
或いは	あるいは
或る	ある
或るいは	あるいは
戯談	冗談
戰い	戦い
戰う	戦う
戰鬪	戦闘
戴きます	いただきます
戴く	いただく
戸じまり	戸締まり
戸だな	戸棚
戸締り	戸締まり
所	ところ
所々	ところどころ
所が	ところが
所で	ところで
所所	ところどころ
所為	せい
所謂	いわゆる
扁たい	平たい
扇風器	扇風機
手おくれ	手遅れ
手がかり	手掛かり
手がける	手掛ける
手ぎわ	手際
手つだい	手伝い
手つだう	手伝う
手ぬぐい	手拭い
手のひら	掌
手の平	掌
手はず	手筈
手びき	手引き
手ぶくろ	手袋
手もと	手元
手帖	手帳
手引	手引き
手当て	手当
手後れ	手遅れ
手懸かり	手掛かり
手懸ける	手掛ける
手懸り	手掛かり
手拭	手拭い
手掛り	手掛かり
手洗	手洗い
手続	手続き
手許	手元
手近か	手近
手鎖	手錠
手頚	手首
手頸	手首
打	ダース
打ちあわせ	打ち合わせ
打ちこむ	打ち込む
打ち合せ	打ち合わせ
打つける	ぶつける
打付ける	ぶつける
打切る	打ち切る
打合せ	打ち合わせ
打合わせ	打ち合わせ
打明ける	打ち明ける
打消	打ち消し
打消し	打ち消し
打消す	打ち消す
打込む	打ち込む
払いもどす	払い戻す
払戻す	払い戻す
扠	さて
扣える	控える
扣除	控除
扨	さて
扶ける	助ける
批難	非難
承ける	受ける
把	束
把っ手	とって
把む	掴む
把手	とって
抓む	摘む
抓める	つねる
抓る	つねる
投る	放る
折ぐ	剥ぐ
折り	折
折りかえす	折り返す
折中	折衷
折角	せっかく
折返す	折り返す
抛りこむ	放り込む
抛り出す	放り出す
抛り込む	放り込む
抛る	放る
抜けだす	抜け出す
抜出す	抜け出す
択ぶ	選ぶ
押える	押さえる
押しきる	押し切る
押しこむ	押し込む
押しよせる	押し寄せる
押し入れ	押入れ
押入	押入れ
押切る	押し切る
押寄せる	押し寄せる
抽き出し	引き出し
抽せん	抽選
抽出し	引き出し
抽匣	引き出し
抽斗	引き出し
抽籤	抽選
拈る	捻る
拍つ	打つ
拒ぐ	防ぐ
拗じる	ねじる
拗る	ねじる
拜見	拝見
拠る	よる
拡がる	広がる
拡げる	広げる
括弧	かっこ
拯う	救う
拵える	こしらえる
拾	十
拾集	収集
持たらす	もたらす
持ちあげる	持ち上げる
持ちきり	持ち切り
持てなす	もてなす
持てる	もてる
持て成す	もてなす
持上げる	持ち上げる
持切り	持ち切り
指さす	指差す
指指す	指差す
指環	指輪
指麾	指揮
按じる	案じる
挘る	むしる
振り	ふり
振りかえる	振り返る
振りがな	ふりがな
振り仮名	ふりがな
振り出	振り出し
振る舞う	振舞う
振仮名	ふりがな
振出	振り出し
振出し	振り出し
振向く	振り向く
振返る	振り返る
挾む	挟む
挿む	挟む
捉える	捕える
捉まえる	捕まえる
捉まる	捕まる
捉む	掴む
捌	八
捕らえる	捕える
捕穫	捕獲
捗る	はかどる
捩じる	ねじる
捩じれる	捩れる
捩る	ねじる
捩子	ねじ
据えつける	据え付ける
据付ける	据え付ける
捲る	めくる
捷利	勝利
捺く	突く
捺す	押す
捻じる	ねじる
捻じれる	捩れる
捻れる	捩れる
捻子	ねじ
掃う	払う
掌る	司る
排列	配列
掖	脇
掠る	かする
掠奪	略奪
採りあげる	取り上げる
採りいれる	取り入れる
採りだす	取り出す
採り上げる	取り上げる
採り入れる	取り入れる
採り出す	取り出す
採上げる	取り上げる
採入れる	取り入れる
探険	探検
接続る	つながる
控室	控え室
掩う	覆う
掴まえる	捕まえる
掴まる	捕まる
掻きまわす	掻き回す
掻く	かく
揉める	もめる
描寫	描写
提挈	提携
揚がり	上がり
換る	代る
換わる	代る
援ける	助ける
揶揄う	からかう
揺さ振る	揺さぶる
損う	損なう
搏つ	打つ
搔き回す	掻き回す
搔く	かく
搦む	絡む
携る	携わる
搾る	絞る
摂りいれる	取り入れる
摂り入れる	取り入れる
摑まる	捕まる
摑む	掴む
摧く	砕く
摧ける	砕ける
摩る	擦る
摩れる	擦れる
摸倣	模倣
摸索	模索
摺る	刷る
撒く	まく
撚る	捻る
撞く	突く
撥条	ばね
播く	まく
撮す	写す
撰ぶ	選ぶ
撲つ	打つ
撲る	殴る
擁く	抱く
擂る	擦る
擂れる	擦れる
擅制	専制
擣つ	打つ
擦れ違い	すれちがい
擦れ違う	すれ違う
擲る	殴る
擽ぐったい	くすぐったい
擽ったい	くすぐったい
攫む	掴む
支払	支払い
放りこむ	放り込む
放りだす	放り出す
故	ゆえ
故い	古い
救ける	助ける
敗ける	負ける
敗北る	負ける
教料書	教科書
敢えて	あえて
敢て	あえて
散播く	ばらまく
散步	散歩
散蒔く	ばらまく
数々	しばしば
数数	しばしば
敲く	叩く
敵わない	かなわない
斃す	倒す
斃れる	倒れる
文藝	文芸
斉う	整う
斉える	整える
斉しい	等しい
斎	祝い
斎う	祝う
斑	むら
斗い	戦い
斗う	戦う
断える	絶える
断わる	断る
斯う	こう
斯うして	こうして
新ためて	改めて
新らしい	新しい
斷つ	断つ
方がた	方々
方則	法則
方方	方々
於	おいて
於いて	おいて
於て	おいて
於乎	ああ
於戯	ああ
旁	かたわら
旌	旗
无	無
既に	すでに
日あたり	日当たり
日かげ	日陰
日ごろ	日頃
日ざし	日差し
日どり	日取り
日なた	日向
日やけ	日焼け
日付け	日付
日南	日向
日取	日取り
日射し	日差し
日差	日差し
日当	日当たり
日当り	日当たり
日影	日陰
日日	日にち
日焼	日焼け
日蔭	日陰
日附	日付
旧い	古い
旨い	うまい
旨味しい	おいしい
旺ん	盛ん
昂まる	高まる
昂奮	興奮
昇り	上り
明い	明るい
明き	空き
明けがた	明け方
明り	明かり
明りょう	明瞭
明了	明瞭
明亮	明瞭
明方	明け方
明明後日	明々後日
昏い	暗い
昏れる	暮れる
映畫	映画
映畵	映画
昨夕	昨夜
是から	これから
是れ	これ
是否	是非
是等	これら
是非とも	ぜひとも
是非共	ぜひとも
昼ごはん	昼ご飯
昼めし	昼飯
昼メシ	昼飯
昼寐	昼寝
昼御飯	昼ご飯
時おり	時折
時どき	時々
時剋	時刻
時折り	時折
時時	時々
時間割り	時間割
晝	昼
晩い	遅い
晩ごはん	晩ご飯
晩御飯	晩ご飯
普偏	普遍
普辺	普遍
景	影
晴	晴れ
智恵	知恵
智慧	知恵
智能	知能
智識	知識
暉麗	きれい
暖気	のんき
暗れる	暮れる
暢気	のんき
暫く	しばらく
暫らく	しばらく
暮	暮れ
暮し	暮らし
暮す	暮らす
曇	曇り
曖昧	あいまい
曝露	暴露
曲る	曲がる
曳く	引く
更に	さらに
更める	改める
書き留め	書留
書取	書き取り
書取る	書き取る
書斉	書斎
書留め	書留
曽て	かつて
曾て	かつて
替り	代わり
替る	代る
替わり	代わり
替わる	代る
最后	最後
最早	もはや
會社	会社
月並	月並み
月次	月並み
有らゆる	あらゆる
有りがとう	ありがとう
有りさま	有様
有りのまま	ありのまま
有りの侭	ありのまま
有りの儘	ありのまま
有り様	有様
有り触れる	ありふれる
有り難い	ありがたい
有り難う	ありがとう
有る	ある
有繋	さすが
有触れる	ありふれる
有難い	ありがたい
有難う	ありがとう
朋	友
朔	一日
朔日	一日
朝ごはん	朝ご飯
朝御飯	朝ご飯
木棉	木綿
未醤	味噌
本々	もともと
本もの	本物
本本	もともと
本當	本当
朱	赤
朱い	赤い
杜	森
杜絶える	途絶える
束の間	つかの間
条	筋
来たる	来る
杪	梢
板画	版画
枉げる	曲げる
枚	びら
果	果て
果して	果たして
果す	果たす
果ない	はかない
果敢ない	はかない
果敢無い	はかない
果無い	はかない
架かる	かかる
柒	七
染み染み	しみじみ
染る	染まる
栖	巣
校しゃ	校舎
校売	購買
根まわし	根回し
根柢	根底
框	枠
案の上	案の定
案の条	案の定
梅干	梅干し
梯	はしご
梯子	はしご
梳く	解く
梺	麓
棄す	こぼす
棄てる	捨てる
棉	綿
棊	碁
棋	碁
棧橋	桟橋
棹	竿
植え木	植木
椙	杉
椛	紅葉
検める	改める
椽側	縁側
楯	盾
楳	梅
極	ごく
極く	ごく
極まり	決まり
極まり悪い	きまりわるい
極める	決める
極り	決まり
極り悪い	きまりわるい
極る	決まる
楽む	楽しむ
構う	かまう
様様	様々
槽	舟
樂しい	楽しい
樂しむ	楽しむ
標	印
標示	表示
横ぎる	横切る
樹	木
橋わたし	橋渡し
橢円	楕円
檀那	旦那
檐	軒
檢事	検事
櫻	桜
欠	あくび
欠伸	あくび
次いで	ついで
次次	次々
欣しい	嬉しい
欣ぶ	喜ぶ
欧羅巴	ヨーロッパ
欲ばり	欲張り
欺す	騙す
歇む	止む
歌留多	かるた
歎く	嘆く
歓び	喜び
歓ぶ	喜ぶ
止す	よす
止むをえない	やむをえない
止むを得ない	やむをえない
正しく	まさしく
正に	まさに
正油	醤油
此	これ
此から	これから
此の間	この間
此の頃	この頃
此れ	これ
此れから	これから
此れ等	これら
此処	ここ
此所	ここ
此方こそ	こちらこそ
此等	これら
此間	こないだ
步く	歩く
武道	ぶどう
歩	歩み
歯みがき	歯磨き
歯磨	歯磨き
歳	年
歴る	経る
歷史	歴史
歸る	帰る
殆ど	ほとんど
殆んど	ほとんど
残刻	残酷
殖える	増える
殖やす	増やす
殖民地	植民地
殪す	倒す
殪れる	倒れる
段々	だんだん
段段	だんだん
段袋	ズボン
殺陣	たて
毀す	壊す
毀れる	壊れる
毅い	強い
毛革	毛皮
毟る	むしる
毬	鞠
気がね	気兼ね
気ずく	気付く
気だて	気立て
気づく	気付く
気にいる	気に入る
気のどく	気の毒
気まじめ	生真面目
気をつける	気を付ける
気嫌	機嫌
気持	気持ち
気真面目	生真面目
気立	気立て
気紛れ	気まぐれ
気触れる	かぶれる
気附く	気付く
気障	きざ
氣	気
氣持ち	気持ち
氣象	気象
水け	水気
氷る	凍る
永々	長々
永い	長い
永永	長々
汀	渚
汎ゆる	あらゆる
汎濫	氾濫
汐	潮
汚ない	汚い
汚らわしい	けがらわしい
江に	縁
決まり悪い	きまりわるい
決り	決まり
決り悪い	きまりわるい
決る	決まる
沁みる	染みる
沁み沁み	しみじみ
沁沁	しみじみ
沈澱	沈殿
沒落	没落
沓	靴
沓下	靴下
沙	砂
沙漠	砂漠
沢山	たくさん
沫	泡
沮む	阻む
沮止	阻止
沸す	沸かす
油画	油絵
況して	まして
泊る	泊まる
泌みる	染みる
泛かぶ	浮かぶ
泛かべる	浮かべる
泛ぶ	浮かぶ
泛べる	浮かべる
泝る	遡る
泥坊	泥棒
注す	さす
注告	忠告
泪	涙
洋杯	コップ
洋盃	コップ
洋袴	ズボン
洗たく	洗濯
洞	空ろ
洞ろ	空ろ
津浪	津波
洩らす	漏らす
洩る	漏る
洩れる	漏れる
洲	州
洵に	誠に
活かす	生かす
活きいき	生き生き
活きる	生きる
活き活き	生き生き
活け花	生け花
活溌	活発
活潑	活発
活花	生け花
流石	さすが
浄い	清い
浅間しい	浅ましい
浜べ	浜辺
浪	波
浮ぶ	浮かぶ
浮べる	浮かべる
浮氣	浮気
海嘯	津波
浸ける	漬ける
浸みる	染みる
消しごむ	消しゴム
消ゴム	消しゴム
涌く	湧く
涕	涙
涯	果て
涯て	果て
淋しい	寂しい
淑やか	しとやか
深ける	更ける
深切	親切
混える	交える
混凝土	コンクリート
清々しい	すがすがしい
清清しい	すがすがしい
済う	救う
済す	済ます
済まない	すまない
渉る	渡る
渓	谷
温い	ぬるい
温和しい	大人しい
温柔しい	大人しい
游ぎ	泳ぎ
游ぐ	泳ぐ
渾て	全て
湊	港
溜め息	溜息
溜り	溜まり
溜る	溜まる
溢す	こぼす
溯る	遡る
溶けこむ	溶け込む
溶ろける	とろける
溶込む	溶け込む
滅す	滅ぼす
滅茶苦茶	めちゃくちゃ
滊車	汽車
滋る	茂る
滑か	滑らか
滲みる	染みる
滴	雫
滸	ほとり
滿足	満足
漆	七
漑ぐ	注ぐ
演舌	演説
漬す	浸す
漸	やや
漸く	ようやく
漸て	やがて
漸と	やっと
潅ぐ	注ぐ
潅漑	灌漑
潜か	密か
澳	沖
濃やか	細やか
濟む	済む
濡す	濡らす
濡る	濡れる
濤	波
濺ぐ	注ぐ
瀧	滝
瀬戸もの	瀬戸物
灌ぐ	注ぐ
灣	湾
火傷	やけど
火燵	こたつ
灯かり	明かり
灯り	明かり
灯火	明かり
灰汁どい	あくどい
灼ける	焼ける
炙る	あぶる
炬燵	こたつ
炭坑	炭鉱
炭礦	炭鉱
点す	さす
点点	点々
点頭く	うなずく
為	ため
為さる	なさる
為す	なす
為め	ため
為来たり	しきたり
為来り	しきたり
烈しい	激しい
烘る	あぶる
烟	煙
烟い	煙い
烟たい	煙たい
烟る	煙る
烟突	煙突
烟草	たばこ
烹る	煮る
焔	炎
焙る	あぶる
焚火	焚き火
無くす	なくす
無くなる	なくなる
無し	なし
無智	無知
無暗に	むやみに
無礼る	なめる
無茶苦茶	むちゃくちゃ
無闇に	むやみに
無駄づかい	無駄遣い
無駄使い	無駄遣い
焦茶	焦げ茶
然うして	そうして
然し	しかし
然して	そして
然しながら	しかしながら
然し乍ら	しかしながら
然様なら	さようなら
然程	さほど
煉る	練る
煉瓦	レンガ
煌びやか	きらびやか
煖房	暖房
煙火	花火
煙草	たばこ
煠でる	茹でる
煠める	炒める
煩い	うるさい
煩さい	うるさい
煮く	炊く
煽ぐ	扇ぐ
煽てる	おだてる
熄む	止む
熔く	溶く
熔岩	溶岩
熟	つくづく
熟々	つくづく
熟熟	つくづく
熱傷	やけど
燈台	灯台
燐寸	マッチ
燬く	焼く
爰	ここ
爲	ため
爲さる	なさる
爲す	なす
爽やか	さわやか
牀	床
片	びら
片づけ	片付け
片づける	片付ける
牕	窓
牖	窓
牝	メス
牡	オス
物ごと	物事
物さし	物差し
物すごい	ものすごい
物たりない	物足りない
物体ない	もったいない
物体無い	もったいない
物凄い	ものすごい
物差	物差し
物指	物差し
物指し	物差し
物数奇	物好き
物置き	物置
物語り	物語
物足り無い	物足りない
牸	メス
特輯	特集
牽く	引く
状	様
状勢	情勢
狎れ狎れしい	馴れ馴れしい
狗	犬
狡い	ずるい
狩	狩り
独りごと	独り言
独りでに	ひとりでに
独得	独特
猟	狩り
猨	猿
献げる	捧げる
献る	奉る
猶	なお
猶お	なお
猶さら	なおさら
猶更	なおさら
獲る	得る
玄關	玄関
玉子	卵
王さま	王様
珈琲	コーヒー
珍らしい	珍しい
珠盤	そろばん
現われ	現れ
現われる	現れる
理窟	理屈
理解る	分かる
琢く	磨く
瑕	傷
環	輪
瓣	花びら
瓦斯	ガス
瓩	キログラム
瓲	トン
瓶詰	瓶詰め
甚い	痛い
甚しい	甚だしい
甞める	なめる
生きいき	生き生き
生きがい	生き甲斐
生きもの	生き物
生ぐさい	生臭い
生ぬるい	生温い
生まじめ	生真面目
生まれ付き	生まれつき
生む	産む
生る	なる
生れ	生まれ
生れつき	生まれつき
生れる	生まれる
生れ付き	生まれつき
生憎	あいにく
生甲斐	生き甲斐
生花	生け花
産まれる	生まれる
産れる	生まれる
甦える	蘇る
甦る	蘇る
甫めて	初めて
田ぼ	田んぼ
田圃	田んぼ
田植	田植え
田畝	田んぼ
田舍	田舎
田苑	田園
由る	よる
申しあげる	申し上げる
申しこむ	申し込む
申しわけ	申し訳
申しわけない	申し訳ない
申し分け	申し訳
申し訳け	申し訳
申し訳無い	申し訳ない
申上げる	申し上げる
申出	申し出
申出る	申し出る
申分	申し訳
申分け	申し訳
申訳	申し訳
申込	申し込み
申込み	申し込み
申込む	申し込む
男のコ	男の子
町角	街角
画	絵
画く	描く
界	境
畏い	賢い
畏まりました	かしこまりました
畏れ	恐れ
畏れる	恐れる
畏れ入る	恐れ入る
畏ろしい	恐ろしい
畔	ほとり
留主	留守
留守ばん	留守番
畜生	ちくしょう
畠	畑
畢る	終わる
略	ほぼ
番瀝青	ペンキ
異に	殊に
異る	異なる
疆界	境界
疊	畳
疎か	おろそか
疵	傷
疵つく	傷付く
疵つける	傷付ける
疵付く	傷付く
疵付ける	傷付ける
疾っくに	とっくに
疾る	走る
病氣	病気
痒い	かゆい
痕	跡
痛める	傷める
痩る	痩せる
痲痺	麻痺
痲酔	麻酔
痺れる	しびれる
瘠せる	痩せる
瘠る	痩せる
瘦せる	痩せる
発条	ばね
登り	上り
登錄	登録
發電	発電
的	まと
皮ふ	皮膚
皮フ	皮膚
盃	杯
盈ちる	満ちる
益	ますます
益々	ますます
益す	増す
益益	ますます
盌	碗
盛りあがる	盛り上がる
盛り上る	盛り上がる
盛上がる	盛り上がる
盛上る	盛り上がる
盞	杯
盟う	誓う
盡す	尽くす
盤	皿
盪ける	とろける
目ざす	目指す
目ざまし	目覚まし
目ざましい	目覚ましい
目ざめる	目覚める
目じるし	目印
目だつ	目立つ
目つき	目付き
目まい	めまい
目処	めど
目出度い	めでたい
目差す	目指す
目盛	目盛り
目眩	めまい
目眩い	めまい
目茶苦茶	めちゃくちゃ
目蓋	まぶた
目覚し	目覚まし
目覚しい	目覚ましい
目論み	目論見
目途	めど
目醒しい	目覚ましい
目醒める	目覚める
直ぐに	すぐに
直段	値段
直観	直感
相かわらず	相変わらず
相不変	相変わらず
相図	合図
相変らず	相変わらず
相応しい	ふさわしい
相異	相違
看做す	みなす
眞面目	真面目
真	誠
真すぐ	まっすぐ
真っすぐ	まっすぐ
真っ直	まっすぐ
真っ直ぐ	まっすぐ
真に	誠に
真先	真っ先
真暗	真っ暗
真白	真っ白
真直ぐ	まっすぐ
真赤	真っ赤
真逆	まさか
真青	真っ青
真黒	真っ黒
眩しい	まぶしい
眩れる	暮れる
眩冒	めまい
眩暈	めまい
眸	瞳
眼	目
眼つき	目付き
眼付	目付き
眼付き	目付き
眼蓋	まぶた
着がえ	着替え
着がえる	着替える
着換え	着替え
着換える	着替える
着更え	着替え
着替	着替え
着着	着々
睛	瞳
睡い	眠い
睡たい	眠たい
睡る	眠る
瞞す	騙す
瞶める	見つめる
瞼	まぶた
矛楯	矛盾
矢っ張り	やっぱり
矢張	やはり
矢張り	やはり
知りあい	知り合い
知り合	知り合い
知合	知り合い
知合い	知り合い
短かい	短い
短篇	短編
石けん	石鹸
石文	碑
石鹼	石鹸
砂利	じゃり
砂子	砂
研く	磨く
砥ぐ	研ぐ
破家	ばか
破毀	破棄
硏究	研究
硝子	ガラス
碌な	ろくな
碧	青
碧い	青い
確り	しっかり
磐	岩
磨ぐ	研ぐ
磨る	擦る
磨れる	擦れる
礦業	鉱業
礦物	鉱物
礼義	礼儀
祀る	祭る
祖	親
祝	祝い
神さま	神様
神身	心身
祭	祭り
祷り	祈り
祷る	祈る
禁烟	禁煙
禦ぐ	防ぐ
禪	禅
禱る	祈る
禽	鳥
私か	密か
私語く	ささやく
科	品
科學	科学
科白	セリフ
秘か	密か
称める	褒める
稀	まれ
程	ほど
稍	やや
稔る	実る
種種	種々
稱する	称する
稻	稲
稽える	考える
積もり	つもり
積り	つもり
積る	積もる
穏和	温和
穗	穂
穢い	汚い
穢らわしい	けがらわしい
穫り入れる	取り入れる
空ふく	空腹
突きあたり	突き当たり
突きあたる	突き当たる
突き当り	突き当たり
突き当る	突き当たる
突っこむ	突っ込む
突っつく	つっつく
突っぱる	突っ張る
突っ突く	つっつく
突つく	突く
突付く	突く
突当たり	突き当たり
突当たる	突き当たる
突当り	突き当たり
突当る	突き当たる
突込む	突っ込む
窃か	密か
窗	窓
窮極	究極
窺う	うかがう
窺く	覗く
竊か	密か
立ちあがる	立ち上がる
立ちどまる	立ち止まる
立ちよる	立ち寄る
立ち止る	立ち止まる
立ち留まる	立ち止まる
立て前	建前
立上がる	立ち上がる
立前	建前
立去る	立ち去る
立寄る	立ち寄る
立替える	立て替える
立止る	立ち止まる
立派	りっぱ
立留まる	立ち止まる
立留る	立ち止まる
竟に	ついに
竟る	終わる
竭きる	尽きる
竭す	尽くす
端書	葉書
端書き	葉書
競べる	比べる
笑	笑い
第宅	邸宅
筈	はず
筐	箱
答	答え
策戦	作戦
筝	琴
筥	箱
箇々	個々
箇別	個別
箇条書	箇条書き
箇箇	個々
箏	琴
算える	数える
算盤	そろばん
箪笥	たんす
箭	矢
篏める	はめる
篤い	厚い
篭	籠
篭める	込める
篭もる	籠もる
篭る	籠もる
簇がる	群がる
簞笥	たんす
簡	札
簡短	簡単
簡端	簡単
簷	軒
籠める	込める
籠る	籠もる
籤引	くじびき
籤引き	くじびき
米突	メートル
粁	キロメートル
粉粉	粉々
粗っぽい	荒っぽい
精々	せいぜい
精しい	詳しい
精精	せいぜい
紀律	規律
紀念	記念
紅	赤
紅い	赤い
紊す	乱す
紊れる	乱れる
紐	ひも
紕う	迷う
紙くず	紙屑
紛諍	紛争
素っ気ない	そっけない
素っ気無い	そっけない
素ばやい	素早い
素地	生地
素敵	すてき
素晴しい	素晴らしい
素樸	素朴
素気ない	そっけない
素気無い	そっけない
素的	すてき
素薔薇しい	素晴らしい
素見す	冷やかす
素速い	素早い
素適	すてき
索隠	索引
終	終わり
終に	ついに
終り	終わり
終る	終わる
組み	組
組みあわせる	組み合わせる
組みこむ	組み込む
組み合い	組合
組み合せ	組み合わせ
組み合せる	組み合わせる
組み立る	組み立てる
組合せ	組み合わせ
組合せる	組み合わせる
組合わせ	組み合わせ
組合わせる	組み合わせる
組立てる	組み立てる
組職	組織
組込む	組み込む
結びつき	結び付き
結びつく	結び付く
結びつける	結び付ける
絞める	しめる
給わる	賜る
絵具	絵の具
絶つ	断つ
継目	継ぎ目
続ぐ	継ぐ
続続	続々
綜合	総合
綠	緑
維	これ
綺羅びやか	きらびやか
綺麗	きれい
綻びる	ほころびる
緊まる	閉まる
緋	赤
緋い	赤い
総て	全て
総べて	全て
線維	繊維
締まる	閉まる
締切	締め切り
締切り	締め切り
締切る	締め切る
編修	編集
編輯	編集
縡	こと
縣	県
縮少	縮小
繁る	茂る
繁昌	繁盛
繃帯	包帯
繋がり	つながり
繋がる	つながる
繋ぐ	つなぐ
繋げる	つなげる
繋る	つながる
織りもの	織物
織り物	織物
繞る	巡る
繩	縄
繫がる	つながる
繫ぐ	つなぐ
繫げる	つなげる
繰りかえす	繰り返す
繰返す	繰り返す
纏まり	まとまり
纏まる	まとまる
纏め	まとめ
纏める	まとめる
纔か	わずか
缶詰め	缶詰
缺ける	欠ける
缺乏	欠乏
罎	瓶
罐	缶
罐詰	缶詰
罐詰め	缶詰
罩める	込める
罵迦	ばか
罷む	止む
罷める	辞める
罹る	かかる
羅馬字	ローマ字
美い	うまい
美事	見事
美味い	うまい
美味しい	おいしい
羞	恥
羞かしい	恥ずかしい
羞しい	恥ずかしい
羞じらう	恥じらう
羞じる	恥じる
羞ずかしい	恥ずかしい
群聚	群集
羨しい	羨ましい
羽書	葉書
翔ぶ	飛ぶ
翠	緑
翫具	玩具
翳	陰
翳む	霞む
翻す	こぼす
耀く	輝く
耄ける	ぼける
而して	そして
而も	しかも
耻	恥
耻じる	恥じる
耽ける	ふける
耽る	ふける
聚集	収集
聞える	聞こえる
聞取り	聞き取り
聟	婿
聢り	しっかり
聯合	連合
聯想	連想
聯盟	連盟
聯絡	連絡
聯邦	連邦
聲	声
聳える	そびえる
聴える	聞こえる
聴き取り	聞き取り
聴く	聞く
聴こえる	聞こえる
聴す	許す
聴取り	聞き取り
肆	四
肌衣	肌着
肚	腹
肝腎	肝心
肥る	太る
肯く	うなずく
肱	肘
育生	育成
背なか	背中
胡麻化す	ごまかす
脅える	怯える
脆い	もろい
脉	脈
脊	背
脊広	背広
脊負う	背負う
脣	唇
脱けだす	抜け出す
脱ける	抜ける
脱け出す	抜け出す
脱出す	抜け出す
脹らむ	膨らむ
腋	脇
腕まえ	腕前
腥い	生臭い
腭	顎
腮	顎
腰かけ	腰掛け
腰かける	腰掛ける
腰掛	腰掛け
腰掛る	腰掛ける
膏	脂
膚	肌
膚着	肌着
膨脹	膨張
膩	脂
臀	尻
臂	肘
臍	へそ
臨く	覗く
自から	おのずから
自ずから	おのずから
自修	自習
自働	自動
自惚	うぬぼれ
自惚れ	うぬぼれ
自鳴鐘	時計
臭う	匂う
至って	いたって
致す	いたす
臺處	台所
舐める	なめる
船	舟
良い加減	いい加減
良し	よし
良しあし	善し悪し
良し悪し	善し悪し
良人	夫
色々	いろいろ
色いろ	いろいろ
色色	いろいろ
艸	草
芥	ごみ
花々しい	華々しい
花だん	花壇
花びん	花瓶
花やか	華やか
花弁	花びら
花片	花びら
花花しい	華々しい
花車	華奢
芽出度い	めでたい
苅る	刈る
苗字	名字
苛々	いらいら
苛める	いじめる
苛苛	いらいら
若くは	もしくは
若し	もし
若しかしたら	もしかしたら
若しかして	もしかして
若しかすると	もしかすると
若しくは	もしくは
若しも	もしも
若若しい	若々しい
苦勞	苦労
苧	麻
茈	紫
茫然	呆然
茲	ここ
茶いろ	茶色
茶わん	茶碗
草綿	綿
草臥れる	くたびれる
荒	あら
荒す	荒らす
荒筋	粗筋
荘る	飾る
荳	豆
荷う	担う
荷づくり	荷造り
荷なう	担う
荷作り	荷造り
莟	蕾
莨	たばこ
莫迦	ばか
莫迦々々しい	ばかばかしい
莫迦莫迦しい	ばかばかしい
菓物	果物
菟	兎
華	花
華華しい	華々しい
華車	華奢
菽	豆
萎びる	しなびる
萎む	しぼむ
萬	万
落しもの	落し物
落す	落とす
落ちこむ	落ち込む
落ちつく	落ち着く
落ち付き	落ち着き
落ち付く	落ち着く
落としもの	落し物
落とし物	落し物
落る	落ちる
落付き	落ち着き
落付く	落ち着く
落着き	落ち着き
落着く	落ち着く
落葉	落ち葉
落込む	落ち込む
葉書き	葉書
著る	着る
著わす	著す
著手	着手
蒐輯	収集
蒐集	収集
蒔く	まく
蒲団	布団
蒸暑い	蒸し暑い
蒸汽	蒸気
蒸留	蒸溜
蒸餾	蒸溜
蒼	青
蒼い	青い
蒼白い	青白い
蓋う	覆う
蔭	陰
蔽う	覆う
蕃昌	繁盛
蕃殖	繁殖
蕩ける	とろける
薄ぐらい	薄暗い
薦める	勧める
薫	香り
薫り	香り
藁	わら
藉く	敷く
藉す	貸す
藝	芸
藝術	芸術
藻掻く	もがく
藻搔く	もがく
蘇える	蘇る
虐める	いじめる
虔む	謹む
處	ところ
虚	空
虚しい	空しい
虚ろ	空ろ
虞	恐れ
虞れ	恐れ
虹	二次
蚊触れる	かぶれる
蛍光燈	蛍光灯
蜂蜜	はちみつ
蜜接	密接
蝋燭	ろうそく
融かす	溶かす
融く	溶く
融けこむ	溶け込む
融ける	溶ける
融け込む	溶け込む
螢光灯	蛍光灯
螢光燈	蛍光灯
螫す	刺す
螺子	ねじ
螺子回し	ねじまわし
螺旋	ねじ
蟲	虫
蠟燭	ろうそく
行きなり	いきなり
行き成	いきなり
行き成り	いきなり
行くえ	行方
行けない	いけない
行ってきます	いってきます
行ってまいります	いってまいります
行って参ります	いってまいります
行って来ます	いってきます
行ない	行い
行なう	行う
行る	やる
行成	いきなり
行成り	いきなり
行衛	行方
行違い	行き違い
衝き当たる	突き当たる
衝く	突く
衣裳	衣装
表れ	現れ
表れる	現れる
表われ	現れ
表われる	現れる
表着	上着
衿	襟
被う	覆う
補ける	助ける
裡	うち
裸足	はだし
裹む	包む
襤褸	ぼろ
襲ぐ	継ぐ
西陽	西日
要る	いる
要心	用心
要慎	用心
見あげる	見上げる
見あわせる	見合わせる
見おろす	見下ろす
見かけ	見掛け
見かける	見掛ける
見こみ	見込み
見すぼらしい	みすぼらしい
見っともない	みっともない
見っとも無い	みっともない
見とおし	見通し
見なおす	見直す
見なす	みなす
見ならう	見習う
見なれる	見慣れる
見のがす	見逃す
見はからう	見計らう
見はらし	見晴らし
見わたす	見渡す
見世	店
見世物	見せ物
見付かる	見つかる
見付ける	見つける
見付る	見つかる
見倣う	見習う
見做す	みなす
見凝める	見つめる
見合	見合い
見合せる	見合わせる
見在	現在
見憎い	醜い
見晴し	見晴らし
見積	見積もり
見積り	見積もり
見窄らしい	みすぼらしい
見舞	見舞い
見落す	見落とす
見詰める	見つめる
見込	見込み
見逃がす	見逃す
見透し	見通し
見通	見通し
見遁す	見逃す
見醜しい	見苦しい
見附ける	見つける
見馴れる	見慣れる
視える	見える
視つかる	見つかる
視つける	見つける
視つめる	見つめる
視る	見る
視付かる	見つかる
視付ける	見つける
視詰める	見つめる
覗う	うかがう
覘う	狙う
覘く	覗く
覚る	悟る
覧る	見る
親せき	親戚
親仁	親父
親爺	親父
観せる	見せる
観る	見る
觀光	観光
觀察	観察
角力	相撲
觚	杯
觜	くちばし
解かす	溶かす
解けこむ	溶け込む
解け込む	溶け込む
解る	分かる
解込む	溶け込む
觴	杯
言いだす	言い出す
言いつける	言い付ける
言いわけ	言い訳
言い分け	言い訳
言づけ	言付け
言づける	言付ける
言わば	いわば
言わゆる	いわゆる
言付	言付け
言出す	言い出す
言分け	言い訳
言葉つかい	言葉遣い
言葉づかい	言葉遣い
言葉使い	言葉遣い
言訳	言い訳
訊ねる	尋ねる
訓え	教え
訓える	教える
訓む	読む
託け	言付け
託ける	言付ける
記錄	記録
訪う	問う
註	注
註文	注文
証	印
証し	印
証正	是正
詞	言葉
詠う	歌う
詣る	参る
試	試し
試合い	試合
詮衡	選考
詰まらない	つまらない
詰まり	つまり
詰らない	つまらない
詰り	つまり
話し	話
話しあう	話し合う
話しかける	話し掛ける
話中	話し中
話合い	話し合い
話合う	話し合う
誂える	あつらえる
誉める	褒める
誌す	記す
語い	語彙
語原	語源
誤ち	過ち
誤摩化す	ごまかす
誤魔化す	ごまかす
読上げる	読み上げる
課目	科目
調う	整う
調える	整える
諄い	くどい
請ける	受ける
請け取り	受け取り
請け取る	受け取る
請取	受け取り
請取り	受け取り
請取る	受け取る
請待	招待
諒承	了承
諒解	了解
論義	論議
諳記	暗記
諸に	もろに
謀る	図る
謂う	言う
謂わば	いわば
謂わゆる	いわゆる
謎々	なぞなぞ
謎謎	なぞなぞ
謙そん	謙遜
謙る	へりくだる
謬	誤り
謬り	誤り
謬る	誤る
證據	証拠
譏嫌	機嫌
識す	記す
識る	知る
譬える	例える
議る	諮る
護る	守る
護謨	ゴム
讀む	読む
讀書	読書
讃める	褒める
讃美	賛美
變	変
變更	変更
讚美	賛美
谿	谷
豊	豊か
象戯	将棋
象棋	将棋
豪い	偉い
貝がら	貝殻
貝殼	貝殻
負んぶ	おんぶ
貧之	貧乏
貨	宝
貨弊	貨幣
貫録	貫禄
貮	二
貯える	蓄える
貰う	もらう
貳	二
貴ぶ	尊ぶ
貴女	あなた
貴方	あなた
貴男	あなた
貶す	けなす
買いもの	買い物
買いもん	買い物
買物	買い物
貸	貸し
貸し出し	貸出
貸し家	貸家
貸し屋	貸家
貸し間	貸間
貸りる	借りる
貸出し	貸出
貸屋	貸家
費す	費やす
貼り紙	張り紙
貼紙	張り紙
賀留多	かるた
賃銀	賃金
賄う	まかなう
賑やか	にぎやか
賜う	給う
賜わる	賜る
賞める	褒める
賤しい	卑しい
賦る	配る
賭	賭け
贈りもの	贈り物
贈物	贈り物
贋物	偽物
贏つ	勝つ
赤んぼ	赤ん坊
赤んぼう	赤ん坊
赤金	銅
赦す	許す
赧らむ	赤らむ
赫く	輝く
赭い	赤い
走召	超
起す	起こす
起ちあがる	立ち上がる
起ち上がる	立ち上がる
起てる	立てる
起る	起こる
起原	起源
趣き	趣
趣く	赴く
趨く	赴く
趨る	走る
足あと	足跡
足もと	足元
足下	足元
足許	足元
趾	跡
距たる	隔たる
距てる	隔てる
跡切れる	とぎれる
跡絶える	途絶える
跡継	跡継ぎ
跣	はだし
跣足	はだし
跨ぐ	またぐ
路	道
跳びだす	飛び出す
跳び出す	飛び出す
跳ぶ	飛ぶ
践む	踏む
踏み切	踏切
踏み切り	踏切
踏切り	踏切
踠く	もがく
踵	かかと
蹴とばす	蹴飛ばす
蹶る	蹴る
躊躇う	ためらう
躓く	つまずく
身のまわり	身の回り
身の周り	身の回り
身の廻り	身の回り
身ぶり	身振り
身体つき	体付き
身体付き	体付き
身形	身なり
身心	心身
身振	身振り
身方	味方
身神	心身
身體	身体
躯	体
躰	体
躾	しつけ
躾け	しつけ
躾ける	しつける
躾る	しつける
軀	体
軈て	やがて
軋む	きしむ
軌範	規範
軒なみ	軒並み
軒並	軒並み
転た寝	うたた寝
転寝	うたた寝
転転	転々
軽べつ	軽蔑
軽卒	軽率
軽多	かるた
軽板	かるた
較べる	比べる
輒ち	すなわち
輔ける	助ける
輔助	補助
輿論	世論
轉任	転任
辛うじて	かろうじて
辛棒	辛抱
辞	言葉
辨償	弁償
辨当	弁当
辨當	弁当
辭典	辞典
辭書	辞書
辯解	弁解
辯論	弁論
辯護	弁護
辱	恥
辷る	滑る
込もる	籠もる
辿りつく	辿り着く
辿る	たどる
近ごろ	近頃
近ぢか	近々
近づける	近付ける
近め	近眼
近よる	近寄る
近目	近眼
近近	近々
返る	反る
返辞	返事
迚も	とても
迯げる	逃げる
迷児	迷子
迹	跡
迺ち	すなわち
追いこす	追い越す
追いこむ	追い込む
追いだす	追い出す
追いつく	追い付く
追い掛ける	追いかける
追い着く	追い付く
追い駆ける	追いかける
追付く	追い付く
追出す	追い出す
追掛ける	追いかける
追着く	追い付く
追越す	追い越す
退がる	下がる
退く	どく
退める	辞める
送りがな	送り仮名
逃げだす	逃げ出す
逃出す	逃げ出す
逆上る	遡る
逆様	逆さま
逆点	逆転
逆立	逆立ち
透き	隙
透きとおる	透き通る
透き徹る	透き通る
透き間	隙間
透す	通す
透る	通る
透間	隙間
逐う	追う
途	道
途切れる	とぎれる
逕路	経路
這入る	入る
這入口	入り口
通りかかる	通り掛かる
通りがかる	通り掛かる
通りすぎる	通り過ぎる
通り掛る	通り掛かる
逞しい	たくましい
速める	早める
速やか	すみやか
速口	早口
造る	作る
連らく	連絡
逸らす	そらす
逸れる	それる
逼る	迫る
遁げる	逃げる
遁す	逃す
遁れる	逃れる
遂に	ついに
遅す	遅らす
遇然	偶然
遉	さすが
過す	過ごす
違い無い	違いない
遙か	はるか
遜る	へりくだる
遠まわり	遠回り
遠周り	遠回り
遠廻り	遠回り
遣う	使う
遣す	よこす
遣っつける	やっつける
遣っ付ける	やっつける
遣り通す	やりとおす
遣り遂げる	やりとげる
遣る	やる
遥か	はるか
適に	たまに
適わない	かなわない
遲い	遅い
遵う	従う
遷る	移る
選衡	選考
遺る	残る
遺蹟	遺跡
遽か	にわか
遽しい	慌ただしい
避る	去る
邀える	迎える
還す	帰す
還り	帰り
還る	帰る
還境	環境
邌る	練る
邦	国
邸	屋敷
都て	かつて
鄙しい	卑しい
鄭寧	丁寧
鄰	隣
酒盃	杯
酔っぱらい	酔っ払い
酔払い	酔っ払い
酷い	ひどい
酷しい	厳しい
酸っぱい	すっぱい
醋	酢
醒ます	覚ます
醒める	覚める
醜しい	見苦しい
醫師	医師
醫者	医者
醫院	医院
醬油	醤油
重復	重複
重態	重体
金ぞく	金属
金づち	かなづち
金槌	かなづち
釣	釣り
釣り鐘	釣鐘
釣り革	吊り革
釣合う	釣り合う
釣革	吊り革
釦	ボタン
鈎	針
鈕	ボタン
鉄炮	鉄砲
鉄鎚	かなづち
鉤	針
銓衡	選考
銘々	めいめい
銘作	名作
銘銘	めいめい
銜える	くわえる
銜む	含む
銹	錆
鋏	はさみ
鋪装	舗装
鋸	のこぎり
錄音	録音
錆び	錆
錬る	練る
錯る	こする
録る	撮る
錺る	飾る
鎔く	溶く
鎮まる	静まる
鏁	鎖
鏈	鎖
鏽	錆
鐫る	彫る
鐵	鉄
鑰	鍵
鑵	缶
長	丈
長びく	長引く
長篇	長編
長長	長々
長閑	のどか
長閑か	のどか
閉てる	立てる
閉め切り	締め切り
閉め切る	締め切る
閉切り	締め切り
閉切る	締め切る
閑	暇
閑か	静か
間がら	間柄
間にあう	間に合う
間もなく	まもなく
間も無く	まもなく
間誤つく	まごつく
間誤付く	まごつく
関る	係わる
関わる	係わる
関渉	干渉
関聯	関連
闇い	暗い
闔	扉
闕く	欠く
闕ける	欠ける
闕乏	欠乏
闘い	戦い
闘う	戦う
阡	千
阪	坂
防害	妨害
阿弗利加	アフリカ
阿米利加	アメリカ
附く	付く
附け加える	付け加える
附加える	付け加える
附近	付近
附録	付録
陌	百
降り	下り
降服	降伏
限	切り
陞進	昇進
除々に	徐々に
除ける	避ける
除行	徐行
除除に	徐々に
陥す	落とす
陥とす	落とす
陰か	密か
陳べる	述べる
陸な	ろくな
陸符	丘
陽あたり	日当たり
陽ざし	日差し
陽射	日差し
陽射し	日差し
陽差し	日差し
陽当たり	日当たり
陽当り	日当たり
陽焼け	日焼け
階	品
階子	はしご
随う	従う
随分	ずいぶん
隙き間	隙間
障がい	障害
障碍	障害
障礙	障害
隠くす	隠す
隠る	籠もる
隣り	隣
隨う	従う
隨分	ずいぶん
隨筆	随筆
隱す	隠す
雄	オス
集り	集まり
集る	集まる
雌	メス
雑える	交える
雑布	雑巾
雕る	彫る
雛	ひな
雛祭	ひな祭り
雛祭り	ひな祭り
雪崩れ	雪崩
零す	こぼす
零れる	こぼれる
電氣	電気
電燈	電灯
霊	魂
霑う	潤う
霰	あられ
霽れ	晴れ
霽れる	晴れる
青じろい	青白い
非道い	ひどい
靠れる	もたれる
面倒臭い	面倒くさい
面皰	にきび
革まる	改まる
革める	改める
鞋	靴
音いろ	音色
音樂	音楽
響	響き
頁	ページ
頂きます	いただきます
頂く	いただく
頂だい	ちょうだい
頂戴	ちょうだい
頂載	ちょうだい
頂辺	てっぺん
順う	従う
順じる	準じる
順順	順々
須臾	しばらく
預備	予備
預防	予防
頒ける	分ける
頓	ひたすら
頓て	やがて
領	襟
領会	了解
領承	了承
領解	了解
頚	首
頚輪	首輪
頚飾り	首飾り
頤	顎
頬っぺた	ほっぺた
頬っ辺	ほっぺた
頬笑む	微笑む
頰	頬
頰っぺた	ほっぺた
頰っ辺	ほっぺた
頷く	うなずく
頸	首
頸環	首輪
頸輪	首輪
頸飾り	首飾り
頻りに	しきりに
頼母しい	頼もしい
顋	顎
顏	顔
顔つき	顔付き
顔付	顔付き
顕れ	現れ
顕れる	現れる
顕われる	現れる
願	願い
顛落	転落
顧る	顧みる
顫える	震える
風ぐるま	風車
颯っと	さっと
颯と	さっと
颱風	台風
飛びこむ	飛び込む
飛びだす	飛び出す
飛んだ	とんだ
飛んでもない	とんでもない
飛出す	飛び出す
飛込む	飛び込む
飜訳	翻訳
食いちがう	食い違う
食っ付く	くっつく
食べもの	食べ物
食慾	食欲
食違う	食い違う
飢きん	飢饉
飮む	飲む
飲みこむ	飲み込む
飲みもの	飲み物
飲物	飲み物
飲込む	飲み込む
飽くまで	あくまで
飽く迄	あくまで
養なう	養う
餓える	飢える
餘地	余地
餝る	飾る
餠	餅
饂飩	うどん
饑える	飢える
饑饉	飢饉
首肯く	うなずく
馘	首
香	香り
香い	匂い
馨り	香り
馬尻	バケツ
馬稼	ばか
馬穴	バケツ
馬鹿	ばか
馬鹿々々しい	ばかばかしい
馬鹿ばかしい	ばかばかしい
馬鹿らしい	ばからしい
馬鹿馬鹿しい	ばかばかしい
馴々しい	馴れ馴れしい
馴れ	慣れ
駄目	だめ
駆けっこ	かけっこ
駆足	駆け足
駈けっこ	かけっこ
駈ける	駆ける
駈け足	駆け足
駈足	駆け足
駭く	驚く
騒騒しい	騒々しい
験	試し
験し	試し
験す	試す
騰がる	上がる
騷ぐ	騒ぐ
驚威	驚異
驛	駅
骨とう品	骨董品
骨杯	コップ
骨牌	かるた
骸	殻
體	体
高ーい	高い
高価い	高い
髮	髪
鬪う	戦う
鬱陶しい	うっとうしい
魄	魂
魚信	当たり
鮮か	鮮やか
鳥渡	ちょっと
鳥肉	鶏肉
鵜飼	うがい
鵜飼い	うがい
鶏	鳥
鹹い	塩辛い
麦酒	ビール
麻睡	麻酔
黄いろい	黄色い
黄葉	紅葉
黒人	玄人
黴菌	ばい菌
黴雨	梅雨
鼾	いびき
齎す	もたらす
齎らす	もたらす
齒	歯
齒醫者	歯医者
齧る	かじる
齲歯	虫歯
齶	顎
