あい	愛
あいかわらず	相変わらず
あいさつする	挨拶
あいじょう	愛情
あいする	愛する
あいず	合図
あいそう	愛想
あいだ	間
あいだがら	間柄
あいて	相手
あいま	合間
あえて	敢えて
あお	青
あおい	青い
あおじろい	青白い
あかい	赤い
あかじ	赤字
あかす	明かす
あかちゃん	赤ちゃん
あからむ	赤らむ
あかり	明かり
あかるい	明るい
あかんぼう	赤ん坊
あがり	上がり
あがる	上がる
あきらか	明らか
あきらめ	諦め
あきらめる	諦める
あきる	飽きる
あきれる	呆れる
あくしゅ	握手
あくま	悪魔
あくまで	飽くまで
あけがた	明け方
あこがれ	憧れ
あこがれる	憧れる
あご	顎
あさい	浅い
あさごはん	朝御飯
あさって	明後日
あさねぼう	朝寝坊
あさましい	浅ましい
あざむく	欺く
あざやか	鮮やか
あざわらう	嘲笑う
あしあと	足跡
あしからず	悪しからず
あした	明日
あしもと	足元
あじ	味
あじわい	味わい
あじわう	味わう
あす	明日
あずかる	預かる
あずける	預ける
あせ	汗
あせる	焦る
あそび	遊び
あそぶ	遊ぶ
あたい	値
あたいする	値する
あたえる	与える
あたま	頭
あたらしい	新しい
あたりまえ	当たり前
あたる	当たる
あっか	悪化
あっけない	呆気ない
あっしゅく	圧縮
あっせん	斡旋
あっとう	圧倒
あっぱく	圧迫
あつかい	扱い
あつかう	扱う
あつかましい	厚かましい
あつまり	集まり
あつまる	集まる
あつめる	集める
あつりょく	圧力
あて	当て
あてじ	当て字
あてな	宛名
あてはまる	当てはまる
あてはめる	当てはめる
あとつぎ	跡継ぎ
あとまわし	後回し
あな	穴
あに	兄
あね	姉
あばれる	暴れる
あびる	浴びる
あぶない	危ない
あぶらえ	油絵
あまい	甘い
あまえる	甘える
あまくち	甘口
あまぐ	雨具
あまど	雨戸
あまやかす	甘やかす
あまり	余り
あまる	余る
あみ	網
あむ	編む
あやうい	危うい
あやしい	怪しい
あやつる	操る
あやぶむ	危ぶむ
あやまち	過ち
あやまり	誤り
あゆみ	歩み
あゆむ	歩む
あら	粗
あらう	洗う
あらかじめ	予め
あらし	嵐
あらす	荒らす
あらすじ	粗筋
あらそい	争い
あらそう	争う
あらた	新た
あらたまる	改まる
あらためて	改めて
あらためる	改める
あらっぽい	荒っぽい
あられ	霰
あらわれ	現れ
あらわれる	現れる
ありがたい	有難い
ありさま	有り様
あるく	歩く
あれる	荒れる
あわ	泡
あわす	合わす
あわせる	合わせる
あわただしい	慌ただしい
あわてる	慌てる
あわれ	哀れ
あん	案
あんい	安易
あんがい	案外
あんき	暗記
あんさつ	暗殺
あんざん	暗算
あんしん	安心
あんじ	暗示
あんじる	案じる
あんせい	安静
あんぜん	安全
あんてい	安定
あんないする	案内
あんのじょう	案の定
いいかげん	いい加減
いいだす	言い出す
いいつける	言い付ける
いいわけ	言い訳
いう	言う
いえ	家
いえで	家出
いか	以下
いかす	生かす
いかり	怒り
いがく	医学
いきいき	生き生き
いきおい	勢い
いきがい	生き甲斐
いきごむ	意気込む
いきちがい	行き違い
いきもの	生き物
いきる	生きる
いく	行く
いくじ	育児
いくせい	育成
いくた	幾多
いくぶん	幾分
いけ	池
いけばな	生け花
いご	以後
いさましい	勇ましい
いしき	意識
いしゃ	医者
いしょう	衣装
いしょくじゅう	衣食住
いじゅう	移住
いじわる	意地悪
いす	椅子
いずみ	泉
いせい	異性
いせき	遺跡
いそがしい	忙しい
いそぐ	急ぐ
いぞん	依存
いた	板
いたい	痛い
いたく	委託
いたす	致す
いたみ	痛み
いたる	至る
いだい	偉大
いだく	抱く
いちおう	一応
いちがいに	一概に
いちじ	一時
いちじるしい	著しい
いちだんと	一段と
いちど	一度
いちどう	一同
いちどに	一度に
いちにち	一日
いちば	市場
いちばん	一番
いちぶぶん	一部分
いちべつ	一別
いちめん	一面
いちもく	一目
いちよう	一様
いちりつ	一律
いちりゅう	一流
いちれん	一連
いっか	一家
いっかつ	一括
いっき	一気
いっきょに	一挙に
いっけん	一見
いっさい	一切
いっさくじつ	一昨日
いっさくねん	一昨年
いっしゅ	一種
いっしゅん	一瞬
いっしょ	一緒
いっしょう	一生
いっしょうけんめい	一生懸命
いっしん	一心
いっせい	一斉
いっそう	一層
いったん	一旦
いっち	一致
いってい	一定
いっていらっしゃい	行っていらっしゃい
いってらっしゃい	行ってらっしゃい
いっぱい	一杯
いっぱん	一般
いっぺん	一変
いっぽう	一方
いつつ	五つ
いてん	移転
いとなむ	営む
いどむ	挑む
いない	以内
いなか	田舎
いなびかり	稲光
いぬ	犬
いね	稲
いねむり	居眠り
いのち	命
いのり	祈り
いのる	祈る
いはん	違反
いばる	威張る
いふく	衣服
いまさら	今更
いまだ	未だ
いまに	今に
いまにも	今にも
いみ	意味
いみん	移民
いもうと	妹
いやいや	嫌々
いやがる	嫌がる
いやしい	卑しい
いよく	意欲
いりぐち	入口
いりょく	威力
いるい	衣類
いれもの	入れ物
いれる	入れる
いろ	色
いろいろ	色々
いろん	異論
いわ	岩
いわい	祝い
いわう	祝う
いわば	言わば
いんかん	印鑑
いんき	陰気
いんきょ	隠居
いんさつ	印刷
いんしょう	印象
いんたい	引退
いんよう	引用
いんりょく	引力
うえ	上
うえき	植木
うお	魚
うかぶ	浮ぶ
うかべる	浮かべる
うかる	受かる
うく	浮く
うけいれ	受け入れ
うけいれる	受け入れる
うけたまわる	承る
うけつぐ	受け継ぐ
うけつけ	受付
うけつける	受け付ける
うけとめる	受け止める
うけとり	受取
うけとる	受け取る
うけみ	受身
うけもち	受持ち
うけもつ	受け持つ
うける	受ける
うごかす	動かす
うごき	動き
うごく	動く
うさぎ	兎
うし	牛
うしなう	失う
うしろ	後ろ
うすい	薄い
うすぐらい	薄暗い
うすめる	薄める
うず	渦
うずめる	埋める
うそ	嘘
うそつき	嘘つき
うた	歌
うたう	歌う
うたがう	疑う
うたたね	うたた寝
うちあける	打ち明ける
うちあわせ	打合せ
うちきる	打ち切る
うちけし	打ち消し
うちけす	打ち消す
うちこむ	打ち込む
うちゅう	宇宙
うちわ	団扇
うちわけ	内訳
うったえ	訴え
うったえる	訴える
うつくしい	美しい
うつし	写し
うつろ	空ろ
うつわ	器
うてん	雨天
うで	腕
うでまえ	腕前
うながす	促す
うばう	奪う
うま	馬
うまる	埋まる
うまれ	生まれ
うまれつき	生まれつき
うまれる	生まれる
うみ	海
うめ	梅
うめこむ	埋め込む
うめぼし	梅干し
うめる	埋める
うやまう	敬う
うら	裏
うらがえし	裏返し
うらがえす	裏返す
うらぎる	裏切る
うらぐち	裏口
うらなう	占う
うらみ	恨み
うらむ	恨む
うらやましい	羨ましい
うらやむ	羨む
うりきれ	売り切れ
うりきれる	売り切れる
うりだし	売り出し
うりだす	売り出す
うりば	売り場
うるおう	潤う
うれしい	嬉しい
うれる	売れる
うわ	上
うわき	浮気
うわぎ	上着
うわさ	噂
うわまわる	上回る
うわる	植わる
うんえい	運営
うんが	運河
うんそう	運送
うんちん	運賃
うんてん	運転
うんてんしゅ	運転手
うんてんする	運転
うんどうする	運動
うんぬん	云々
うんぱん	運搬
うんめい	運命
うんゆ	運輸
うんよう	運用
えいえん	永遠
えいが	映画
えいがかん	映画館
えいきゅう	永久
えいきょう	影響
えいぎょう	営業
えいご	英語
えいしゃ	映写
えいじ	英字
えいせい	衛星
えいぞう	映像
えいぶん	英文
えいゆう	英雄
えいよう	栄養
えいわ	英和
えがお	笑顔
えがく	描く
えきたい	液体
えさ	餌
えだ	枝
えつらん	閲覧
えのぐ	絵の具
えもの	獲物
えらい	偉い
えらぶ	選ぶ
えり	襟
える	得る
えんかい	宴会
えんかつ	円滑
えんがわ	縁側
えんがん	沿岸
えんき	延期
えんきょく	婉曲
えんぎ	演技
えんげい	園芸
えんげき	演劇
えんしゅう	円周
えんしゅつ	演出
えんじょ	援助
えんじる	演じる
えんずる	演ずる
えんせん	沿線
えんぜつ	演説
えんそう	演奏
えんそく	遠足
えんだん	縁談
えんちょう	延長
えんとつ	煙突
えんぴつ	鉛筆
えんぽう	遠方
えんまん	円満
えんりょする	遠慮
お	尾
おい	老い
おいかける	追いかける
おいこす	追い越す
おいこむ	追い込む
おいしい	美味しい
おいだす	追い出す
おいつく	追い付く
おいて	於いて
おいる	老いる
おいわい	お祝い
おうえん	応援
おうきゅう	応急
おうごん	黄金
おうさま	王様
おうしん	往診
おうじ	王子
おうじょ	王女
おうじる	応じる
おうずる	応ずる
おうせつ	応接
おうたい	応対
おうだん	横断
おうふく	往復
おうべい	欧米
おうぼ	応募
おうよう	応用
おえる	終える
おおい	多い
おおいに	大いに
おおう	覆う
おおかた	大方
おおがら	大柄
おおきい	大きい
おおきな	大きな
おおすじ	大筋
おおぜい	大勢
おおぞら	大空
おおどおり	大通り
おおはば	大幅
おおみず	大水
おおや	大家
おおやけ	公
おおよそ	大凡
おか	丘
おかあさん	お母さん
おかえり	お帰り
おかげ	お陰
おかし	お菓子
おかね	お金
おかねもち	お金持ち
おかわり	お代わり
おがむ	拝む
おき	沖
おきのどくに	お気の毒に
おきる	起きる
おぎなう	補う
おくがい	屋外
おくさん	奥さん
おくじょう	屋上
おくびょう	臆病
おくらす	遅らす
おくりがな	送り仮名
おくりもの	贈り物
おくれ	遅れ
おくれる	遅れる
おげんきで	お元気で
おこさん	お子さん
おこす	起こす
おこたる	怠る
おこない	行い
おこなう	行う
おごそか	厳か
おさきに	お先に
おさけ	お酒
おさない	幼い
おさら	お皿
おさん	お産
おしい	惜しい
おしいれ	押し入れ
おしえ	教え
おしえる	教える
おしきる	押し切る
おしこむ	押し込む
おしむ	惜しむ
おしゃべり	お喋り
おしゃれ	お洒落
おしよせる	押し寄せる
おじぎ	お辞儀
おじゃまします	お邪魔します
おじょうさん	お嬢さん
おせじ	御世辞
おせわになりました	お世話になりました
おせん	汚染
おそい	遅い
おそう	襲う
おそくとも	遅くとも
おそらく	恐らく
おそれ	恐れ
おそれいる	恐れ入る
おそれる	恐れる
おそろしい	恐ろしい
おそわる	教わる
おたがい	お互い
おたく	お宅
おだいじに	お大事に
おだやか	穏やか
おちこむ	落ち込む
おちつき	落ち着き
おちつく	落着く
おちば	落葉
おちゃ	お茶
おちる	落る
おっと	夫
おつ	乙
おつかい	お使い
おてあげ	お手上げ
おてあらい	お手洗い
おてつだいさん	お手伝いさん
おでかけ	お出掛け
おと	音
おとうさん	お父さん
おとうと	弟
おとこ	男
おとこのこ	男の子
おとこのひと	男の人
おとしもの	落し物
おとす	落す
おとずれる	訪れる
おととい	一昨日
おとな	大人
おとなしい	大人しい
おとも	お供
おとる	劣る
おとろえる	衰える
おどかす	脅かす
おどす	脅す
おどり	踊り
おどる	踊る
おどろかす	驚かす
おどろき	驚き
おどろく	驚く
おないどし	同い年
おなか	お腹
おなじ	同じ
おに	鬼
おにいさん	お兄さん
おねえさん	お姉さん
おねがいします	お願いします
おのおの	各々
おのずから	自ずから
おひる	お昼
おび	帯
おびえる	怯える
おびやかす	脅かす
おびる	帯びる
おふくろ	お袋
おふろ	お風呂
おべんとう	お弁当
おぼえ	覚え
おぼえる	覚える
おぼれる	溺れる
おまいり	お参り
おまえ	お前
おまたせしました	お待たせしました
おまちください	お待ちください
おまつり	お祭り
おみまい	お見舞い
おみや	お宮
おみやげ	お土産
おめにかかる	お目に掛かる
おもい	重い
おもいがけない	思い掛けない
おもいきり	思い切り
おもいこむ	思い込む
おもいだす	思い出す
おもいつき	思い付き
おもいつく	思い付く
おもいで	思い出
おもう	思う
おもしろい	面白い
おもたい	重たい
おもて	表
おもに	主に
おもむき	趣
おもむく	赴く
おもわず	思わず
おもんじる	重んじる
おもんずる	重んずる
おや	親
おやじ	親父
おやすみ	お休み
おやゆび	親指
およぎ	泳ぎ
およぐ	泳ぐ
および	及び
およぶ	及ぶ
およぼす	及ぼす
おりかえす	折り返す
おりもの	織物
おれ	俺
おれい	お礼
おれる	折れる
おろか	愚か
おわり	終わり
おわる	終る
おんがく	音楽
おんけい	恩恵
おんしつ	温室
おんせん	温泉
おんたい	温帯
おんだん	温暖
おんちゅう	御中
おんど	温度
おんな	女
おんなのこ	女の子
おんなのひと	女の人
おんわ	温和
かい	貝
かいあく	改悪
かいいん	会員
かいうん	海運
かいかい	開会
かいかく	改革
かいかん	会館
かいが	絵画
かいがい	海外
かいがら	貝殻
かいがん	海岸
かいきゅう	階級
かいきょう	海峡
かいぎ	会議
かいぎしつ	会議室
かいけい	会計
かいけつ	解決
かいけん	会見
かいご	介護
かいごう	会合
かいさい	開催
かいさつ	改札
かいさん	解散
かいし	開始
かいしゃ	会社
かいしゃく	解釈
かいじゅう	怪獣
かいじょ	解除
かいじょう	会場
かいすいよく	海水浴
かいすう	回数
かいすうけん	回数券
かいせつ	解説
かいぜん	改善
かいぞう	改造
かいたく	開拓
かいつう	開通
かいてき	快適
かいてん	回転
かいどう	街道
かいにゅう	介入
かいはつ	開発
かいばつ	海抜
かいふく	回復
かいぼう	解剖
かいもの	買い物
かいよう	海洋
かいらん	回覧
かいりゅう	海流
かいりょう	改良
かいわ	会話
かえって	却って
かえり	帰り
かお	顔
かおく	家屋
かおつき	顔付き
かおり	香り
かかえる	抱える
かかく	価格
かかげる	掲げる
かかり	係
かかわる	係わる
かがい	課外
かがみ	鏡
かがやく	輝く
かきとめ	書留
かきとり	書取
かきとる	書き取る
かきね	垣根
かきまわす	掻き回す
かぎ	鍵
かぎり	限り
かぎる	限る
かくう	架空
かくご	覚悟
かくさ	格差
かくさん	拡散
かくしゅ	各種
かくしゅう	隔週
かくじ	各自
かくじつ	確実
かくじゅう	拡充
かくす	隠す
かくだい	拡大
かくち	各地
かくちょう	拡張
かくてい	確定
かくとく	獲得
かくど	角度
かくにん	確認
かくべつ	格別
かくほ	確保
かくめい	革命
かくれる	隠れる
かけ	賭
かけあし	駆け足
かけい	家計
かけっこ	駆けっこ
かけつ	可決
かげん	加減
かこ	過去
かこむ	囲む
かご	籠
かごう	化合
かさ	傘
かさい	火災
かさなる	重なる
かさねる	重ねる
かざり	飾り
かざる	飾る
かざん	火山
かしこい	賢い
かしだし	貸し出し
かしつ	過失
かしま	貸間
かしや	貸家
かしゅ	歌手
かしら	頭
かじつ	果実
かじょう	過剰
かじょうがき	箇条書
かす	貸す
かすか	微か
かすむ	霞む
かする	擦る
かず	数
かせい	火星
かせき	化石
かせぐ	稼ぐ
かぜい	課税
かそ	過疎
かそく	加速
かそくど	加速度
かぞえる	数える
かぞく	家族
かたがた	方々
かたこと	片言
かたち	形
かたづけ	片付け
かたづける	片付ける
かたな	刀
かたまり	塊
かたまる	固まる
かたみち	片道
かたむく	傾く
かたむける	傾ける
かためる	固める
かたよる	片寄る
かたる	語る
かたわら	傍ら
かだい	課題
かだん	花壇
かちく	家畜
かちょう	課長
かっき	活気
かっこ	括弧
かっこう	格好
かって	勝手
かってに	勝手に
かっぱつ	活発
かつぐ	担ぐ
かつじ	活字
かつどう	活動
かつやく	活躍
かつよう	活用
かつりょく	活力
かど	角
かな	仮名
かない	家内
かなう	叶う
かなえる	叶える
かなしい	悲しい
かなしむ	悲しむ
かなづかい	仮名遣い
かなづち	金槌
かならず	必ず
かならずしも	必ずしも
かにゅう	加入
かねつ	加熱
かねて	予て
かねもち	お金持ち
かねる	兼ねる
かのう	可能
かのじょ	彼女
かはんすう	過半数
かばう	庇う
かびん	花瓶
かふん	花粉
かぶ	株
かぶしき	株式
かぶせる	被せる
かへい	貨幣
かべ	壁
かま	釜
かまいません	構いません
かまえる	構える
かみきる	噛み切る
かみくず	紙屑
かみさま	神様
かみそり	剃刀
かみつ	過密
かみなり	雷
かみのけ	髪の毛
かむ	噛む
かもく	科目
かもつ	貨物
かゆ	粥
かようび	火曜日
からい	辛い
からだ	体
からだつき	体付き
からっぽ	空っぽ
からむ	絡む
かりる	借りる
かる	刈る
かるい	軽い
かれ	彼
かれら	彼ら
かれる	枯れる
かろう	過労
かわいい	可愛い
かわいがる	可愛がる
かわいそう	可愛そう
かわいらしい	可愛らしい
かわかす	乾かす
かわす	交す
かわせ	為替
かわら	瓦
かわり	代わり
かわるがわる	代る代る
かんい	簡易
かんがい	灌漑
かんがえ	考え
かんがえる	考える
かんき	換気
かんきゃく	観客
かんきょう	環境
かんけい	関係
かんけつ	簡潔
かんげい	歓迎
かんげき	感激
かんげん	還元
かんこく	勧告
かんごふ	看護婦
かんさい	関西
かんさつ	観察
かんさん	換算
かんし	監視
かんしゃ	感謝
かんしょく	感触
かんじゃ	患者
かんじる	感じる
かんする	関する
かんずる	感ずる
かんせつ	間接
かんぜい	関税
かんぜん	完全
かんそ	簡素
かんそく	観測
かんたい	寒帯
かんたん	簡単
かんちがい	勘違い
かんちょう	官庁
かんづめ	缶詰
かんてん	観点
かんでんち	乾電池
かんとう	関東
かんとく	監督
かんど	感度
かんどう	感動
かんねん	観念
かんばん	看板
かんぱい	乾杯
かんびょう	看病
かんぶ	幹部
かんべん	勘弁
かんぺき	完ぺき
かんむり	冠
かんむりょう	感無量
かんゆう	勧誘
かんよ	関与
かんよう	寛容
かんらん	観覧
かんり	管理
かんれい	慣例
かんれき	還暦
かんれん	関連
かんろく	貫禄
がい	害
がいか	外貨
がいかん	外観
がいこう	外交
がいこく	外国
がいこくじん	外国人
がいしゅつ	外出
がいしょう	外相
がいする	害する
がいせつ	概説
がいねん	概念
がいぶ	外部
がいらい	外来
がいりゃく	概略
がいろん	概論
がか	画家
がくげい	学芸
がくし	学士
がくしゃ	学者
がくしゅう	学習
がくじゅつ	学術
がくせい	学生
がくせつ	学説
がくねん	学年
がくふ	楽譜
がくぶ	学部
がくもん	学問
がくりょく	学力
がくれき	学歴
がけ	崖
がっか	学科
がっかい	学会
がっきゅう	学級
がっこう	学校
がっしょう	合唱
がっち	合致
がっぺい	合併
がまん	我慢
がら	柄
がん	癌
がんか	眼科
がんきゅう	眼球
がんぐ	玩具
がんこ	頑固
がんしょ	願書
がんじつ	元日
がんじょう	頑丈
がんせき	岩石
がんねん	元年
がんばる	頑張る
がんらい	元来
きあつ	気圧
きいろ	黄色
きいろい	黄色い
きえる	消える
きおく	記憶
きおん	気温
きかざる	着飾る
きかんしゃ	機関車
きがい	危害
きがえ	着替え
きがえる	着替える
きがね	気兼ね
きがる	気軽
きき	危機
ききとり	聞き取り
ききめ	効き目
ききょう	帰京
きぎょう	企業
きぐ	器具
きげき	喜劇
きこえる	聞こえる
きこん	既婚
きごう	記号
きさい	記載
きざ	気障
きざし	兆
きざむ	刻む
きし	岸
きしつ	気質
きじつ	期日
きじゅつ	記述
きず	傷
きずく	築く
きずつく	傷付く
きずつける	傷付ける
きせい	規制
きせつ	季節
きせる	着せる
きせん	汽船
きそ	基礎
きそく	規則
きぞう	寄贈
きぞく	貴族
きた	北
きたえる	鍛える
きたく	帰宅
きたない	汚い
きたる	来る
きだて	気立て
きち	基地
きちょう	貴重
きちょうめん	几帳面
きっさてん	喫茶店
きって	切手
きっぷ	切符
きづく	気付く
きてい	規定
きてん	起点
きどう	軌道
きにいる	気に入る
きにゅう	記入
きぬ	絹
きねん	記念
きのどく	気の毒
きはん	規範
きばん	基盤
きひん	気品
きびしい	厳しい
きふ	寄付
きふう	気風
きふく	起伏
きぶん	気分
きほん	基本
きぼ	規模
きぼう	希望
きまぐれ	気まぐれ
きまじめ	生真面目
きまつ	期末
きまり	決まり
きまる	決まる
きみょう	奇妙
きめい	記名
きめる	決める
きもち	気持ち
きもの	着物
きゃく	客
きゃくしょく	脚色
きゃくせき	客席
きゃくほん	脚本
きゃくま	客間
きゃしゃ	華奢
きゃっかん	客観
きやく	規約
きゅうえん	救援
きゅうか	休暇
きゅうがく	休学
きゅうきょく	究極
きゅうぎょう	休業
きゅうくつ	窮屈
きゅうけい	休憩
きゅうげき	急激
きゅうこん	球根
きゅうさい	救済
きゅうしゅう	吸収
きゅうしょく	給食
きゅうじ	給仕
きゅうじょ	救助
きゅうせん	休戦
きゅうち	旧知
きゅうでん	宮殿
きゅうに	急に
きゅうぼう	窮乏
きゅうよ	給与
きゅうよう	休養
きょうい	驚異
きょういく	教育
きょうかしょ	教科書
きょうかん	共感
きょうがく	共学
きょうきゅう	供給
きょうくん	教訓
きょうぐう	境遇
きょうさく	凶作
きょうざい	教材
きょうしつ	教室
きょうしゅく	恐縮
きょうしょく	教職
きょうじる	興じる
きょうせい	強制
きょうそう	競争
きょうぞん	共存
きょうだい	兄弟
きょうつう	共通
きょうてい	協定
きょうど	郷土
きょうどう	共同
きょうはく	脅迫
きょうふ	恐怖
きょうみ	興味
きょうめい	共鳴
きょうよう	教養
きょうり	郷里
きょうれつ	強烈
きょうわ	共和
きょか	許可
きょく	局
きょくげん	局限
きょくせん	曲線
きょくたん	極端
きょじゅう	居住
きょぜつ	拒絶
きょだい	巨大
きょねん	去年
きょひ	拒否
きょよう	許容
きよ	寄与
きよい	清い
きよう	器用
きよらか	清らか
きらい	嫌い
きらう	嫌う
きりかえ	切替
きりつ	規律
きりゅう	気流
きれ	切れ
きれい	綺麗
きれめ	切れ目
きれる	切れる
きろく	記録
きわめて	極めて
きをつける	気を付ける
きんえん	禁煙
きんがく	金額
きんがん	近眼
きんきゅう	緊急
きんぎょ	金魚
きんこ	金庫
きんじょ	近所
きんじる	禁じる
きんせん	金銭
きんぞく	金属
きんだい	近代
きんちょう	緊張
きんにく	筋肉
きんべん	勤勉
きんむ	勤務
きんもつ	禁物
きんゆう	金融
きんようび	金曜日
きんろう	勤労
ぎあん	議案
ぎいん	議員
ぎかい	議会
ぎきょく	戯曲
ぎけつ	議決
ぎし	技師
ぎしき	儀式
ぎじどう	議事堂
ぎじゅつ	技術
ぎせい	犠牲
ぎぞう	偽造
ぎだい	議題
ぎちょう	議長
ぎのう	技能
ぎむ	義務
ぎもん	疑問
ぎゃく	逆
ぎゃくてん	逆転
ぎゅうにく	牛肉
ぎゅうにゅう	牛乳
ぎょうぎ	行儀
ぎょうしゃ	業者
ぎょうじ	行事
ぎょうせい	行政
ぎょうせき	業績
ぎょうむ	業務
ぎょうれつ	行列
ぎょぎょう	漁業
ぎょせん	漁船
ぎょそん	漁村
ぎり	義理
ぎろん	議論
ぎわく	疑惑
ぎん	銀
ぎんこう	銀行
ぎんみ	吟味
くいき	区域
くいちがう	食い違う
くう	食う
くうかん	空間
くうき	空気
くうこう	空港
くうそう	空想
くうちゅう	空中
くうふく	空腹
くかく	区画
くかん	区間
くき	茎
くぎ	釘
くぎり	区切り
くぎる	区切る
くさ	草
くさい	臭い
くさり	鎖
くさる	腐る
くし	櫛
くしん	苦心
くじょう	苦情
くすり	薬
くすりゆび	薬指
くず	屑
くずす	崩す
くずれる	崩れる
くせ	癖
くだ	管
くだく	砕く
くだける	砕ける
ください	下さい
くだもの	果物
くだり	下り
くだる	下る
くち	口
くちずさむ	口吟む
くちばし	嘴
くちびる	唇
くちべに	口紅
くちる	朽ちる
くっせつ	屈折
くつ	靴
くつう	苦痛
くつがえす	覆す
くつした	靴下
くとうてん	句読点
くに	国
くばる	配る
くび	首
くびかざり	首飾り
くびわ	首輪
くふう	工夫
くぶん	区分
くべつ	区別
くみ	組
くみあい	組合
くみあわせ	組合せ
くみあわせる	組み合わせる
くみこむ	組み込む
くみたてる	組み立てる
くも	雲
くもり	曇り
くもる	曇る
くやしい	悔しい
くやむ	悔やむ
くら	蔵
くらし	暮らし
くらす	暮らす
くらべる	比べる
くりかえす	繰り返す
くる	来る
くるう	狂う
くるしい	苦しい
くるしむ	苦しむ
くるま	車
くれ	暮れ
くろ	黒
くろい	黒い
くろう	苦労
くろうと	玄人
くろじ	黒字
くわしい	詳しい
くわわる	加わる
くん	訓
くんしゅ	君主
くんれん	訓練
ぐあい	具合
ぐうすう	偶数
ぐうぜん	偶然
ぐたい	具体
ぐち	愚痴
ぐんかん	軍艦
ぐんじ	軍事
ぐんたい	軍隊
ぐんび	軍備
ぐんぷく	軍服
け	毛
けいえい	経営
けいか	経過
けいかくする	計画
けいかん	警官
けいぐ	敬具
けいけんする	経験
けいげん	軽減
けいこ	稽古
けいこう	傾向
けいこうとう	蛍光灯
けいこく	警告
けいご	敬語
けいさい	掲載
けいさつ	警察
けいさん	計算
けいざい	経済
けいしき	形式
けいしゃ	傾斜
けいそつ	軽率
けいぞく	継続
けいと	毛糸
けいとう	系統
けいど	経度
けいば	競馬
けいばつ	刑罰
けいひ	経費
けいび	警備
けいぶ	警部
けいべつ	軽蔑
けいやく	契約
けいゆ	経由
けいようし	形容詞
けいようどうし	形容動詞
けいれき	経歴
けいろ	経路
けがわ	毛皮
けさ	今朝
けしき	景色
けしょう	化粧
けしゴム	消しゴム
けす	消す
けずる	削る
けた	桁
けだもの	獣
けっか	結果
けっかく	結核
けっきょく	結局
けっさく	傑作
けっさん	決算
けっして	決して
けっしん	決心
けっせい	結成
けっせき	欠席
けっそく	結束
けってい	決定
けってん	欠点
けつ	決
けつあつ	血圧
けつい	決意
けつえき	血液
けつぎ	決議
けつごう	結合
けつだん	決断
けつぼう	欠乏
けつろん	結論
けとばす	蹴飛ばす
けはい	気配
けむい	煙い
けむたい	煙たい
けむり	煙
けむる	煙る
けもの	獣
けらい	家来
ける	蹴る
けわしい	険しい
けんい	権威
けんかい	見解
けんがく	見学
けんきゅう	研究
けんきゅうしつ	研究室
けんきょ	謙虚
けんぎょう	兼業
けんげん	権限
けんこう	健康
けんさ	検査
けんざい	健在
けんしゅう	研修
けんしょう	懸賞
けんじ	検事
けんせつ	建設
けんぜん	健全
けんそん	謙遜
けんち	見地
けんちく	建築
けんちょう	県庁
けんびきょう	顕微鏡
けんぶつ	見物
けんぽう	憲法
けんやく	倹約
けんよう	兼用
けんり	権利
けんりょく	権力
げ	下
げい	芸
げいじゅつ	芸術
げいのう	芸能
げか	外科
げき	劇
げきじょう	劇場
げきぞう	激増
げきだん	劇団
げきれい	激励
げしゃ	下車
げしゅく	下宿
げじゅん	下旬
げすい	下水
げた	下駄
げっきゅう	月給
げっしゃ	月謝
げっぷ	月賦
げつまつ	月末
げつようび	月曜日
げひん	下品
げり	下痢
げんいん	原因
げんかい	限界
げんかん	玄関
げんき	元気
げんきん	現金
げんご	言語
げんさく	原作
げんさん	原産
げんざい	現在
げんしゅ	元首
げんしょ	原書
げんじつ	現実
げんじゅう	厳重
げんじょう	現状
げんそ	元素
げんそく	原則
げんぞう	現像
げんだい	現代
げんち	現地
げんてい	限定
げんど	限度
げんに	現に
げんば	現場
げんばく	原爆
げんぶん	原文
げんみつ	厳密
げんゆ	原油
げんり	原理
げんりょう	原料
げんろん	言論
こ	子
こいしい	恋しい
こいする	恋する
こいびと	恋人
こういん	工員
こううん	幸運
こうかん	交換
こうがく	工学
こうきゅう	高級
こうきょ	皇居
こうくう	航空
こうけい	光景
こうけん	貢献
こうげい	工芸
こうげき	攻撃
こうげん	高原
こうこうせい	高校生
こうこうと	煌々と
こうこがく	考古学
こうこく	広告
こうご	交互
こうさ	交差
こうさい	交際
こうさてん	交差点
こうざん	鉱山
こうし	講師
こうしき	公式
こうしん	行進
こうしんりょう	香辛料
こうじ	工事
こうじつ	口実
こうじゅつ	口述
こうじょ	控除
こうずい	洪水
こうせき	功績
こうせん	光線
こうぜん	公然
こうぞう	構造
こうたく	光沢
こうだん	公団
こうち	耕地
こうちゃ	紅茶
こうつう	交通
こうつうきかん	交通機関
こうとうがっこう	高等学校
こうど	高度
こうにゅう	購入
こうにん	公認
こうねつひ	光熱費
こうば	工場
こうばい	購買
こうばん	交番
こうふ	交付
こうふん	興奮
こうぶつ	鉱物
こうへい	公平
こうほ	候補
こうぼ	公募
こうみょう	巧妙
こうむ	公務
こうむいん	公務員
こうもく	項目
こうり	小売
こうりゅう	交流
こうりょ	考慮
こうりょく	効力
こえ	声
こおり	氷
こおる	凍る
こがす	焦がす
こがら	小柄
こきゅう	呼吸
こきょう	故郷
こぎって	小切手
こくおう	国王
こくご	国語
こくさい	国際
こくさん	国産
こくてい	国定
こくはく	告白
こくばん	黒板
こくふく	克服
こくぼう	国防
こくみん	国民
こくもつ	穀物
こくゆう	国有
こくりつ	国立
こくれん	国連
こげちゃ	焦げ茶
こげる	焦げる
ここち	心地
ここのか	九日
ここのつ	九つ
こころ	心
こころあたり	心当たり
こころえ	心得
こころえる	心得る
こころがけ	心掛け
こころがける	心掛ける
こころざし	志
こころざす	志す
こころづよい	心強い
こころぼそい	心細い
こころみ	試み
こころみる	試みる
こころよい	快い
こごえる	凍える
こし	腰
こしかける	腰掛ける
こしょう	胡椒
こしょうする	故障
こじ	孤児
こする	擦る
こずえ	梢
こせい	個性
こせき	戸籍
こぜに	小銭
こたい	個体
こたえ	答
こたえる	答える
こだい	古代
こちょう	誇張
こっか	国家
こっかい	国会
こっきょう	国境
こっけい	滑稽
こっこう	国交
こっせつ	骨折
こっとうひん	骨董品
こづかい	小遣い
こづつみ	小包
こてい	固定
こてん	古典
ことがら	事柄
ことし	今年
ことづけ	言付け
ことづける	言付ける
ことなる	異なる
ことに	殊に
ことば	言葉
ことばづかい	言葉遣い
ことり	小鳥
ことわざ	諺
ことわる	断る
こどく	孤独
こども	子供
こな	粉
こなごな	粉々
このあいだ	この間
このごろ	この頃
このましい	好ましい
このみ	好み
このむ	好む
こべつ	個別
こまかい	細かい
こまやか	細やか
こまる	困る
こむ	込む
こむぎ	小麦
こめ	米
こめる	込める
こもる	籠もる
こや	小屋
こゆう	固有
こゆび	小指
こよみ	暦
こらえる	堪える
こらす	凝らす
こりつ	孤立
こりる	懲りる
こる	凝る
ころがす	転がす
ころがる	転がる
ころす	殺す
ころぶ	転ぶ
こわい	怖い
こわす	壊す
こわれる	壊れる
こん	紺
こんかい	今回
こんき	根気
こんきょ	根拠
こんけつ	混血
こんげつ	今月
こんご	今後
こんごう	混合
こんざつ	混雑
こんしゅう	今週
こんだて	献立
こんちゅう	昆虫
こんてい	根底
こんど	今度
こんどう	混同
こんなん	困難
こんにち	今日
こんばん	今晩
こんぽん	根本
こんや	今夜
こんやく	婚約
こんらん	混乱
ごい	語彙
ごうい	合意
ごういん	強引
ごうか	豪華
ごうかく	合格
ごうぎ	合議
ごうけい	合計
ごうせい	合成
ごうとう	強盗
ごうどう	合同
ごうり	合理
ごうりゅう	合流
ごえい	護衛
ごかい	誤解
ごがく	語学
ごくらく	極楽
ごくろうさま	ご苦労様
ごげん	語源
ごご	午後
ごさ	誤差
ごしゅじん	ご主人
ごじゅうおん	五十音
ごぜん	午前
ごぞんじ	ご存じ
ごはん	御飯
ごばん	碁盤
ごぶさた	御無沙汰
ごめん	御免
ごらく	娯楽
ごらん	御覧
さ	差
さい	際
さいかい	再会
さいがい	災害
さいく	細工
さいくつ	採掘
さいけつ	採決
さいけん	再建
さいげん	再現
さいこう	最高
さいご	最後
さいしょ	最初
さいじつ	祭日
さいせい	再生
さいぜん	最善
さいそく	催促
さいたく	採択
さいちゅう	最中
さいてい	最低
さいてん	採点
さいなん	災難
さいのう	才能
さいはつ	再発
さいばい	栽培
さいばん	裁判
さいふ	財布
さいほう	裁縫
さいぼう	細胞
さいよう	採用
さいわい	幸い
さえぎる	遮る
さえる	冴える
さお	竿
さか	坂
さかい	境
さかえる	栄える
さかさ	逆さ
さかさま	逆様
さかずき	杯
さかだち	逆立ち
さかな	魚
さかのぼる	遡る
さかば	酒場
さからう	逆らう
さかり	盛り
さかん	盛ん
さがく	差額
さがる	下る
さき	先
さきおととい	一昨昨日
さきほど	先程
さぎ	詐欺
さぎょう	作業
さくいん	索引
さくげん	削減
さくご	錯誤
さくしゃ	作者
さくじょ	削除
さくせん	作戦
さくひん	作品
さくぶん	作文
さくもつ	作物
さくら	桜
さぐる	探る
さけ	酒
さけび	叫び
さけぶ	叫ぶ
さげる	下げる
ささえる	支える
ささげる	捧げる
ささやく	囁く
ささる	刺さる
さしあげる	差し上げる
さしかかる	差し掛かる
さしず	指図
さしだす	差し出す
さしつかえ	差し支え
さしつかえる	差し支える
さしひき	差し引き
さしみ	刺身
さじ	匙
さすが	流石
さする	摩する
さずける	授ける
さそう	誘う
さだまる	定まる
さだめる	定める
さっか	作家
さっきゅう	早急
さっきょく	作曲
さっする	察する
さっそく	早速
さつ	札
さつえい	撮影
さつじん	殺人
さとう	砂糖
さとる	悟る
さなか	最中
さび	錆
さびしい	寂しい
さびる	錆びる
さべつ	差別
さほう	作法
さま	様
さまざま	様々
さまたげる	妨げる
さむい	寒い
さむけ	寒気
さむらい	侍
さゆう	左右
さよう	作用
さら	皿
さらいげつ	再来月
さらいしゅう	再来週
さらいねん	さ来年
さらに	更に
さわがしい	騒がしい
さわぎ	騒ぎ
さわぐ	騒ぐ
さんかく	三角
さんがく	山岳
さんきゅう	産休
さんぎいん	参議院
さんぎょう	産業
さんこう	参考
さんご	産後
さんしゅつ	産出
さんしょう	参照
さんじょう	参上
さんすう	算数
さんそ	酸素
さんち	産地
さんばし	桟橋
さんび	賛美
さんふじんか	産婦人科
さんぶつ	産物
さんぷく	山腹
さんみゃく	山脈
さんりん	山林
ざい	財
ざいがく	在学
ざいげん	財源
ざいこ	在庫
ざいさん	財産
ざいせい	財政
ざいもく	材木
ざいりょう	材料
ざしき	座敷
ざせき	座席
ざだんかい	座談会
ざっか	雑貨
ざっし	雑誌
ざつ	雑
ざつおん	雑音
ざつだん	雑談
ざひょう	座標
ざぶとん	座布団
ざんきん	残金
ざんこく	残酷
ざんだか	残高
ざんねん	残念
しあい	試合
しあがり	仕上がり
しあがる	仕上がる
しあげ	仕上
しあげる	仕上げる
しあさって	明明後日
しあわせ	幸せ
しいく	飼育
しいて	強いて
しいる	強いる
しいれる	仕入れる
しおから	塩辛
しおからい	塩辛い
しか	歯科
しかい	司会
しかくい	四角い
しかけ	仕掛
しかける	仕掛ける
しかた	仕方
しかたがない	仕方がない
しかる	叱る
しきさい	色彩
しきじょう	式場
しきち	敷地
しきる	仕切る
しきん	資金
しく	敷く
しくみ	仕組
しけい	死刑
しける	湿気る
しけん	試験
しげき	刺激
しげる	茂る
しげん	資源
しごと	仕事
しさつ	視察
しさん	資産
ししゃごにゅう	四捨五入
ししゅう	刺繍
ししゅつ	支出
しじ	支持
しじゅう	始終
しじょう	市場
しじん	詩人
しずか	静か
しずく	雫
しずまる	静まる
しずむ	沈む
しずめる	沈める
しせい	姿勢
しせつ	施設
しぜん	自然
しぜんかがく	自然科学
しそう	思想
しそく	子息
しそん	子孫
したい	死体
したう	慕う
したがう	従う
したがき	下書き
したぎ	下着
したくする	支度
したごころ	下心
したしい	親しい
したしむ	親しむ
したしらべ	下調べ
したじ	下地
したてる	仕立てる
したどり	下取り
したび	下火
したまち	下町
しだい	次第
しち	七
しっかく	失格
しっき	湿気
しっきゃく	失脚
しっけ	湿気
しっそ	質素
しっちょう	失調
しっと	嫉妬
しっぱい	失敗
しっぴつ	執筆
しつ	質
しつぎ	質疑
しつぎょう	失業
しつけ	躾
しつける	躾ける
しつど	湿度
しつぼう	失望
しつもん	質問
しつれい	失礼
しつれん	失恋
してい	指定
してき	指摘
してつ	私鉄
しとやか	淑やか
しどう	指導
しな	品
しなびる	萎びる
しなもの	品物
しにょう	屎尿
しぬ	死ぬ
しのぐ	凌ぐ
しはい	支配
しはつ	始発
しはらい	支払
しはらう	支払う
しば	芝
しばい	芝居
しばふ	芝生
しばる	縛る
しぶつ	私物
しへい	紙幣
しほう	司法
しほん	資本
しぼる	絞る
しまい	姉妹
しまつ	始末
しまる	閉まる
しみる	染みる
しみん	市民
しめきる	締め切る
しめす	示す
しゃかい	社会
しゃかいかがく	社会科学
しゃこ	車庫
しゃこう	社交
しゃしょう	車掌
しゃしん	写真
しゃせい	写生
しゃせつ	社説
しゃぜつ	謝絶
しゃたく	社宅
しゃちょう	社長
しゃっきん	借金
しゃみせん	三味線
しゃめん	斜面
しゃりん	車輪
しゃれ	洒落
しゃれる	洒落る
しや	視野
しゅうい	周囲
しゅうえき	収益
しゅうかい	集会
しゅうかく	収穫
しゅうかん	習慣
しゅうがく	修学
しゅうき	周期
しゅうきょう	宗教
しゅうきん	集金
しゅうぎいん	衆議院
しゅうぎょう	就業
しゅうけい	集計
しゅうげき	襲撃
しゅうごう	集合
しゅうしゅう	収集
しゅうじ	習字
しゅうじつ	終日
しゅうじゃく	執着
しゅうせい	修正
しゅうぜん	修繕
しゅうだん	集団
しゅうちゃく	執着
しゅうちゅう	集中
しゅうてん	終点
しゅうにゅう	収入
しゅうにん	就任
しゅうへん	周辺
しゅうよう	収容
しゅうり	修理
しゅうりょう	終了
しゅえい	守衛
しゅえん	主演
しゅかん	主観
しゅぎ	主義
しゅぎょう	修行
しゅくが	祝賀
しゅくしょう	縮小
しゅくじつ	祝日
しゅくだい	宿題
しゅくはく	宿泊
しゅくめい	宿命
しゅけん	主権
しゅげい	手芸
しゅご	主語
しゅさい	主催
しゅざい	取材
しゅし	趣旨
しゅしょう	首相
しゅしょく	主食
しゅじゅ	種々
しゅじゅつ	手術
しゅじん	主人
しゅじんこう	主人公
しゅたい	主体
しゅだい	主題
しゅだん	手段
しゅちょう	主張
しゅっきん	出勤
しゅっけつ	出血
しゅっさん	出産
しゅっしゃ	出社
しゅっしょう	出生
しゅっしん	出身
しゅっせ	出世
しゅっせい	出生
しゅっせきする	出席
しゅっちょう	出張
しゅっぱつする	出発
しゅっぱん	出版
しゅっぴ	出費
しゅっぴん	出品
しゅつえん	出演
しゅつげん	出現
しゅつじょう	出場
しゅつだい	出題
しゅつどう	出動
しゅと	首都
しゅどう	主導
しゅにん	主任
しゅのう	首脳
しゅび	守備
しゅふ	主婦
しゅほう	手法
しゅみ	趣味
しゅやく	主役
しゅよう	主要
しゅるい	種類
しゅんかん	瞬間
しゆう	私有
しょうか	消化
しょうかい	紹介
しょうがくきん	奨学金
しょうがくせい	小学生
しょうがっこう	小学校
しょうがつ	正月
しょうきょ	消去
しょうきょくてき	消極的
しょうきん	賞金
しょうぎ	将棋
しょうぎょう	商業
しょうげき	衝撃
しょうげん	証言
しょうこ	証拠
しょうご	正午
しょうごう	照合
しょうさい	詳細
しょうしゃ	商社
しょうしょう	少々
しょうしん	昇進
しょうじ	障子
しょうじき	正直
しょうじょ	少女
しょうじょう	症状
しょうじる	生じる
しょうすう	小数
しょうする	称する
しょうずる	生ずる
しょうせつ	小説
しょうそく	消息
しょうたい	正体
しょうたいする	招待
しょうだく	承諾
しょうちする	承知
しょうちょう	象徴
しょうとつ	衝突
しょうどく	消毒
しょうにか	小児科
しょうねん	少年
しょうはい	勝敗
しょうばい	商売
しょうひ	消費
しょうぶ	勝負
しょうべん	小便
しょうぼう	消防
しょうぼうしょ	消防署
しょうみ	正味
しょうめん	正面
しょうもう	消耗
しょうゆ	醤油
しょうらい	将来
しょうり	勝利
しょうりゃく	省略
しょうれい	奨励
しょきゅう	初級
しょく	職
しょくいん	職員
しょくえん	食塩
しょくぎょう	職業
しょくじする	食事
しょくたく	食卓
しょくどう	食堂
しょくにん	職人
しょくば	職場
しょくひん	食品
しょくぶつ	植物
しょくみんち	植民地
しょくむ	職務
しょくもつ	食物
しょくよく	食欲
しょくりょうひん	食料品
しょくん	諸君
しょさい	書斎
しょざい	所在
しょじ	所持
しょじゅん	初旬
しょせき	書籍
しょぞく	所属
しょち	処置
しょっき	食器
しょてい	所定
しょてん	書店
しょとく	所得
しょどう	書道
しょはん	初版
しょばつ	処罰
しょひょう	書評
しょぶん	処分
しょほ	初歩
しょみん	庶民
しょむ	庶務
しょめい	署名
しょもつ	書物
しょゆう	所有
しょり	処理
しょるい	書類
しようにん	使用人
しらが	白髪
しらせ	知らせ
しらせる	知らせる
しらべ	調べ
しらべる	調べる
しり	尻
しりつ	私立
しりょう	資料
しるし	印
しるす	記す
しれい	指令
しろい	白い
しろうと	素人
しん	芯
しんか	進化
しんかんせん	新幹線
しんがく	進学
しんぎ	審議
しんくう	真空
しんけい	神経
しんけん	真剣
しんこん	新婚
しんごう	信号
しんさ	審査
しんさつ	診察
しんし	紳士
しんしゅつ	進出
しんしん	心身
しんじつ	真実
しんじゃ	信者
しんじゅ	真珠
しんじゅう	心中
しんじょう	心情
しんじる	信じる
しんじん	新人
しんずる	信ずる
しんせき	親戚
しんせつ	親切
しんせん	新鮮
しんぜん	親善
しんそう	真相
しんぞう	心臓
しんたい	身体
しんだい	寝台
しんだん	診断
しんちく	新築
しんてい	進呈
しんてん	進展
しんでん	神殿
しんど	進度
しんどう	振動
しんにゅう	侵入
しんにゅうせい	新入生
しんにん	信任
しんぱいする	心配
しんぱん	審判
しんぴ	神秘
しんぶん	新聞
しんぶんしゃ	新聞社
しんぼう	辛抱
しんぽ	進歩
しんや	深夜
しんゆう	親友
しんよう	信用
しんらい	信頼
しんりゃく	侵略
しんりょう	診療
しんりん	森林
しんるい	親類
しんろ	針路
しんわ	神話
じ	字
じいん	寺院
じえい	自衛
じかく	自覚
じかに	直に
じかん	時間
じかんわり	時間割
じが	自我
じぎょう	事業
じく	軸
じけん	事件
じこう	事項
じこく	時刻
じこくひょう	時刻表
じごく	地獄
じさ	時差
じさつ	自殺
じさん	持参
じざい	自在
じしゃく	磁石
じしゅう	自習
じしょ	辞書
じしょく	辞職
じじつ	事実
じじょう	事情
じぜん	事前
じそく	時速
じそんしん	自尊心
じぞく	持続
じたく	自宅
じだい	時代
じち	自治
じっか	実家
じっかん	実感
じっけん	実験
じっこう	実行
じっさい	実際
じっし	実施
じっしゅう	実習
じっせき	実績
じっせん	実践
じったい	実態
じっぴ	実費
じつ	実
じつぎょうか	実業家
じつげん	実現
じつに	実に
じつは	実は
じつぶつ	実物
じつよう	実用
じつりょく	実力
じつれい	実例
じてんしゃ	自転車
じどうしゃ	自動車
じぬし	地主
じばん	地盤
じびか	耳鼻科
じびき	字引
じぶん	自分
じまん	自慢
じみ	地味
じむしょ	事務所
じめん	地面
じもと	地元
じゃく	弱
じゃくてん	弱点
じゃぐち	蛇口
じゃっかん	若干
じゃま	邪魔
じゃり	砂利
じゅうきょ	住居
じゅうぎょういん	従業員
じゅうし	重視
じゅうしょ	住所
じゅうじ	従事
じゅうじつ	充実
じゅうじろ	十字路
じゅうたく	住宅
じゅうだい	重大
じゅうてん	重点
じゅうどう	柔道
じゅうなん	柔軟
じゅうふく	重複
じゅうぶん	十分
じゅうみん	住民
じゅうやく	重役
じゅうよう	重要
じゅうらい	従来
じゅうりょう	重量
じゅうりょく	重力
じゅぎょう	授業
じゅく	塾
じゅくご	熟語
じゅけん	受験
じゅつご	述語
じゅみょう	寿命
じゅもく	樹木
じゅよう	需要
じゅりつ	樹立
じゅわき	受話器
じゅん	順
じゅんかん	循環
じゅんきゅう	準急
じゅんさ	巡査
じゅんじゅん	順々
じゅんじょ	順序
じゅんじょう	純情
じゅんじる	準じる
じゅんすい	純粋
じゅんちょう	順調
じゅんばん	順番
じゅんびする	準備
じゆう	自由
じょうい	上位
じょうえん	上演
じょうか	城下
じょうき	蒸気
じょうきゃく	乗客
じょうきゅう	上級
じょうぎ	定規
じょうくう	上空
じょうけん	条件
じょうげ	上下
じょうし	上司
じょうしき	常識
じょうしゃ	乗車
じょうしょ	情緒
じょうしょう	上昇
じょうじゅん	上旬
じょうず	上手
じょうせい	情勢
じょうたい	状態
じょうたつ	上達
じょうだん	冗談
じょうちょ	情緒
じょうとう	上等
じょうねつ	情熱
じょうはつ	蒸発
じょうひん	上品
じょうぶ	丈夫
じょうほ	譲歩
じょうほう	情報
じょうやく	条約
じょうりく	上陸
じょうりゅう	蒸溜
じょおう	女王
じょがい	除外
じょきょうじゅ	助教授
じょげん	助言
じょこう	徐行
じょしゅ	助手
じょじょに	徐々に
じょせい	女性
じょどうし	助動詞
じょゆう	女優
じりつ	自立
じん	陣
じんかく	人格
じんざい	人材
じんしゅ	人種
じんじ	人事
じんじゃ	神社
じんせい	人生
じんそく	迅速
じんぞう	人造
じんたい	人体
じんぶつ	人物
じんぶんかがく	人文科学
じんみん	人民
じんめい	人命
じんるい	人類
すい	粋
すいえい	水泳
すいげん	水源
すいさん	水産
すいしん	推進
すいじ	炊事
すいじゅん	水準
すいじょうき	水蒸気
すいそ	水素
すいそう	吹奏
すいそく	推測
すいちょく	垂直
すいてい	推定
すいてき	水滴
すいでん	水田
すいとう	水筒
すいどう	水道
すいぶん	水分
すいへい	水平
すいへいせん	水平線
すいみん	睡眠
すいめん	水面
すいよう	水曜
すいようび	水曜日
すいり	推理
すうがく	数学
すうし	数詞
すうじ	数字
すうはい	崇拝
すえ	末
すえっこ	末っ子
すえつける	据え付ける
すえる	据える
すがた	姿
すききらい	好き嫌い
すきずき	好き好き
すきとおる	透き通る
すきま	隙間
すぎ	杉
すぎる	過ぎる
すく	空く
すくい	救い
すくう	救う
すくない	少ない
すぐれる	優れる
すこし	少し
すこしも	少しも
すこやか	健やか
すごい	凄い
すごす	過ごす
すじ	筋
すすぐ	濯ぐ
すすみ	進み
すすむ	進む
すず	鈴
すずしい	涼しい
すずむ	涼む
すそ	裾
すてる	捨てる
すでに	既に
すな	砂
すなお	素直
すばやい	素早い
すばらしい	素晴らしい
すべて	全て
すべる	滑る
すまい	住まい
すませる	済ませる
すもう	相撲
するどい	鋭い
すれちがう	すれ違う
すれる	擦れる
すわる	座る
すんぽう	寸法
ず	図
ずいひつ	随筆
ずいぶん	随分
ずうずうしい	図々しい
ずかん	図鑑
ずけい	図形
ずつう	頭痛
ずのう	頭脳
ずひょう	図表
ずるい	狡い
せいか	成果
せいかい	正解
せいかつする	生活
せいきゅう	請求
せいぎ	正義
せいけい	生計
せいけつ	清潔
せいけん	政権
せいげん	制限
せいさい	制裁
せいさん	精算
せいさんする	生産
せいざ	星座
せいしき	正式
せいしつ	性質
せいしゅん	青春
せいしょうねん	青少年
せいしん	精神
せいじ	政治
せいじつ	誠実
せいじゅく	成熟
せいじゅん	清純
せいじょう	正常
せいじん	成人
せいすう	整数
せいする	制する
せいせき	成績
せいぜい	精々
せいぜん	整然
せいぞう	製造
せいぞん	生存
せいだい	盛大
せいだく	清濁
せいてい	制定
せいてき	静的
せいてつ	製鉄
せいてん	晴天
せいと	生徒
せいど	制度
せいねんがっぴ	生年月日
せいのう	性能
せいひん	製品
せいび	整備
せいふ	政府
せいぶつ	生物
せいぶん	成分
せいべつ	性別
せいほう	製法
せいほうけい	正方形
せいみつ	精密
せいもん	正門
せいやく	制約
せいよう	西洋
せいりつ	成立
せいりょく	勢力
せいれき	西暦
せいれつ	整列
せおう	背負う
せかい	世界
せかす	急かす
せがれ	伜
せきたん	石炭
せきどう	赤道
せきにん	責任
せきむ	責務
せきゆ	石油
せけん	世間
せじ	世辞
せたい	世帯
せだい	世代
せっかい	切開
せっかく	折角
せっきょくてき	積極的
せっきん	接近
せっけい	設計
せっけん	石鹸
せっしょく	接触
せっする	接する
せっち	設置
せっちゅう	折衷
せってい	設定
せっとく	説得
せつじつ	切実
せつぞく	接続
せつぞくし	接続詞
せつない	切ない
せつび	設備
せつめい	説明
せつやく	節約
せつりつ	設立
せともの	瀬戸物
せなか	背中
せびろ	背広
せまい	狭い
せまる	迫る
せめ	攻め
せりふ	台詞
せろん	世論
せわする	世話
せんい	繊維
せんきょ	選挙
せんきょう	宣教
せんげつ	先月
せんげん	宣言
せんさい	戦災
せんざい	洗剤
せんしゅ	選手
せんじつ	先日
せんじゅつ	戦術
せんす	扇子
せんすい	潜水
せんせんげつ	先々月
せんせんしゅう	先々週
せんそう	戦争
せんぞ	先祖
せんたん	先端
せんだい	先代
せんだって	先だって
せんちゃく	先着
せんてんてき	先天的
せんでん	宣伝
せんにゅう	潜入
せんぱい	先輩
せんぱく	船舶
せんぷうき	扇風機
せんめん	洗面
せんもん	専門
せんよう	専用
せんりょう	占領
せんりょく	戦力
せんろ	線路
ぜい	税
ぜいかん	税関
ぜいきん	税金
ぜいたく	贅沢
ぜいむしょ	税務署
ぜせい	是正
ぜったい	絶対
ぜっぱん	絶版
ぜつめつ	絶滅
ぜひ	是非
ぜんいん	全員
ぜんかい	全快
ぜんこく	全国
ぜんご	前後
ぜんしゃ	前者
ぜんしゅう	全集
ぜんせい	全盛
ぜんぜん	全然
ぜんたい	全体
ぜんてい	前提
ぜんと	前途
ぜんぱん	全般
ぜんぶ	全部
ぜんめつ	全滅
ぜんりょう	善良
ぜんりょく	全力
ぜんれい	前例
そうい	相違
そうおう	相応
そうおん	騒音
そうかい	総会
そうかん	創刊
そうきゅう	早急
そうきん	送金
そうこ	倉庫
そうこう	走行
そうご	相互
そうごう	総合
そうしき	葬式
そうしょく	装飾
そうじゅう	操縦
そうぞうしい	騒々しい
そうぞく	相続
そうたい	相対
そうだい	壮大
そうだんする	相談
そうち	装置
そうとう	相当
そうどう	騒動
そうなん	遭難
そうば	相場
そうび	装備
そうべつ	送別
そうりだいじん	総理大臣
そうりつ	創立
そうりょう	送料
そえる	添える
そくざに	即座に
そくしん	促進
そくする	即する
そくたつ	速達
そくてい	測定
そくど	速度
そくばく	束縛
そくめん	側面
そくりょう	測量
そくりょく	速力
そこなう	損う
そざい	素材
そし	阻止
そしき	組織
そしつ	素質
そしょう	訴訟
そせん	祖先
そそぐ	注ぐ
そだち	育ち
そだつ	育つ
そだてる	育てる
そち	措置
そっけない	素っ気無い
そっぽ	外方
そつぎょう	卒業
そで	袖
そと	外
そなえつける	備え付ける
そのほか	その他
そびえる	聳える
そふ	祖父
そぼ	祖母
そぼく	素朴
そまつ	粗末
そまる	染まる
そむく	背く
そめる	染める
そら	空
それる	逸れる
そろい	揃い
そろう	揃う
そろえる	揃える
そろばん	算盤
そん	損
そんがい	損害
そんけい	尊敬
そんざい	存在
そんしつ	損失
そんぞく	存続
そんちょう	尊重
そんとく	損得
ぞうか	増加
ぞうき	雑木
ぞうきょう	増強
ぞうきん	雑巾
ぞうげん	増減
ぞうしょう	蔵相
ぞうしん	増進
ぞうせん	造船
ぞうだい	増大
ぞうり	草履
ぞくする	属する
ぞくぞく	続々
ぞんじる	存じる
ぞんずる	存ずる
たいいく	体育
たいいんする	退院
たいおう	対応
たいおん	体温
たいかい	大会
たいかく	体格
たいがい	大概
たいがく	退学
たいき	大気
たいきん	大金
たいくつ	退屈
たいぐう	待遇
たいけい	体系
たいけつ	対決
たいけん	体験
たいこ	太鼓
たいこう	対抗
たいさく	対策
たいざい	滞在
たいし	大使
たいしかん	大使館
たいした	大した
たいして	大して
たいしゅう	大衆
たいしょ	対処
たいしょく	退職
たいじ	退治
たいじゅう	体重
たいする	対する
たいせき	体積
たいせつ	大切
たいせん	大戦
たいだん	対談
たいてい	大抵
たいとう	対等
たいど	態度
たいのう	滞納
たいはん	大半
たいひ	対比
たいふう	台風
たいぶ	大部
たいへん	大変
たいほ	逮捕
たいぼう	待望
たいぼく	大木
たいまん	怠慢
たいめん	対面
たいよう	太陽
たいら	平ら
たいりく	大陸
たいりつ	対立
たいりょく	体力
たいわ	対話
たうえ	田植え
たえず	絶えず
たおす	倒す
たおれる	倒れる
たかい	高い
たかまる	高まる
たかめる	高める
たから	宝
たがい	互い
たがやす	耕す
たき	滝
たきび	焚火
たくさん	沢山
たくみ	巧み
たくわえる	蓄える
たしかめる	確かめる
たしざん	足し算
たしょう	多少
たす	足す
たすうけつ	多数決
たすかる	助かる
たすけ	助け
たすける	助ける
たずさわる	携わる
たたかい	戦い
たたかう	戦う
たたく	叩く
たたみ	畳
たたむ	畳む
ただし	但し
ただしい	正しい
ただちに	直ちに
ただよう	漂う
たちあがる	立ち上がる
たちさる	立ち去る
たちどまる	立ち止まる
たちば	立場
たちよる	立ち寄る
たっしゃ	達者
たっする	達する
たっせい	達成
たった	唯
たてかえる	立て替える
たてまえ	建前
たてまつる	奉る
たてもの	建物
たとえば	例えば
たとえる	例える
たどうし	他動詞
たどりつく	辿り着く
たどる	辿る
たな	棚
たに	谷
たにん	他人
たね	種
たのしい	楽しい
たのしみ	楽しみ
たのしむ	楽む
たのむ	頼む
たのもしい	頼もしい
たば	束
たばねる	束ねる
たぶん	多分
たべもの	食べ物
たべる	食べる
たほう	他方
たぼう	多忙
たまう	給う
たまご	卵
たましい	魂
たまたま	偶々
たまり	溜まり
たまる	溜まる
たまわる	賜る
ため	為
ためいき	溜息
ためし	試し
ためす	試す
ためる	溜める
たもつ	保つ
たよう	多様
たより	便り
たよる	頼る
たりる	足りる
たる	足る
たるみ	弛み
たるむ	弛む
たれる	垂れる
たんい	単位
たんいつ	単一
たんけん	探検
たんこう	炭鉱
たんご	単語
たんしゅく	短縮
たんしょ	短所
たんじゅん	単純
たんじょう	誕生
たんじょうび	誕生日
たんすい	淡水
たんすう	単数
たんそ	炭素
たんだい	短大
たんちょう	単調
たんとう	担当
たんどく	単独
たんなる	単なる
たんに	単に
たんぱ	短波
たんぱくしつ	蛋白質
たんぺん	短編
たんぼ	田ぼ
だいがく	大学
だいがくいん	大学院
だいがくせい	大学生
だいきん	代金
だいく	大工
だいしょう	大小
だいじ	大事
だいじょうぶ	大丈夫
だいじん	大臣
だいすき	大好き
だいする	題する
だいたい	大体
だいたん	大胆
だいとうりょう	大統領
だいどころ	台所
だいなし	台無し
だいひょう	代表
だいぶ	大分
だいぶぶん	大部分
だいぶん	大分
だいほん	台本
だいめい	題名
だいめいし	代名詞
だいよう	代用
だいり	代理
だえん	楕円
だかい	打開
だきょう	妥協
だく	抱く
だけつ	妥結
だげき	打撃
ださく	駄作
だす	出す
だっこ	抱っこ
だっしゅつ	脱出
だっする	脱する
だっせん	脱線
だったい	脱退
だとう	妥当
だます	騙す
だまる	黙る
だれ	誰
だれか	誰か
だん	段
だんかい	段階
だんけつ	団結
だんげん	断言
だんし	男子
だんすい	断水
だんせい	男性
だんぜん	断然
だんたい	団体
だんだん	段々
だんち	団地
だんてい	断定
だんな	旦那
だんぼう	暖房
だんめん	断面
だんりょく	弾力
ちあん	治安
ちい	地位
ちいき	地域
ちいさい	小さい
ちいさな	小さな
ちえ	知恵
ちか	地下
ちかい	近い
ちかう	誓う
ちかく	近く
ちかごろ	近頃
ちかすい	地下水
ちかぢか	近々
ちかづける	近付ける
ちかてつ	地下鉄
ちかよる	近寄る
ちから	力
ちからづよい	力強い
ちがい	違い
ちがいない	違いない
ちがう	違う
ちがえる	違える
ちきゅう	地球
ちく	地区
ちくさん	畜産
ちくしょう	畜生
ちくせき	蓄積
ちけい	地形
ちこく	遅刻
ちしき	知識
ちしつ	地質
ちじ	知事
ちじん	知人
ちず	地図
ちせい	知性
ちたい	地帯
ちちおや	父親
ちぢまる	縮まる
ちぢむ	縮む
ちぢめる	縮める
ちぢれる	縮れる
ちっそく	窒息
ちつじょ	秩序
ちてき	知的
ちてん	地点
ちのう	知能
ちへいせん	地平線
ちほう	地方
ちめい	地名
ちゃ	茶
ちゃいろ	茶色
ちゃいろい	茶色い
ちゃくしゅ	着手
ちゃくしょく	着色
ちゃくせき	着席
ちゃくちゃく	着々
ちゃくもく	着目
ちゃくりく	着陸
ちゃっこう	着工
ちゃのま	茶の間
ちゃのゆ	茶の湯
ちゃわん	茶碗
ちゅうい	注意
ちゅうおう	中央
ちゅうかん	中間
ちゅうがえり	宙返り
ちゅうがく	中学
ちゅうがっこう	中学校
ちゅうけい	中継
ちゅうこ	中古
ちゅうこく	忠告
ちゅうし	中止
ちゅうしゃじょう	駐車場
ちゅうしょく	昼食
ちゅうしん	中心
ちゅうじゅん	中旬
ちゅうすう	中枢
ちゅうせん	抽選
ちゅうだん	中断
ちゅうと	中途
ちゅうどく	中毒
ちゅうねん	中年
ちゅうふく	中腹
ちゅうもく	注目
ちゅうもん	注文
ちゅうりつ	中立
ちゅうわ	中和
ちょういん	調印
ちょうか	超過
ちょうかく	聴覚
ちょうかん	長官
ちょうき	長期
ちょうこう	聴講
ちょうこく	彫刻
ちょうさ	調査
ちょうし	調子
ちょうしゅう	徴収
ちょうしょ	長所
ちょうしんき	聴診器
ちょうじょ	長女
ちょうじょう	頂上
ちょうせい	調整
ちょうせつ	調節
ちょうせん	挑戦
ちょうたん	長短
ちょうてい	調停
ちょうてん	頂点
ちょうど	丁度
ちょうなん	長男
ちょうふく	重複
ちょうへん	長編
ちょうほう	重宝
ちょうほうけい	長方形
ちょうみりょう	調味料
ちょうり	調理
ちょうわ	調和
ちょきん	貯金
ちょくご	直後
ちょくせつ	直接
ちょくせん	直線
ちょくぜん	直前
ちょくつう	直通
ちょくめん	直面
ちょくりゅう	直流
ちょしゃ	著者
ちょしょ	著書
ちょぞう	貯蔵
ちょちく	貯蓄
ちょっかく	直角
ちょっかん	直感
ちょっけい	直径
ちょめい	著名
ちらかす	散らかす
ちらかる	散らかる
ちらす	散らす
ちりがみ	塵紙
ちりとり	塵取り
ちりょう	治療
ちる	散る
ちんぎん	賃金
ちんでん	沈殿
ちんぼつ	沈没
ちんもく	沈黙
ちんれつ	陳列
つい	対
ついか	追加
ついきゅう	追及
ついせき	追跡
ついたち	一日
ついに	遂に
ついほう	追放
ついやす	費やす
ついらく	墜落
つうかん	痛感
つうがく	通学
つうきん	通勤
つうこう	通行
つうしん	通信
つうじょう	通常
つうじる	通じる
つうずる	通ずる
つうせつ	痛切
つうち	通知
つうちょう	通帳
つうやく	通訳
つうよう	通用
つうろ	通路
つえ	杖
つかいみち	使い道
つかう	使う
つかえる	仕える
つかさどる	司る
つかのま	つかの間
つかまえる	捕まえる
つかまる	捕まる
つかむ	掴む
つかれ	疲れ
つかれる	疲れる
つき	月
つきあい	付き合い
つきあう	付合う
つきあたり	突き当たり
つきあたる	突き当たる
つきなみ	月並
つきひ	月日
つきる	尽きる
つぎ	次
つぎつぎ	次々
つぎめ	継目
つくえ	机
つくす	尽くす
つくる	作る
つくろう	繕う
つけくわえる	付け加える
つげる	告げる
つごう	都合
つたえる	伝える
つたわる	伝わる
つち	土
つっこむ	突っ込む
つっつく	突っ突く
つっぱる	突っ張る
つつ	筒
つつく	突く
つつしむ	謹む
つつみ	包み
つつむ	包む
つづき	続き
つづく	続く
つづける	続ける
つとまる	務まる
つとめさき	勤め先
つとめて	努めて
つな	綱
つながり	繋がり
つながる	繋がる
つなぐ	繋ぐ
つなげる	繋げる
つなみ	津波
つねに	常に
つの	角
つのる	募る
つば	唾
つばさ	翼
つぶ	粒
つぶす	潰す
つぶやく	呟く
つぶれる	潰れる
つぼ	壷
つぼみ	蕾
つま	妻
つまる	詰まる
つみ	罪
つめ	爪
つめたい	冷たい
つめる	詰める
つもる	積もる
つや	艶
つよい	強い
つよき	強気
つよまる	強まる
つよめる	強める
つらい	辛い
つらなる	連なる
つらぬく	貫く
つらねる	連ねる
つり	釣
つりあう	釣り合う
つりかわ	吊り革
つりがね	釣り鐘
つるす	吊す
つれ	連れ
つれる	連れる
て	手
てあて	手当
てあらい	手洗い
ていあん	提案
ていいん	定員
ていき	定期
ていきけん	定期券
ていきゅうび	定休日
ていきょう	提供
ていぎ	定義
ていけい	提携
ていこう	抵抗
ていさい	体裁
ていし	停止
ていしゃ	停車
ていしゅつ	提出
ていしょく	定食
ていじ	提示
ていせい	訂正
ていたい	停滞
ていたく	邸宅
ていでん	停電
ていど	程度
ていねい	丁寧
ていねん	定年
ていぼう	堤防
ていりゅうじょ	停留所
ていれ	手入れ
ておくれ	手遅れ
てかず	手数
てがかり	手掛かり
てがける	手掛ける
てがみ	手紙
てがる	手軽
てき	敵
てきおう	適応
てきぎ	適宜
てきする	適する
てきせい	適性
てきせつ	適切
てきとう	適当
てきど	適度
てきよう	適用
てぎわ	手際
てくび	手首
てじな	手品
てじゅん	手順
てじょう	手錠
てすう	手数
てちょう	手帳
てぢか	手近
てっきょう	鉄橋
てっこう	鉄鋼
てっする	徹する
てってい	徹底
てっぽう	鉄砲
てつ	鉄
てつがく	哲学
てつだい	手伝い
てつだう	手伝う
てつづき	手続き
てつどう	鉄道
てつぼう	鉄棒
てつや	徹夜
てぬぐい	手拭い
てのひら	掌
てはい	手配
てはず	手筈
てびき	手引
てぶくろ	手袋
てほん	手本
てま	手間
てまえ	手前
てまわし	手回し
てもと	手元
てら	寺
てらす	照らす
てりかえす	照り返す
てる	照る
てわけ	手分け
てんいん	店員
てんか	天下
てんかん	転換
てんき	天気
てんきょ	転居
てんきよほう	天気予報
てんきん	転勤
てんけい	典型
てんけん	点検
てんごく	天国
てんじ	展示
てんじる	転じる
てんすう	点数
てんずる	転ずる
てんせん	点線
てんたい	天体
てんち	天地
てんにん	転任
てんねん	天然
てんのう	天皇
てんぼう	展望
てんらく	転落
てんらんかい	展覧会
で	出
であう	出会う
でいり	出入り
でかける	出かける
できあがり	出来上がり
できあがる	出来上がる
できごと	出来事
でくわす	出くわす
でぐち	出口
でこぼこ	凸凹
でし	弟子
でなおし	出直し
でむかえ	出迎え
でむかえる	出迎える
でる	出る
でんえん	田園
でんきゅう	電球
でんげん	電源
でんごん	伝言
でんし	電子
でんしゃ	電車
でんせつ	伝説
でんせん	伝染
でんたつ	伝達
でんち	電池
でんちゅう	電柱
でんぱ	電波
でんぽう	電報
でんらい	伝来
でんりゅう	電流
でんりょく	電力
でんわ	電話
とい	問い
といあわせ	問い合わせ
といあわせる	問い合わせる
とうあん	答案
とういつ	統一
とうき	陶器
とうきゅう	等級
とうぎ	討議
とうけい	統計
とうげ	峠
とうこう	登校
とうごう	統合
とうさん	倒産
とうざい	東西
とうし	投資
とうしょ	投書
とうじ	当時
とうじつ	当日
とうじょう	登場
とうせい	統制
とうせん	当選
とうぜん	当然
とうそう	逃走
とうそつ	統率
とうたつ	到達
とうだい	灯台
とうち	統治
とうちゃく	到着
とうてい	到底
とうとぶ	尊ぶ
とうなん	盗難
とうにゅう	投入
とうにん	当人
とうばん	当番
とうひょう	投票
とうぶん	等分
とうぼう	逃亡
とうみん	冬眠
とうめい	透明
とうゆ	灯油
とうよう	東洋
とうろく	登録
とうろん	討論
とおい	遠い
とおか	十日
とおく	遠く
とおざかる	遠ざかる
とおす	通す
とおまわり	遠回り
とおり	通り
とおりかかる	通り掛かる
とおりすぎる	通り過ぎる
とおる	通る
とかい	都会
とかす	溶かす
とがる	尖る
ときおり	時折
ときどき	時々
とくい	得意
とくぎ	特技
とくさん	特産
とくしゅ	特殊
とくしゅう	特集
とくしょく	特色
とくてい	特定
とくてん	得点
とくに	特に
とくは	特派
とくばい	特売
とくべつ	特別
とくゆう	特有
とぐ	研ぐ
とけい	時計
とけこむ	溶け込む
とげる	遂げる
とこのま	床の間
とこや	床屋
ところ	所
ところどころ	所々
とざん	登山
としごろ	年頃
としつき	年月
としょ	図書
としょかん	図書館
としより	年寄
としん	都心
とじまり	戸締り
とじょう	途上
とたん	途端
とだえる	途絶える
とだな	戸棚
とち	土地
とちゅう	途中
とっきゅう	特急
とっきょ	特許
とっけん	特権
とっぱ	突破
とつじょ	突如
とつぜん	突然
ととのう	整う
ととのえる	整える
とどく	届く
とどけ	届
とどける	届ける
とどこおる	滞る
とどまる	留まる
とどめる	止める
となえる	唱える
となり	隣
とのさま	殿様
とばす	飛ばす
とびこむ	飛び込む
とびだす	飛び出す
とびら	扉
とぶ	飛ぶ
とほ	徒歩
とぼしい	乏しい
とみ	富
とむ	富む
ともかせぎ	共稼ぎ
ともだち	友達
ともなう	伴う
ともに	共に
ともばたらき	共働き
とら	虎
とらえる	捕える
とり	鳥
とりあげる	取り上げる
とりあつかい	取扱
とりあつかう	取り扱う
とりい	鳥居
とりいれる	取り入れる
とりかえ	取り替え
とりかえる	取り替える
とりくむ	取り組む
とりけす	取り消す
とりしまり	取締り
とりしまる	取り締まる
とりしらべる	取り調べる
とりたてる	取り立てる
とりだす	取り出す
とりつぐ	取り次ぐ
とりつける	取り付ける
とりにく	鶏肉
とりのぞく	取り除く
とりひき	取引
とりまく	取り巻く
とりまぜる	取り混ぜる
とりもどす	取り戻す
とりよせる	取り寄せる
とりわけ	副
とれる	取れる
とんや	問屋
どうい	同意
どういつ	同一
どういん	動員
どうか	銅貨
どうかく	同格
どうかん	同感
どうき	動機
どうきゅう	同級
どうきょ	同居
どうぐ	道具
どうこう	動向
どうさ	動作
どうじ	同時
どうちょう	同調
どうてき	動的
どうとう	同等
どうとく	道徳
どうどう	堂々
どうにゅう	導入
どうふう	同封
どうぶつ	動物
どうぶつえん	動物園
どうめい	同盟
どうりょう	同僚
どうりょく	動力
どうろ	道路
どうわ	童話
どくさい	独裁
どくしょ	読書
どくしん	独身
どくじ	独自
どくせん	独占
どくそう	独創
どくとく	独特
どくりつ	独立
どける	退ける
どだい	土台
どて	土手
どなる	怒鳴る
どひょう	土俵
どぶ	溝
どぼく	土木
どようび	土曜日
どりょく	努力
どろ	泥
どろぼう	泥棒
どわすれ	度忘れ
どんかん	鈍感
どんぶり	丼
な	名
ないか	内科
ないかく	内閣
ないし	乃至
ないしょ	内緒
ないしん	内心
ないせん	内線
ないぞう	内蔵
ないぶ	内部
ないよう	内容
ないらん	内乱
ないりく	内陸
なえ	苗
なおす	直す
なかなおり	仲直り
なかなか	中々
なかば	半ば
なかほど	中程
なかま	仲間
なかゆび	中指
なかよし	仲良し
ながい	長い
ながし	流し
ながす	流す
ながなが	長々
ながびく	長引く
ながめ	眺め
ながめる	眺める
ながれ	流れ
ながれる	流れる
なぎさ	渚
なぐさめる	慰める
なぐる	殴る
なげく	嘆く
なげだす	投げ出す
なげる	投げる
なこうど	仲人
なごやか	和やか
なごり	名残
なさけ	情け
なさけない	情無い
なさけぶかい	情深い
なし	無し
なじる	詰る
なす	為す
なぞ	謎
なぞなぞ	謎謎
なだかい	名高い
なだらか	傾らか
なだれ	雪崩
なっとく	納得
なつ	夏
なつかしい	懐かしい
なつく	懐く
なつやすみ	夏休み
なづける	名付ける
なでる	撫でる
ななつ	七つ
ななめ	斜め
なに	何
なにか	何か
なにげない	何気ない
なになに	何々
なにぶん	何分
なのか	七日
なふだ	名札
なべ	鍋
なま	生
なまいき	生意気
なまいきな	生意気な
なまえ	名前
なまぐさい	生臭い
なまける	怠ける
なまぬるい	生温い
なまみ	生身
なまり	鉛
なみき	並木
なみだ	涙
なめらか	滑らか
なめる	嘗める
なやましい	悩ましい
なやます	悩ます
なやみ	悩み
なやむ	悩む
ならびに	並びに
ならぶ	並ぶ
ならべる	並べる
なりたつ	成り立つ
なれ	慣れ
なれなれしい	馴々しい
なわ	縄
なんきょく	南極
なんだか	何だか
なんで	何で
なんでも	何でも
なんとか	何とか
なんべい	南米
なんぼく	南北
にあう	似合う
にえる	煮える
におい	匂い
におう	匂う
にかよう	似通う
にがい	苦い
にがす	逃がす
にがて	苦手
にぎる	握る
にぎわう	賑わう
にく	肉
にくい	憎い
にくしみ	憎しみ
にくしん	肉親
にくたい	肉体
にくむ	憎む
にくらしい	憎らしい
にげだす	逃げ出す
にげる	逃げる
にごる	濁る
にし	西
にしび	西日
にじ	虹
にじむ	滲む
にせもの	にせ物
にち	日
にちじ	日時
にちじょう	日常
にちや	日夜
にちようひん	日用品
にちようび	日曜日
にっか	日課
にっき	日記
にっこう	日光
にっちゅう	日中
にってい	日程
にっぽん	日本
にづくり	荷造り
になう	担う
にぶい	鈍い
にぶる	鈍る
にほん	日本
にもかかわらず	にも関わらず
にもつ	荷物
にゅういんする	入院
にゅうがくする	入学
にゅうしゃ	入社
にゅうしゅ	入手
にゅうしょう	入賞
にゅうじょう	入場
にゅうよく	入浴
にょう	尿
にょうぼう	女房
にらむ	睨む
にわ	庭
にわか	俄
にんき	人気
にんぎょう	人形
にんげん	人間
にんしき	認識
にんしん	妊娠
にんむ	任務
にんめい	任命
ぬう	縫う
ぬかす	抜かす
ぬく	抜く
ぬぐ	脱ぐ
ぬけだす	抜け出す
ぬける	抜ける
ぬし	主
ぬすむ	盗む
ぬの	布
ぬま	沼
ぬらす	濡らす
ぬる	塗る
ぬるい	温い
ぬれる	濡れる
ねいろ	音色
ねうち	値打ち
ねかせる	寝かせる
ねがい	願い
ねがう	願う
ねこ	猫
ねじる	捩る
ねじれる	捩れる
ねずみ	鼠
ねたむ	妬む
ねだん	値段
ねっしん	熱心
ねっする	熱する
ねったい	熱帯
ねっちゅう	熱中
ねっとう	熱湯
ねつ	熱
ねつい	熱意
ねつりょう	熱量
ねばり	粘り
ねばる	粘る
ねびき	値引き
ねぼう	寝坊
ねまわし	根回し
ねむい	眠い
ねむたい	眠たい
ねむる	眠る
ねらい	狙い
ねらう	狙う
ねん	念
ねんが	年賀
ねんがん	念願
ねんげつ	年月
ねんごう	年号
ねんしょう	燃焼
ねんじゅう	年中
ねんだい	年代
ねんちょう	年長
ねんど	年度
ねんりょう	燃料
ねんりん	年輪
ねんれい	年齢
の	野
のうか	農家
のうぎょう	農業
のうこう	農耕
のうさんぶつ	農産物
のうじょう	農場
のうそん	農村
のうち	農地
のうど	濃度
のうにゅう	納入
のうみん	農民
のうやく	農薬
のうりつ	能率
のうりょく	能力
のがす	逃す
のがれる	逃れる
のき	軒
のきなみ	軒並
のこす	残す
のこらず	残らず
のこり	残り
のこる	残る
のぞましい	望ましい
のぞみ	望み
のち	後
のっとる	乗っ取る
のど	喉
ののしる	罵る
のべ	延べ
のべる	述べる
のぼり	上り
のみこむ	飲み込む
のみもの	飲み物
のむ	飲む
のり	糊
のりかえる	乗り換える
のりこし	乗り越し
のりこむ	乗り込む
のりもの	乗り物
のろい	鈍い
のんき	呑気
はあく	把握
はいいろ	灰色
はいき	廃棄
はいきゅう	配給
はいく	俳句
はいぐうしゃ	配偶者
はいけんする	拝見
はいご	背後
はいざら	灰皿
はいし	廃止
はいしゃ	歯医者
はいしゃく	拝借
はいじょ	排除
はいすい	排水
はいせん	敗戦
はいたつ	配達
はいち	配置
はいふ	配布
はいぶん	配分
はいぼく	敗北
はいゆう	俳優
はいりょ	配慮
はいる	入る
はいれつ	配列
はう	這う
はか	墓
はかい	破壊
はかせ	博士
はかどる	捗る
はかり	秤
はがき	葉書
はき	破棄
はきけ	吐き気
はくがい	迫害
はくしゅ	拍手
はくじゃく	薄弱
はくじょう	白状
はくぶつかん	博物館
はぐ	剥ぐ
はぐるま	歯車
はけん	派遣
はげしい	激しい
はげます	励ます
はげむ	励む
はげる	剥げる
はこ	箱
はこぶ	運ぶ
はさまる	挟まる
はさむ	挟む
はさん	破産
はしご	梯子
はしる	走る
はしわたし	橋渡し
はじ	恥
はじく	弾く
はじまり	始まり
はじまる	始まる
はじめて	初めて
はじめる	始める
はじらう	恥じらう
はじる	恥じる
はす	斜
はずかしい	恥ずかしい
はずす	外す
はずむ	弾む
はずれる	外れる
はそん	破損
はた	旗
はたく	叩く
はたけ	畑
はたす	果たす
はたち	二十歳
はたらき	働き
はたらく	働く
はだ	肌
はだか	裸
はだぎ	肌着
はだし	裸足
はちみつ	蜂蜜
はっき	発揮
はっくつ	発掘
はっけん	発見
はっこう	発行
はっせい	発生
はっそう	発想
はったつ	発達
はってん	発展
はっぴょう	発表
はつ	発
はついく	発育
はつおん	発音
はつか	二十日
はつが	発芽
はつげん	発言
はつでん	発電
はつばい	発売
はつびょう	発病
はつみみ	初耳
はつめい	発明
はて	果て
はてる	果てる
はで	派手
はなし	話
はなしあう	話し合う
はなしかける	話し掛ける
はなしちゅう	話中
はなはだ	甚だ
はなはだしい	甚だしい
はなばなしい	華々しい
はなび	花火
はなびら	花びら
はなみ	花見
はなやか	華やか
はなよめ	花嫁
はねる	跳ねる
はは	母
ははおや	母親
はば	幅
はばむ	阻む
はぶく	省く
はへん	破片
はま	浜
はまべ	浜辺
はみがき	歯磨き
はやくち	早口
はやし	林
はやす	生やす
はやめる	早める
はやる	流行る
はらいこむ	払い込む
はらいもどす	払い戻す
はらう	払う
はらだち	腹立ち
はらっぱ	原っぱ
はり	針
はりがね	針金
はりがみ	張り紙
はりきる	張り切る
はるか	遥か
はれ	晴れ
はれつ	破裂
はんい	範囲
はんかん	反感
はんが	版画
はんきょう	反響
はんけい	半径
はんけつ	判決
はんげき	反撃
はんこ	判子
はんこう	反抗
はんざい	犯罪
はんしゃ	反射
はんしょく	繁殖
はんじ	判事
はんじょう	繁盛
はんする	反する
はんせい	反省
はんたい	反対
はんだん	判断
はんてい	判定
はんとう	半島
はんにん	犯人
はんのう	反応
はんばい	販売
はんぱ	半端
はんぱつ	反発
はんぶん	半分
ば	場
ばあい	場合
ばい	倍
ばいう	梅雨
ばいきん	ばい菌
ばいしょう	賠償
ばいてん	売店
ばいばい	売買
ばいりつ	倍率
ばか	馬鹿
ばくぜん	漠然
ばくだい	莫大
ばくだん	爆弾
ばくは	爆破
ばくはつ	爆発
ばくろ	暴露
ばける	化ける
ばしょ	場所
ばっする	罰する
ばつ	罰
ばめん	場面
ばん	晩
ばんぐみ	番組
ばんごう	番号
ばんごはん	晩御飯
ばんざい	万歳
ばんち	番地
ばんにん	万人
ばんねん	晩年
ばんのう	万能
ひあたり	日当たり
ひえる	冷える
ひかえしつ	控室
ひかえる	控える
ひかく	比較
ひかくてき	比較的
ひかげ	日陰
ひかり	光
ひかる	光る
ひかん	悲観
ひがい	被害
ひがえり	日帰り
ひがし	東
ひきあげる	引き上げる
ひきいる	率いる
ひきうける	引受る
ひきおこす	引き起こす
ひきかえす	引き返す
ひきさげる	引下げる
ひきざん	引算
ひきずる	引きずる
ひきだし	引き出し
ひきだす	引き出す
ひきとめる	引き止める
ひきとる	引取る
ひきょう	卑怯
ひくい	低い
ひけつ	否決
ひげき	悲劇
ひこうき	飛行機
ひこうじょう	飛行場
ひごろ	日頃
ひさしい	久しい
ひさしぶり	久しぶり
ひさん	悲惨
ひざ	膝
ひしょ	秘書
ひじ	肘
ひじゅう	比重
ひじょう	非常
ひじょうに	非常に
ひずむ	歪む
ひそか	密か
ひたい	額
ひたす	浸す
ひだり	左
ひだりきき	左利き
ひっかかる	引っ掛かる
ひっかく	引っ掻く
ひっき	筆記
ひっくりかえす	引っ繰り返す
ひっくりかえる	引っ繰り返る
ひっこす	引っ越す
ひっこむ	引っ込む
ひっし	必死
ひっしゃ	筆者
ひっしゅう	必修
ひってき	匹敵
ひっぱる	引っ張る
ひつじゅひん	必需品
ひつぜん	必然
ひつよう	必要
ひづけ	日付
ひてい	否定
ひと	人
ひといき	一息
ひとかげ	人影
ひとがら	人柄
ひとけ	人気
ひとこと	一言
ひところ	一頃
ひとごみ	人込み
ひとさしゆび	人差指
ひとしい	等しい
ひとじち	人質
ひとすじ	一筋
ひとつ	一つ
ひとつき	一月
ひととおり	一通り
ひとどおり	人通り
ひとみ	瞳
ひとめ	人目
ひとやすみ	一休み
ひとりごと	独り言
ひとりひとり	一人一人
ひどり	日取り
ひな	雛
ひなた	日向
ひなまつり	雛祭
ひにく	皮肉
ひねる	捻る
ひのいり	日の入り
ひので	日の出
ひのまる	日の丸
ひはん	批判
ひばな	火花
ひひょう	批評
ひびき	響き
ひびく	響く
ひふ	皮膚
ひま	暇
ひみつ	秘密
ひめい	悲鳴
ひも	紐
ひゃく	百
ひやかす	冷やかす
ひやけ	日焼け
ひやす	冷やす
ひょうか	評価
ひょうげん	表現
ひょうご	標語
ひょうし	表紙
ひょうしき	標識
ひょうじ	表示
ひょうじゅん	標準
ひょうじょう	表情
ひょうばん	評判
ひょうほん	標本
ひょうめん	表面
ひょうろん	評論
ひよう	費用
ひらがな	平仮名
ひらく	開く
ひらたい	平たい
ひりつ	比率
ひる	昼
ひるごはん	昼御飯
ひるね	昼寝
ひるま	昼間
ひるめし	昼飯
ひるやすみ	昼休み
ひれい	比例
ひろい	広い
ひろがる	広がる
ひろげる	広げる
ひろさ	広さ
ひろば	広場
ひろびろ	広々
ひろまる	広まる
ひろめる	広める
ひん	品
ひんこん	貧困
ひんしつ	品質
ひんしゅ	品種
ひんじゃく	貧弱
ひんぱん	頻繁
び	美
びしょう	微笑
びじゅつ	美術
びじゅつかん	美術館
びじん	美人
びみょう	微妙
びょう	秒
びょういん	病院
びょうき	病気
びょうしゃ	描写
びょうどう	平等
びよう	美容
びりょう	微量
びんかん	敏感
びんせん	便箋
びんづめ	瓶詰
びんぼう	貧乏
ふ	不
ふあん	不安
ふい	不意
ふう	封
ふうけい	風景
ふうさ	封鎖
ふうしゃ	風車
ふうしゅう	風習
ふうせん	風船
ふうぞく	風俗
ふうとう	封筒
ふうど	風土
ふうふ	夫婦
ふうん	不運
ふえ	笛
ふえる	増える
ふか	不可
ふかい	深い
ふかけつ	不可欠
ふかまる	深まる
ふかめる	深める
ふきそく	不規則
ふきつ	不吉
ふきゅう	普及
ふきょう	不況
ふくごう	複合
ふくざつ	複雑
ふくしゃ	複写
ふくしゅう	復習
ふくすう	複数
ふくそう	服装
ふくむ	含む
ふくめん	覆面
ふくらます	膨らます
ふくらむ	膨らむ
ふくれる	膨れる
ふくろ	袋
ふけいき	不景気
ふけつ	不潔
ふこう	不幸
ふこく	布告
ふさがる	塞がる
ふさぐ	塞ぐ
ふざい	不在
ふし	節
ふしぎ	不思議
ふしょう	負傷
ふじゅん	不順
ふじゆう	不自由
ふす	蒸す
ふすま	襖
ふせい	不正
ふせぐ	防ぐ
ふそく	不足
ふた	蓋
ふたご	双子
ふたたび	再び
ふたつ	二つ
ふたり	二人
ふたん	負担
ふだ	札
ふだん	普段
ふち	縁
ふちょう	不調
ふっかつ	復活
ふっきゅう	復旧
ふっこう	復興
ふっとう	沸騰
ふつか	二日
ふで	筆
ふとい	太い
ふとう	不当
ふとる	太る
ふとん	布団
ふどうさん	不動産
ふなびん	船便
ふにん	赴任
ふね	舟
ふはい	腐敗
ふひょう	不評
ふふく	不服
ふぶき	吹雪
ふへい	不平
ふへん	普遍
ふべん	不便
ふぼ	父母
ふまえる	踏まえる
ふまん	不満
ふみきり	踏切
ふみこむ	踏み込む
ふむ	踏む
ふめい	不明
ふもと	麓
ふゆ	冬
ふよう	扶養
ふりかえる	振り返る
ふりがな	振り仮名
ふりだし	振り出し
ふりむく	振り向く
ふりょう	不良
ふりょく	浮力
ふるい	古い
ふるえる	震える
ふるまう	振舞う
ふるわせる	震わせる
ふれる	触れる
ふろく	付録
ふろしき	風呂敷
ふんいき	雰囲気
ふんか	噴火
ふんがい	憤慨
ふんしつ	紛失
ふんしゅつ	噴出
ふんすい	噴水
ふんそう	紛争
ふんとう	奮闘
ふんまつ	粉末
ぶか	部下
ぶき	武器
ぶさた	無沙汰
ぶし	武士
ぶしゅ	部首
ぶじ	無事
ぶじょく	侮辱
ぶそう	武装
ぶたい	舞台
ぶたにく	豚肉
ぶちょう	部長
ぶっか	物価
ぶっし	物資
ぶっしつ	物質
ぶっそう	物騒
ぶったい	物体
ぶつ	打つ
ぶつぎ	物議
ぶつぞう	仏像
ぶつり	物理
ぶなん	無難
ぶひん	部品
ぶぶん	部分
ぶもん	部門
ぶりょく	武力
ぶれい	無礼
ぶんか	文化
ぶんかい	分解
ぶんかざい	文化財
ぶんがく	文学
ぶんぎょう	分業
ぶんけん	文献
ぶんげい	文芸
ぶんご	文語
ぶんさん	分散
ぶんし	分子
ぶんしょ	文書
ぶんしょう	文章
ぶんすう	分数
ぶんせき	分析
ぶんたい	文体
ぶんたん	分担
ぶんぱい	分配
ぶんぷ	分布
ぶんぼ	分母
ぶんぼうぐ	文房具
ぶんぽう	文法
ぶんみゃく	文脈
ぶんめい	文明
ぶんや	分野
ぶんり	分離
ぶんりょう	分量
ぶんるい	分類
ぶんれつ	分裂
へい	塀
へいかい	閉会
へいきん	平均
へいさ	閉鎖
へいし	兵士
へいじつ	平日
へいじょう	平常
へいたい	兵隊
へいほう	平方
へいぼん	平凡
へいや	平野
へいれつ	並列
へいわ	平和
へきえき	辟易
へこむ	凹む
へた	下手
へだたる	隔たる
へだてる	隔てる
へや	部屋
へらす	減らす
へり	縁
へんか	変化
へんかく	変革
へんかん	返還
へんけん	偏見
へんこう	変更
へんさい	返済
へんしゅう	編集
へんじ	返事
へんせん	変遷
へんとう	返答
へんどう	変動
べっそう	別荘
べつ	別
べつに	別に
べつべつ	別々
べんかい	弁解
べんぎ	便宜
べんご	弁護
べんしょう	弁償
べんじょ	便所
べんとう	弁当
べんり	便利
べんろん	弁論
ほ	穂
ほいく	保育
ほうあん	法案
ほうかい	崩壊
ほうき	箒
ほうけん	封建
ほうげん	方言
ほうこう	方向
ほうこく	報告
ほうし	奉仕
ほうしき	方式
ほうしゃ	放射
ほうしゃのう	放射能
ほうしゅう	報酬
ほうしゅつ	放出
ほうしん	方針
ほうじる	報じる
ほうずる	報ずる
ほうせき	宝石
ほうそう	包装
ほうそうする	放送
ほうそく	法則
ほうたい	包帯
ほうち	放置
ほうちょう	包丁
ほうてい	法廷
ほうていしき	方程式
ほうどう	報道
ほうび	褒美
ほうふ	豊富
ほうほう	方法
ほうぼう	方々
ほうむる	葬る
ほうめん	方面
ほうもん	訪問
ほうりこむ	放り込む
ほうりだす	放り出す
ほうりつ	法律
ほうる	放る
ほうわ	飽和
ほえる	吠える
ほお	頬
ほおん	保温
ほかく	捕獲
ほかん	保管
ほがらか	朗らか
ほきゅう	補給
ほきょう	補強
ほげい	捕鯨
ほこる	誇る
ほころびる	綻びる
ほご	保護
ほし	星
ほしい	欲しい
ほしもの	干し物
ほしゅ	保守
ほじゅう	補充
ほじょ	補助
ほす	干す
ほそい	細い
ほそう	舗装
ほそく	補足
ほぞん	保存
ほっきょく	北極
ほっさ	発作
ほっそく	発足
ほとけ	仏
ほど	程
ほどう	歩道
ほどく	解く
ほどける	解ける
ほどこす	施す
ほね	骨
ほのお	炎
ほほ	頬
ほほえむ	微笑む
ほめる	褒める
ほよう	保養
ほりょ	捕虜
ほろびる	滅びる
ほろぼす	滅ぼす
ほん	本
ほんかく	本格
ほんかん	本館
ほんき	本気
ほんごく	本国
ほんしつ	本質
ほんたい	本体
ほんだな	本棚
ほんと	本当
ほんとう	本当
ほんにん	本人
ほんね	本音
ほんのう	本能
ほんば	本場
ほんぶ	本部
ほんぶん	本文
ほんみょう	本名
ほんもの	本物
ほんやく	翻訳
ほんらい	本来
ぼう	棒
ぼうえい	防衛
ぼうえき	貿易
ぼうえんきょう	望遠鏡
ぼうか	防火
ぼうがい	妨害
ぼうけん	冒険
ぼうさん	坊さん
ぼうせき	紡績
ぼうぜん	呆然
ぼうだい	膨大
ぼうちょう	膨張
ぼうとう	冒頭
ぼうどう	暴動
ぼうはん	防犯
ぼうふう	暴風
ぼうや	坊や
ぼうりょく	暴力
ぼきん	募金
ぼく	僕
ぼくし	牧師
ぼくじょう	牧場
ぼくちく	牧畜
ぼける	惚ける
ぼこう	母校
ぼこく	母国
ぼしゅう	募集
ぼち	墓地
ぼっしゅう	没収
ぼっちゃん	坊っちゃん
ぼつらく	没落
ぼん	盆
ぼんち	盆地
ま	間
まいあさ	毎朝
まいげつ	毎月
まいご	迷子
まいしゅう	毎週
まいすう	枚数
まいぞう	埋蔵
まいつき	毎月
まいとし	毎年
まいど	毎度
まいにち	毎日
まいねん	毎年
まいばん	毎晩
まいる	参る
まう	舞う
まうえ	真上
まえ	前
まえうり	前売
まえおき	前置き
まえもって	前もって
まかせる	任せる
まかなう	賄う
まがる	曲る
まぎらわしい	紛らわしい
まぎれる	紛れる
まくら	枕
まけ	負け
まける	負ける
まげる	曲げる
まこと	誠
まことに	誠に
まご	孫
まごころ	真心
まさつ	摩擦
まさる	勝る
ました	真下
まじえる	交える
まじめ	真面目
まじわる	交わる
ます	増す
ますい	麻酔
まずしい	貧しい
まちあいしつ	待合室
まちあわせ	待ち合わせ
まちあわせる	待ち合わせる
まちかど	街角
まちがい	間違い
まちがえる	間違える
まちどおしい	待ち遠しい
まちのぞむ	待ち望む
まっか	真っ赤
まっき	末期
まっくら	真っ暗
まっくろ	真っ黒
まっさお	真っ青
まっさき	真っ先
まっしろ	真っ白
まったく	全く
まっぷたつ	真っ二つ
まつり	祭
まつる	祭る
まとまり	纏まり
まとめ	纏め
まど	窓
まどぐち	窓口
まなぶ	学ぶ
まにあう	間に合う
まぬがれる	免れる
まね	真似
まねき	招き
まねく	招く
まねる	真似る
まばたき	瞬き
まひ	麻痺
まめ	豆
まもる	守る
まゆ	眉
まよう	迷う
まり	鞠
まるごと	丸ごと
まるまる	丸々
まるめる	丸める
まれ	稀
まわり	周り
まわりみち	回り道
まん	万
まんいち	万一
まんいん	満員
まんが	漫画
まんげつ	満月
まんじょう	満場
まんぞく	満足
まんてん	満点
まんなか	真中
まんねんひつ	万年筆
まんまえ	真ん前
みあい	見合い
みあげる	見上げる
みあわせる	見合わせる
みえる	見える
みおくり	見送り
みおくる	見送る
みおとす	見落とす
みおろす	見下ろす
みかい	未開
みかく	味覚
みかけ	見掛け
みかける	見掛ける
みかた	味方
みかづき	三日月
みがく	磨く
みき	幹
みぎ	右
みぐるしい	見苦しい
みこみ	見込み
みこん	未婚
みごと	見事
みさき	岬
みじかい	短い
みじめな	惨めな
みじゅく	未熟
みじん	微塵
みず	水
みずうみ	湖
みずから	自ら
みずぎ	水着
みずけ	水気
みせ	店
みせびらかす	見せびらかす
みせもの	見せ物
みせや	店屋
みせる	見せる
みそ	味噌
みぞ	溝
みたす	満たす
みだし	見出し
みだす	乱す
みだれる	乱れる
みちじゅん	道順
みちびく	導く
みちる	満ちる
みぢか	身近
みっか	三日
みっしゅう	密集
みっせつ	密接
みっつ	三つ
みつ	密
みつかる	見つかる
みつける	見つける
みつど	密度
みつめる	見詰める
みつもり	見積もり
みてい	未定
みとおし	見通し
みとめる	認める
みどり	緑
みな	皆
みなおす	見直す
みなさん	皆さん
みなす	見なす
みなと	港
みなみ	南
みなもと	源
みならう	見習う
みなり	身なり
みなれる	見慣れる
みにくい	醜い
みね	峰
みのうえ	身の上
みのがす	見逃す
みのまわり	身の回り
みのる	実る
みはからう	見計らう
みはらし	見晴らし
みぶり	身振り
みぶん	身分
みほん	見本
みまい	見舞い
みまう	見舞う
みまん	未満
みみ	耳
みゃく	脈
みやげ	土産
みやこ	都
みょう	妙
みょうごにち	明後日
みょうじ	名字
みらい	未来
みりょく	魅力
みれん	未練
みわたす	見渡す
みんかん	民間
みんしゅく	民宿
みんよう	民謡
む	無
むいか	六日
むいみ	無意味
むかい	向かい
むかう	向かう
むかえ	迎え
むかえる	迎える
むかし	昔
むくち	無口
むける	向ける
むげん	無限
むこ	婿
むごん	無言
むしあつい	蒸し暑い
むしば	虫歯
むしろ	寧ろ
むじ	無地
むじゃき	無邪気
むじゅん	矛盾
むす	蒸す
むすう	無数
むすこ	息子
むすび	結び
むすびつき	結び付き
むすびつく	結び付く
むすびつける	結び付ける
むすぶ	結ぶ
むすめ	娘
むずかしい	難しい
むせん	無線
むだ	無駄
むだづかい	無駄遣い
むだん	無断
むち	無知
むちゃ	無茶
むちゃくちゃ	無茶苦茶
むちゅう	夢中
むっつ	六つ
むなしい	空しい
むね	胸
むねん	無念
むのう	無能
むやみに	無闇に
むよう	無用
むらがる	群がる
むらさき	紫
むり	無理
むりょう	無料
むれ	群れ
むろん	無論
めい	姪
めいかく	明確
めいさく	名作
めいさん	名産
めいしょ	名所
めいしょう	名称
めいしん	迷信
めいじる	命じる
めいじん	名人
めいずる	命ずる
めいちゅう	命中
めいはく	明白
めいぶつ	名物
めいぼ	名簿
めいめい	銘々
めいよ	名誉
めいりょう	明瞭
めいれい	命令
めいろう	明朗
めいわく	迷惑
めうえ	目上
めかた	目方
めがね	眼鏡
めくる	捲る
めぐまれる	恵まれる
めぐみ	恵み
めぐむ	恵む
めぐる	巡る
めざす	目指す
めざまし	目覚し
めざましい	目覚しい
めざめる	目覚める
めし	飯
めしあがる	召し上がる
めした	目下
めじるし	目印
めずらしい	珍しい
めだつ	目立つ
めったに	滅多に
めつき	目付き
めつぼう	滅亡
めど	目途
めもり	目盛
めやす	目安
めんかい	面会
めんきょ	免許
めんじょ	免除
めんする	面する
めんせき	面積
めんせつ	面接
めんぜい	免税
めんどう	面倒
めんどうくさい	面倒臭い
めんぼく	面目
めんもく	面目
もうかる	儲かる
もうしあげる	申し上げる
もうしいれる	申し入れる
もうしこみ	申込
もうしこむ	申し込む
もうしで	申出
もうしでる	申し出る
もうしぶん	申し分
もうしわけ	申し訳
もうしわけない	申し訳ない
もうす	申す
もうてん	盲点
もうふ	毛布
もうれつ	猛烈
もえる	燃える
もくざい	木材
もくじ	目次
もくてき	目的
もくひょう	目標
もくようび	木曜日
もくろく	目録
もくろみ	目論見
もぐる	潜る
もけい	模型
もさく	模索
もじ	文字
もち	餅
もちあげる	持ち上げる
もちいる	用いる
もちきり	持ち切り
もっか	目下
もっぱら	専ら
もつ	持つ
もとづく	基づく
もとめる	求める
もともと	元々
もどす	戻す
もどる	戻る
ものおき	物置
ものおと	物音
ものがたり	物語
ものがたる	物語る
ものごと	物事
ものさし	物差し
ものすごい	物凄い
ものずき	物好き
ものたりない	物足りない
もはん	模範
もほう	模倣
もみじ	紅葉
もむ	揉む
もめん	木綿
もよう	模様
もよおし	催し
もよおす	催す
もらす	漏らす
もり	森
もりあがる	盛り上がる
もれる	漏れる
もろい	脆い
もん	門
もんく	文句
もんじ	文字
もんだい	問題
もんどう	問答
や	矢
やおや	八百屋
やがい	野外
やくしゃ	役者
やくしょ	役所
やくしょく	役職
やくす	訳す
やくそく	約束
やくにたつ	役に立つ
やくにん	役人
やくば	役場
やくひん	薬品
やくめ	役目
やくわり	役割
やぐ	夜具
やけど	火傷
やける	焼ける
やこう	夜行
やさい	野菜
やしき	屋敷
やしなう	養う
やしん	野心
やじるし	矢印
やすい	安い
やすっぽい	安っぽい
やすみ	休み
やすむ	休む
やすめる	休める
やせい	野生
やせる	痩せる
やちん	家賃
やっかい	厄介
やっきょく	薬局
やっつ	八つ
やつ	奴
やど	宿
やぬし	家主
やね	屋根
やぶく	破く
やぶる	破る
やぶれる	破れる
やま	山
やみ	闇
やわらげる	和らげる
ゆ	湯
ゆいいつ	唯一
ゆう	優
ゆうい	優位
ゆううつ	憂鬱
ゆうえき	有益
ゆうえつ	優越
ゆうえんち	遊園地
ゆうがた	夕方
ゆうぐれ	夕暮れ
ゆうし	融資
ゆうしゅう	優秀
ゆうしょう	優勝
ゆうじょう	友情
ゆうじん	友人
ゆうする	有する
ゆうずう	融通
ゆうせい	優勢
ゆうせん	優先
ゆうそう	郵送
ゆうだち	夕立
ゆうどう	誘導
ゆうのう	有能
ゆうはん	夕飯
ゆうひ	夕日
ゆうび	優美
ゆうびん	郵便
ゆうびんきょく	郵便局
ゆうべ	昨夜
ゆうぼう	有望
ゆうぼく	遊牧
ゆうめい	有名
ゆうやけ	夕焼け
ゆうゆう	悠々
ゆうり	有利
ゆうりょう	有料
ゆうりょく	有力
ゆうれい	幽霊
ゆうわく	誘惑
ゆえ	故
ゆか	床
ゆかい	愉快
ゆかた	浴衣
ゆがむ	歪む
ゆく	行く
ゆくえ	行方
ゆけつ	輸血
ゆげ	湯気
ゆさぶる	揺さぶる
ゆしゅつする	輸出
ゆすぐ	濯ぐ
ゆずる	譲る
ゆそう	輸送
ゆたか	豊か
ゆだん	油断
ゆでる	茹でる
ゆにゅう	輸入
ゆび	指
ゆびさす	指差す
ゆびわ	指輪
ゆみ	弓
ゆめ	夢
ゆらぐ	揺らぐ
ゆるい	緩い
ゆるす	許す
ゆるむ	緩む
ゆるめる	緩める
ゆるやか	緩やか
ゆれる	揺れる
よあけ	夜明け
よういん	要因
ようえき	溶液
ようか	八日
ようがん	溶岩
ようきゅう	要求
ようけん	用件
ようしき	様式
ようじん	用心
ようす	様子
ようする	要する
ようするに	要するに
ようせい	要請
ようせき	容積
ようそ	要素
ようそう	様相
ようち	幼稚
ようちえん	幼稚園
ようてん	要点
ようと	用途
ようひん	用品
ようひんてん	洋品店
ようび	曜日
ようふう	洋風
ようふく	洋服
ようぶん	養分
ようほう	用法
ようぼう	要望
ようもう	羊毛
ようやく	漸く
ようりょう	要領
よか	余暇
よかん	予感
よき	予期
よきょう	余興
よきん	預金
よくあつ	抑圧
よくしつ	浴室
よくせい	抑制
よくばり	欲張り
よくふかい	欲深い
よくぼう	欲望
よけい	余計
よける	避ける
よげん	予言
よこ	横
よこぎる	横切る
よこづな	横綱
よごれ	汚れ
よごれる	汚れる
よさん	予算
よし	良し
よしあし	善し悪し
よしゅう	予習
よす	止す
よせる	寄せる
よそ	余所
よそう	予想
よそく	予測
よそみ	余所見
よち	余地
よっか	四日
よっつ	四つ
よっぱらい	酔っ払い
よつかど	四つ角
よてい	予定
よとう	与党
よなか	夜中
よのなか	世の中
よび	予備
よびかける	呼び掛ける
よびだす	呼び出す
よびとめる	呼び止める
よふかし	夜更し
よふけ	夜更け
よぶ	呼ぶ
よぶん	余分
よほう	予報
よほど	余程
よぼう	予防
よみ	読み
よみあげる	読み上げる
よみがえる	蘇る
よむ	読む
よめ	嫁
よやく	予約
よゆう	余裕
よりかかる	寄り掛かる
よろこび	喜び
よろん	世論
よわい	弱い
よわまる	弱まる
よわめる	弱める
よわる	弱る
よん	四
らいげつ	来月
らいしゅう	来週
らいじょう	来場
らいにち	来日
らいねん	来年
らく	楽
らくだい	落第
らくのう	酪農
らっか	落下
らっかん	楽観
らん	欄
らんぼう	乱暴
らんよう	濫用
りえき	利益
りか	理科
りかい	理解
りがい	利害
りく	陸
りくつ	理屈
りこう	利口
りこん	離婚
りし	利子
りじゅん	利潤
りせい	理性
りそう	理想
りそく	利息
りったい	立体
りつ	率
りてん	利点
りゃくご	略語
りゃくす	略す
りゃくだつ	略奪
りゅういき	流域
りゅうがく	留学
りゅうがくせい	留学生
りゅうこう	流行
りゅうつう	流通
りゆう	理由
りょういき	領域
りょうがえ	両替
りょうがわ	両側
りょうきょく	両極
りょうきん	料金
りょうこう	良好
りょうし	漁師
りょうしき	良識
りょうしつ	良質
りょうしゅう	領収
りょうしょう	了承
りょうじ	領事
りょうち	領地
りょうど	領土
りょうほう	両方
りょうり	料理
りょうりつ	両立
りょかく	旅客
りょかん	旅館
りょけん	旅券
りょこう	旅行
りよう	利用
りれき	履歴
りろん	理論
りんぎょう	林業
りんじ	臨時
るい	類
るいじ	類似
るいすい	類推
るす	留守
るすばん	留守番
れいがい	例外
れいぎ	礼儀
れいこく	冷酷
れいせい	冷静
れいぞう	冷蔵
れいぞうこ	冷蔵庫
れいたん	冷淡
れいてん	零点
れいとう	冷凍
れいぼう	冷房
れきし	歴史
れっしゃ	列車
れっとう	列島
れつ	列
れんあい	恋愛
れんが	煉瓦
れんきゅう	連休
れんごう	連合
れんじつ	連日
れんそう	連想
れんぞく	連続
れんたい	連帯
れんちゅう	連中
れんぽう	連邦
れんめい	連盟
れんらく	連絡
ろうか	廊下
ろうじん	老人
ろうすい	老衰
ろうどう	労働
ろうどく	朗読
ろうひ	浪費
ろうりょく	労力
ろく	六
ろくおん	録音
ろこつ	露骨
ろんぎ	論議
ろんじる	論じる
ろんずる	論ずる
ろんそう	論争
ろんぶん	論文
ろんり	論理
わ	輪
わえい	和英
わかい	若い
わかす	沸かす
わかる	分かる
わかれ	別れ
わかわかしい	若々しい
わき	脇
わくせい	惑星
わけ	訳
わける	分ける
わざ	技
わすれもの	忘れ物
わすれる	忘れる
わずか	僅か
わずらわしい	煩わしい
わた	綿
わたくし	私
わたし	私
わたす	渡す
わたりどり	渡り鳥
わたる	渡る
わだい	話題
わび	詫び
わびる	詫びる
わふく	和服
わぶん	和文
わら	藁
わらい	笑い
わらう	笑う
わりあい	割合
わりあいに	割合に
わりあて	割当
わりこむ	割込む
わりざん	割算
わりと	割と
わりびき	割引
わる	割る
わるい	悪い
わるくち	悪口
わるもの	悪者
われ	我
われる	割れる
われわれ	我々
ジェットき	ジェット機
ローマじ	ローマ字
