# Word classes for cefr_words_ja.tsv, from JMdict (EDRDG, CC BY-SA 4.0). Built by scripts/build-word-classes.py.
ああ	adverb
あそこ	noun
あちら	noun
あっち	noun
あなた	noun
あの	other
あまり	adverb,na-adjective,noun
ある	verb
あれ	noun
いい	adjective,adverb,noun
いいえ	other
いかが	adverb,na-adjective
いくつ	adverb
いくら	adverb,noun
いつ	noun,verb
いつも	adverb,noun
いや	adverb,na-adjective
いる	verb
いろいろ	adverb,na-adjective,noun
うち	adverb,noun
うるさい	adjective
ええ	noun
おいしい	adjective
おじいさん	noun
おじさん	noun
おととし	adverb,noun
おばあさん	noun
おばさん	noun
おまわりさん	noun
お兄さん	noun
お姉さん	noun
お弁当	noun
お手洗い	noun
お母さん	noun
お父さん	noun
お皿	noun
お腹	noun
お茶	noun
お菓子	noun
お酒	noun
お金	noun
お風呂	noun
かかる	verb
かける	verb
かばん	noun
かぶる	verb
かわいい	adjective
きれい	na-adjective
ください	other
ぐらい	other
ここ	noun
こちら	noun
こっち	adverb,noun
この	noun
これ	adverb,noun
こんな	other
ご飯	noun
さあ	other
しかし	noun
じゃ	noun
じゃあ	other
すぐに	adverb
する	verb
そう	adverb,na-adjective,noun,verb
そうして	other
そうです	other
そこ	noun
そして	other
そちら	noun
そっち	noun
その	noun
そば	noun
それ	noun
それから	other
それでは	other
たくさん	adverb,na-adjective,noun
たて	noun
たばこ	noun
だんだん	adverb,noun
ちょうど	adverb,noun
ちょっと	adverb
つける	verb
つまらない	adjective
できる	verb
では	noun
でも	other
ところ	adverb,noun
とても	adverb
どう	adverb,noun
どうして	adverb
どうぞ	adverb,noun
どうも	adverb
どこ	noun
どちら	noun
どっち	noun
どなた	noun
どの	other
どれ	noun
どんな	other
ない	adjective,noun
なくす	verb
なぜ	adverb
なる	noun,verb
にぎやか	na-adjective
ぬるい	adjective
はい	noun
はく	noun,verb
ひらがな	noun
まずい	adjective
また	adverb,noun
まだ	adverb,na-adjective
まっすぐ	adverb,na-adjective,noun
みんな	adverb,noun
もう	adverb,na-adjective,noun
もしもし	other
もっと	adverb
やる	verb
よい	adjective,noun
よく	adverb,noun
りっぱ	na-adjective,noun
アパート	noun
エレベーター	noun
カタカナ	noun
カップ	noun
カメラ	noun
カレンダー	noun
カレー	noun
キロ	noun
キログラム	noun
キロメートル	noun
ギター	noun
クラス	noun
グラム	noun
コップ	noun
コート	noun
コーヒー	noun
シャツ	noun
シャワー	noun
スカート	noun
ストーブ	noun
スプーン	noun
スポーツ	noun
ズボン	noun
セーター	noun
ゼロ	noun
タクシー	noun
テスト	noun
テレビ	noun
テーブル	noun
テープ	noun
テープレコーダー	noun
デパート	noun
トイレ	noun
ドア	noun
ナイフ	noun
ニュース	noun
ネクタイ	noun
ノート	noun
ハンカチ	noun
バス	noun
バター	noun
パン	noun
パーティー	noun
フィルム	noun
フォーク	noun
プール	noun
ベッド	noun
ペット	noun
ペン	noun
ページ	noun
ホテル	noun
ボタン	noun
ボールペン	noun
ポケット	noun
ポスト	noun
マッチ	noun
メートル	noun
ラジオ	noun
レコード	noun
レストラン	noun
ワイシャツ	noun
一	adverb,noun
一つ	adverb,noun
一人	adverb,noun
一日	adverb,noun
一昨日	adverb,noun
一月	noun
一番	adverb,noun
一緒	noun
七	noun
七つ	noun
七日	noun
万	adverb,noun
万年筆	noun
丈夫	na-adjective,noun
三	noun
三つ	noun
三日	noun
上	noun
上げる	verb
上手	na-adjective,noun
上着	noun
下	noun
下手	na-adjective,noun
両親	noun
並ぶ	verb
並べる	verb
中	adverb,noun
丸い	adjective
乗る	verb
九	noun
九つ	noun
九日	noun
二	noun
二つ	noun
二人	noun
二十日	noun
二十歳	noun
二日	noun
五	noun
五つ	noun
五日	noun
交差点	noun
交番	noun
人	noun
今	adverb,noun
今年	adverb,noun
今日	adverb,noun
今晩	adverb,noun
今月	adverb,noun
今朝	adverb,noun
今週	adverb,noun
仕事	noun
休み	noun
休む	verb
会う	verb
会社	noun
伯父	noun
低い	adjective
住む	verb
体	noun
何	adverb,noun
作る	verb
作文	noun
使う	verb
便利	na-adjective
借りる	verb
傘	noun
働く	verb
元気	na-adjective,noun
兄	noun
兄弟	noun
先	adverb,noun
先月	adverb,noun
先生	noun
先週	adverb,noun
入り口	noun
入る	verb
入れる	verb
全部	adverb,noun
八	noun
八つ	noun
八日	noun
八百屋	noun
公園	noun
六	noun
六つ	noun
六日	noun
円い	adjective
再来年	adverb,noun
写真	noun
冬	adverb,noun
冷たい	adjective
冷蔵庫	noun
出かける	verb
出す	verb
出る	verb
出口	noun
分かる	verb
切る	verb
切手	noun
切符	noun
初め	adverb,noun
初めて	adverb,noun
前	adverb,noun
勉強	noun
動物	noun
勤める	verb
北	noun
医者	noun
十	noun
十日	noun
千	noun
午前	adverb,noun
午後	adverb,noun
半	noun
半分	adverb,noun
南	noun
危ない	adjective
卵	noun
厚い	adjective
去年	adverb,noun
友達	noun
取る	verb
口	noun
古い	adjective
台所	noun
右	noun
同じ	adverb,na-adjective,noun
名前	noun
向こう	noun
吸う	verb
吹く	verb
呼ぶ	verb
咲く	verb
問題	noun
喫茶店	noun
四	noun
四つ	noun
四日	noun
困る	verb
図書館	noun
国	noun
土曜日	adverb,noun
地下鉄	noun
地図	noun
塩	noun
声	noun
売る	verb
夏	adverb,noun
夏休み	noun
夕方	adverb,noun
夕飯	noun
外	adverb,noun
外国	noun
外国人	noun
多い	adjective
多分	adverb,na-adjective,noun
夜	adverb,noun
大きい	adjective
大きな	other
大丈夫	adverb,na-adjective,noun
大人	na-adjective,noun
大使館	noun
大切	na-adjective,noun
大勢	adverb,noun
大変	adverb,na-adjective,noun
大好き	na-adjective
大学	noun
天気	noun
太い	adjective
奥さん	noun
女	noun
女の子	noun
好き	na-adjective,noun
妹	noun
姉	noun
始まる	verb
始め	adverb,noun
嫌い	na-adjective,noun
子供	noun
字引	noun
学校	noun
学生	noun
安い	adjective
家	adverb,noun
家庭	noun
家族	noun
宿題	noun
寒い	adjective
寝る	verb
封筒	noun
小さい	adjective
小さな	other
少し	adverb
少ない	adjective
山	noun
川	noun
左	noun
差す	verb
帰る	verb
帽子	noun
年	noun
広い	adjective
店	noun
座る	verb
庭	noun
廊下	noun
建物	noun
引く	verb
弟	noun
弱い	adjective
強い	adjective
弾く	verb
待つ	verb
後	adverb,noun
後ろ	noun
忘れる	verb
忙しい	adjective
悪い	adjective
意味	noun
戸	noun
手	noun
手紙	noun
押す	verb
持つ	verb
掃除	noun
授業	noun
掛ける	verb
撮る	verb
教える	verb
教室	noun
散歩	noun
文章	noun
料理	noun
新しい	adjective
新聞	noun
方	noun
旅行	noun
日曜日	adverb,noun
早い	adjective
明るい	adjective
明後日	adverb,noun
明日	adverb,noun
易しい	adjective
映画	noun
映画館	noun
春	adverb,noun
昨夜	adverb,noun
昨日	adverb,noun
昼	adverb,noun
昼ご飯	noun
時々	adverb,noun
時計	noun
時間	noun
晩	adverb,noun
晩ご飯	noun
晴れ	noun
晴れる	verb
暇	na-adjective,noun
暑い	adjective
暖かい	adjective
暗い	adjective
曇り	noun
曇る	verb
曲がる	verb
書く	verb
月曜日	adverb,noun
有名	na-adjective
服	noun
朝	adverb,noun
朝ご飯	noun
木	noun
木曜日	adverb,noun
本	noun
本当	na-adjective,noun
本棚	noun
机	noun
村	noun
来る	verb
来年	adverb,noun
来月	adverb,noun
来週	adverb,noun
東	noun
果物	noun
椅子	noun
楽しい	adjective
横	noun
橋	noun
次	noun
欲しい	adjective
歌	noun
歌う	verb
止まる	verb
歩く	verb
歯	noun
死ぬ	verb
母	noun
毎年	adverb,noun
毎日	adverb,noun
毎晩	adverb,noun
毎月	adverb,noun
毎朝	adverb,noun
毎週	adverb,noun
水	noun
水曜日	adverb,noun
汚い	adjective
池	noun
河	noun
泳ぐ	verb
洋服	noun
洗う	verb
洗濯	noun
浴びる	verb
海	noun
消える	verb
消す	verb
涼しい	adjective
渡す	verb
渡る	verb
漢字	noun
火曜日	adverb,noun
灰皿	noun
熱い	adjective
父	noun
牛乳	noun
牛肉	noun
物	noun
犬	noun
狭い	adjective
猫	noun
玄関	noun
甘い	adjective
生まれる	verb
生徒	noun
男	noun
男の子	noun
町	noun
留学生	noun
番号	noun
疲れる	verb
病気	noun
病院	noun
痛い	adjective
登る	verb
白	na-adjective,noun
白い	adjective
百	noun
皆さん	noun
目	noun
眼鏡	noun
着く	verb
着る	verb
知る	verb
短い	adjective
石鹸	noun
砂糖	noun
磨く	verb
私	noun
秋	adverb,noun
空	na-adjective,noun
窓	noun
立つ	verb
答える	verb
箱	noun
箸	noun
紅茶	noun
紙	noun
細い	adjective
終わる	verb
結婚	noun
結構	adverb,na-adjective,noun
絵	noun
緑	noun
締める	verb
練習	noun
置く	verb
習う	verb
耳	noun
聞く	verb
肉	noun
背	noun
背広	noun
脚	noun
脱ぐ	verb
自分	noun
自動車	noun
自転車	noun
色	noun
花	noun
花瓶	noun
若い	adjective
英語	noun
茶碗	noun
茶色	noun
荷物	noun
葉書	noun
薄い	adjective
薬	noun
行く	verb
西	noun
見せる	verb
見る	verb
覚える	verb
角	noun
言う	verb
言葉	noun
話	noun
話す	verb
誕生日	noun
読む	verb
誰	noun
誰か	noun
警官	noun
豚肉	noun
財布	noun
買い物	noun
買う	verb
貸す	verb
貼る	verb
質問	noun
赤	noun
赤い	adjective
走る	verb
起きる	verb
足	noun
車	noun
軽い	adjective
辛い	adjective
辞書	noun
辺	noun
近い	adjective
近く	adverb,noun
返す	verb
速い	adjective
遅い	adjective
遊ぶ	verb
道	noun
違う	verb
遠い	adjective
部屋	noun
郵便局	noun
醤油	noun
重い	adjective
野菜	noun
金曜日	adverb,noun
鉛筆	noun
銀行	noun
鍵	noun
長い	adjective
門	noun
閉まる	verb
閉める	verb
開く	verb
開ける	verb
降りる	verb
降る	verb
階段	noun
隣	noun
雑誌	noun
難しい	adjective
雨	noun
雪	noun
零	noun
電気	noun
電話	noun
電車	noun
青	noun
青い	adjective
静か	na-adjective
面白い	adjective
靴	noun
靴下	noun
音楽	noun
頭	noun
頼む	verb
顔	noun
風	noun
風邪	noun
飛ぶ	verb
飛行機	noun
食べる	verb
食べ物	noun
食堂	noun
飲み物	noun
飲む	verb
飴	noun
駅	noun
高い	adjective
魚	noun
鳥	noun
鳴く	verb
鶏肉	noun
黄色	na-adjective,noun
黄色い	adjective
黒	noun
黒い	adjective
鼻	noun
あ	noun
あげる	verb
あんな	noun
いじめる	verb
いたす	verb
いただく	verb
いっぱい	adverb,na-adjective,noun
いらっしゃる	verb
うかがう	verb
うまい	adjective,noun
うん	noun
おいでになる	verb
おかげ	noun
おかしい	adjective
おっしゃる	verb
おつり	noun
おもちゃ	noun
おる	verb
お土産	noun
お嬢さん	noun
お子さん	noun
お宅	noun
お礼	noun
お祝い	noun
お祭り	noun
お見舞い	noun
お金持ち	noun
かまう	verb
きっと	adverb
くださる	verb
くれる	verb
けれど	other
けれども	other
こう	adverb,noun,verb
こと	na-adjective,noun
この間	adverb,noun
この頃	adverb,noun
これから	other
ごちそう	noun
ごみ	noun
ごらんになる	verb
ご主人	noun
ご存じ	noun
さっき	adverb,na-adjective,noun
しっかり	adverb,noun
しばらく	adverb,noun
すごい	adjective,adverb
すっかり	adverb
すっと	adverb,noun
すり	noun
すると	other
ずいぶん	adverb,na-adjective
それで	other
それに	other
それほど	adverb
そろそろ	adverb
そんな	other
そんなに	adverb
たいてい	adverb,na-adjective,noun
たまに	adverb
ため	adverb,noun
だいたい	adverb,noun
だいぶ	adverb,noun
だから	other
だめ	na-adjective,noun
ちっとも	adverb
つもり	noun
できるだけ	adverb,noun
とうとう	adverb,noun
どんどん	adverb
なかなか	adverb,na-adjective,noun
なくなる	verb
なさる	verb
なるべく	adverb
なるほど	adverb
はず	noun
はっきり	adverb,noun
ひげ	noun
ひどい	adjective
ぶどう	na-adjective,noun
ほとんど	adverb,noun
ほど	adverb,noun
まず	adverb,verb
または	other
もうすぐ	adverb
もし	adverb,noun
もちろん	adverb
もらう	verb
やっと	adverb
やっぱり	adverb
やはり	adverb
よう	adverb,noun,verb
よろしい	adjective
アクセサリー	noun
アジア	noun
アナウンサー	noun
アフリカ	noun
アメリカ	noun
アルコール	noun
アルバイト	noun
エスカレーター	noun
オートバイ	noun
オーバー	na-adjective,noun
カーテン	noun
ガス	noun
ガソリン	noun
ガソリンスタンド	noun
ガラス	noun
ケーキ	noun
コンサート	noun
コンピュータ	noun
コンピューター	noun
サラダ	noun
サンダル	noun
サンドイッチ	noun
ジャム	noun
スクリーン	noun
ステレオ	noun
ステーキ	noun
スーツ	noun
スーツケース	noun
ソフト	na-adjective,noun
タイプ	noun
テキスト	noun
テニス	noun
ハンバーグ	noun
パソコン	noun
パパ	noun
ビル	noun
ピアノ	noun
ファックス	noun
プレゼント	noun
ベル	noun
リポート	noun
レジ	noun
レポート	noun
ワープロ	noun
一度	adverb,noun
一生懸命	adverb,na-adjective,noun
丁寧	na-adjective,noun
上がる	verb
下がる	verb
下げる	verb
下りる	verb
下宿	noun
下着	noun
不便	na-adjective,noun
世界	noun
世話	noun
両方	noun
中学校	noun
久しぶり	na-adjective,noun
乗り換える	verb
乗り物	noun
乾く	verb
予定	noun
予約	noun
予習	noun
事務所	noun
事故	noun
亡くなる	verb
交通	noun
人口	noun
人形	noun
今夜	adverb,noun
今度	adverb,noun
仕方	noun
代わり	noun
以上	noun
以下	noun
以内	adverb,noun
以外	noun
会場	noun
会話	noun
会議	noun
会議室	noun
伝える	verb
伺う	verb
似る	verb
住所	noun
例えば	adverb
倍	noun
倒れる	verb
値段	noun
僕	noun
億	noun
優しい	adjective
先輩	noun
光	noun
光る	verb
入学	noun
入院	noun
全然	adverb
公務員	noun
具合	noun
再来月	adverb,noun
再来週	adverb,noun
写す	verb
冷える	verb
冷房	noun
出席	noun
出発	noun
別	na-adjective,noun
別れる	verb
利用	noun
割れる	verb
割合	adverb,noun
力	noun
動く	verb
動物園	noun
勝つ	verb
匂い	noun
包む	verb
医学	noun
十分	adverb,na-adjective,noun
卒業	noun
危険	na-adjective,noun
原因	noun
厳しい	adjective
参る	verb
反対	na-adjective,noun
取り替える	verb
受ける	verb
受付	noun
召し上がる	verb
台風	noun
叱る	verb
合う	verb
向かう	verb
君	noun
周り	noun
味	na-adjective,noun
味噌	noun
品物	noun
喉	noun
喜ぶ	verb
嘘	noun
噛む	verb
固い	adjective
国際	noun
地理	noun
地震	noun
坂	noun
堅	noun
場合	noun
場所	noun
塗る	verb
増える	verb
壁	noun
壊す	verb
壊れる	verb
売り場	noun
変	na-adjective,noun
変える	verb
変わる	verb
夢	noun
大事	na-adjective,noun
大学生	noun
天気予報	noun
太る	verb
夫	noun
失敗	noun
失礼	na-adjective,noun
女性	noun
妻	noun
始める	verb
娘	noun
嬉しい	adjective
子	noun
字	noun
季節	noun
安全	na-adjective,noun
安心	na-adjective,noun
客	noun
家内	noun
寂しい	adjective
寄る	verb
寝坊	na-adjective,noun
寺	noun
専門	noun
将来	adverb,noun
尋ねる	verb
小学校	noun
小説	noun
小鳥	noun
届ける	verb
屋上	noun
展覧会	noun
島	noun
工場	noun
工業	noun
差し上げる	verb
市	noun
市民	noun
布団	noun
席	noun
帰り	noun
床屋	noun
店員	noun
建て	noun
建てる	verb
引き出し	noun
引っ越す	verb
形	noun
役に立つ	verb
彼	noun
彼ら	noun
彼女	noun
復習	noun
心	noun
心配	na-adjective,noun
必ず	adverb
必要	na-adjective,noun
忘れ物	noun
怒る	verb
怖い	adjective
思い出す	verb
思う	verb
急	na-adjective,noun
急ぐ	verb
急行	noun
恥ずかしい	adjective
息子	noun
悲しい	adjective
意見	noun
慣れる	verb
戦争	noun
戻る	verb
手伝う	verb
手袋	noun
打つ	verb
払う	verb
承知	noun
技術	noun
投げる	verb
折る	verb
折れる	verb
押入れ	noun
招待	noun
拝見	noun
拾う	verb
指	noun
指輪	noun
挨拶	noun
捕まえる	verb
捨てる	verb
探す	verb
揺れる	verb
支度	noun
放送	noun
政治	noun
故障	noun
教会	noun
教育	noun
数学	noun
文化	noun
文学	noun
文法	noun
新聞社	noun
旅館	noun
日	noun
日記	noun
昔	adverb,noun
星	noun
是非	adverb,noun
昼休み	adverb,noun
昼間	adverb,noun
時代	noun
普通	adverb,na-adjective,noun
景色	noun
暖房	noun
暮れる	verb
最も	adverb
最初	adverb,noun
最後	noun
最近	adverb,noun
月	noun
木綿	noun
林	noun
枝	noun
柔らかい	adjective
柔道	noun
校長	noun
格好	na-adjective,noun
案内	noun
棚	noun
森	noun
植える	verb
楽しみ	na-adjective,noun
楽しむ	verb
機会	noun
止む	verb
止める	verb
正しい	adjective
正月	noun
歯医者	noun
歴史	noun
残る	verb
残念	na-adjective,noun
比べる	verb
毛	noun
気	noun
気分	noun
気持ち	adverb,noun
水泳	noun
水道	noun
汚れる	verb
決して	adverb
決まる	verb
決める	verb
汽車	noun
沸かす	verb
沸く	verb
治る	verb
泊まる	verb
法律	noun
泣く	verb
泥棒	noun
注射	noun
注意	noun
浅い	adjective
海岸	noun
消しゴム	noun
深い	adjective
済む	verb
港	noun
湖	noun
湯	noun
準備	noun
滑る	verb
漫画	noun
漬ける	verb
濡れる	verb
火	noun
火事	noun
点	noun
点く	verb
無理	na-adjective,noun
焼く	verb
焼ける	verb
熱	noun
熱心	na-adjective,noun
片付ける	verb
特に	adverb
特別	adverb,na-adjective,noun
特急	noun
珍しい	adjective
理由	noun
生きる	verb
生活	noun
生産	noun
産業	noun
用	noun
用事	noun
用意	noun
田舎	noun
申し上げる	verb
申す	verb
男性	noun
留守	noun
番組	noun
畳	noun
痩せる	verb
発音	noun
皆	adverb,noun
盗む	verb
盛ん	na-adjective
直す	verb
直る	verb
相談	noun
看護婦	noun
真中	noun
真面目	na-adjective,noun
眠い	adjective
眠る	verb
着物	noun
知らせる	verb
石	noun
砂	noun
研究	noun
研究室	noun
硬	noun
確か	adverb,na-adjective
社会	noun
社長	noun
祈る	verb
祖母	noun
祖父	noun
神社	noun
科学	noun
移る	verb
空く	verb
空気	noun
空港	noun
立てる	verb
競争	noun
笑う	verb
答え	noun
簡単	na-adjective,noun
米	noun
糸	noun
約束	noun
素晴らしい	adjective
細かい	adjective
紹介	noun
終わり	noun
経済	noun
経験	noun
絹	noun
続く	verb
続ける	verb
線	noun
美しい	adjective
美術館	noun
習慣	noun
翻訳	noun
考える	verb
聞こえる	verb
育てる	verb
背中	noun
腕	noun
自由	na-adjective,noun
興味	noun
舟	noun
花見	noun
苦い	adjective
草	na-adjective,noun
落ちる	verb
落とす	verb
葉	noun
虫	noun
血	noun
行う	verb
表	noun
裏	adverb,noun
複雑	na-adjective,noun
褒める	verb
西洋	noun
見える	verb
見つかる	verb
見つける	verb
見物	noun
規則	noun
親	noun
親切	na-adjective,noun
触る	verb
計画	noun
訪ねる	verb
訳	noun
試合	noun
試験	noun
説明	noun
課長	noun
調べる	verb
講堂	noun
講義	noun
謝る	verb
警察	noun
負ける	verb
貿易	noun
贈り物	noun
赤ちゃん	noun
赤ん坊	noun
起こす	verb
趣味	noun
足す	verb
足りる	verb
踊り	noun
踊る	verb
踏む	verb
輸入	noun
輸出	noun
辞典	noun
込む	verb
迎える	verb
近所	noun
返事	noun
退院	noun
送る	verb
逃げる	verb
途中	adverb,noun
通う	verb
通り	noun
通る	verb
連れる	verb
連絡	noun
進む	verb
遅れる	verb
遊び	noun
運ぶ	verb
運動	noun
運転	noun
運転手	noun
過ぎる	verb
道具	noun
遠く	adverb,noun
遠慮	noun
適当	na-adjective,noun
選ぶ	verb
邪魔	na-adjective,noun
郊外	noun
部長	noun
都	noun
都合	adverb,noun
釣る	verb
鏡	noun
間	adverb,noun
間に合う	verb
間違える	verb
関係	noun
隅	noun
集まる	verb
集める	verb
雲	noun
電報	noun
電灯	noun
非常に	adverb
音	noun
頑張る	verb
飛行場	noun
食事	noun
食料品	noun
飾る	verb
首	noun
駐車場	noun
騒ぐ	verb
驚く	verb
高校	noun
高校生	noun
高等学校	noun
髪	noun
鳴る	verb
あいにく	adverb,na-adjective,noun
あちこち	adverb,na-adjective,noun
あら	na-adjective,noun
あらゆる	other
ありがとう	other
あるいは	adverb
あんなに	adverb
あんまり	adverb,na-adjective,noun
いけない	adjective
いずれ	adverb,noun
いたずら	na-adjective,noun
いただきます	other
いつか	adverb,noun
いつでも	adverb
いつのまにか	adverb
いつまでも	adverb
いとこ	noun
いらいら	adverb,noun
いらっしゃい	other
いわば	adverb,noun
いわゆる	other
うがい	noun
うっかり	adverb,noun
うなる	verb
おしゃべり	na-adjective,noun
おしゃれ	na-adjective,noun
おそらく	adverb
おめでとう	noun
およそ	adverb,noun
お互い	adverb,noun
お前	noun
お昼	noun
お目に掛かる	verb
お辞儀	noun
かく	adverb,noun,verb
かなり	adverb,na-adjective,noun
かもしれない	other
かゆい	adjective
かわいそう	na-adjective,noun
がっかり	adverb,noun
きちんと	adverb,noun
きつい	adjective
くわえる	verb
ぐっすり	adverb
けち	na-adjective,noun
ことによると	other
こぼす	verb
こぼれる	verb
これら	noun
こんなに	adverb
こんにちは	other
ごく	adverb,noun
ごめんなさい	other
さす	noun,verb
さっぱり	adverb,na-adjective,noun
さて	other
さらに	adverb
ざっと	adverb
しかも	other
しきりに	adverb
したがって	other
しばしば	adverb,noun
しゃべる	verb
じっと	adverb,noun
すくなくとも	adverb
すっぱい	adjective
すてき	na-adjective
すでに	adverb
すなわち	other
すれ違う	verb
ずっと	adverb
ずれる	verb
せい	na-adjective,noun
せいぜい	adverb
そこで	other
そっくり	adverb,na-adjective
そっと	adverb,noun
そのうえ	adverb,noun
そのうち	adverb
そのまま	adverb,noun
それぞれ	adverb,noun
それでも	other
それと	other
それとも	other
たしか	adverb,na-adjective
ただ	adverb,na-adjective,noun
たった	adverb,noun
たっぷり	adverb,na-adjective,noun
たとえ	adverb,noun
たびたび	adverb
たま	na-adjective,noun
たまたま	adverb,noun
たまらない	adjective
だが	other
だけど	other
だって	other
ちゃんと	adverb,noun
ちょうだい	na-adjective,noun
ついに	adverb
つながる	verb
つなぐ	noun,verb
つなげる	verb
つまり	adverb,noun
できれば	other
ですから	other
と	noun
ところが	other
ところで	other
とにかく	adverb
とんでもない	adjective
どうしても	adverb
どうぞよろしく	other
どく	noun,verb
どこか	adverb,noun
どんなに	adverb
なお	adverb,na-adjective
なし	noun
なぜなら	other
なにも	other
なんで	adverb
なんでも	adverb
なんとか	adverb,noun
にっこり	adverb,noun
のんびり	adverb,noun
はさみ	noun
ばか	na-adjective,noun
ばったり	adverb
ひも	noun
ぴったり	adverb,na-adjective,noun
ふと	adverb,noun
ふり	na-adjective,noun
ぶつかる	verb
ぶつける	verb
ほこり	noun
ほっと	adverb,noun
ほぼ	adverb,noun
ぼんやり	adverb,noun
まあ	adverb
まく	noun,verb
まさか	adverb,noun
まさに	adverb
ますます	adverb
まとまる	verb
まとめる	verb
まぶしい	adjective
まるで	adverb
むしろ	adverb,noun
めくる	verb
もしかすると	adverb
もしも	adverb,noun
もったいない	adjective
やがて	adverb
やや	adverb,noun
よす	verb
より	adverb,noun
よる	adverb,noun,verb
わがまま	na-adjective,noun
わざと	adverb
わずか	adverb,na-adjective,noun
アイスクリーム	noun
アウト	na-adjective,noun
アップ	noun
アルバム	noun
アンケート	noun
イメージ	noun
インク	noun
インタビュー	noun
ウイスキー	noun
エネルギー	noun
エンジン	noun
オフィス	noun
カー	noun
カード	noun
キャプテン	noun
キャンプ	noun
クラシック	na-adjective,noun
クリスマス	noun
クリーム	noun
グラス	noun
グランド	noun
グループ	noun
ケース	noun
ゲーム	noun
コンテスト	noun
コーチ	noun
コード	noun
ゴール	noun
サイン	noun
サービス	noun
ショック	noun
ジェット機	noun
ジュース	noun
ジーンズ	noun
スイッチ	noun
スキー	noun
スケジュール	noun
スケート	noun
スタイル	noun
スタンド	noun
スター	noun
ストレス	noun
スピーチ	noun
スープ	noun
セット	noun
センター	noun
ソファー	noun
タイトル	noun
タイプライター	noun
タオル	noun
ダイヤ	noun
ダウン	noun
ダンス	noun
チャイム	noun
チャンス	noun
チーズ	noun
チーム	noun
テント	noun
デザイン	noun
デザート	noun
デモ	noun
データ	noun
デート	noun
トップ	noun
トラック	noun
トランプ	noun
トレーニング	noun
トン	noun
トンネル	noun
ドライブ	noun
ドラマ	noun
ドレス	noun
ノック	noun
ノー	other
ハイキング	noun
ハンサム	na-adjective
バイオリン	noun
バッグ	noun
バランス	noun
パイプ	noun
パイロット	noun
パス	noun
パスポート	noun
パーセント	noun
ビデオ	noun
ビール	noun
ピクニック	noun
ピン	noun
ブレーキ	noun
プラス	noun
プラスチック	noun
プラン	noun
プロ	noun
ベルト	noun
ベンチ	noun
ペンキ	noun
ホーム	noun
ボーイ	noun
ボート	noun
ボール	noun
マイク	noun
マイナス	noun
マスコミ	noun
マスター	noun
マッサージ	noun
ママ	adverb,noun
マーケット	noun
ミス	noun
ミルク	noun
メッセージ	noun
メモ	noun
メンバー	noun
ユーモア	noun
ヨット	noun
ヨーロッパ	noun
ライター	noun
ラケット	noun
ラベル	noun
ルール	noun
レベル	noun
ロケット	noun
ワイン	noun
一人一人	adverb,noun
一体	adverb,noun
一家	noun
一層	adverb,noun
一帯	noun
一度に	adverb
一方	adverb,na-adjective,noun
一時	adverb,noun
一生	adverb,noun
一瞬	adverb,noun
一種	adverb,noun
一致	noun
一般	noun
一言	noun
万一	adverb,noun
上る	verb
上京	noun
上司	noun
上等	na-adjective,noun
上達	noun
下り	noun
下る	verb
下ろす	verb
不	other
不利	na-adjective,noun
不可	na-adjective,noun
不安	na-adjective,noun
不平	na-adjective,noun
不幸	na-adjective,noun
不思議	adverb,na-adjective,noun
不正	na-adjective,noun
不満	na-adjective,noun
不自由	na-adjective,noun
不足	na-adjective,noun
不通	noun
与える	verb
世	noun
世の中	noun
世紀	noun
世間	noun
丘	noun
丘陵	noun
両替	noun
並	noun
中古	noun
中央	noun
中学	noun
中心	noun
中止	noun
中身	noun
丸	noun
主に	adverb
主婦	noun
主張	noun
主義	noun
主要	na-adjective,noun
乗せる	verb
乗客	noun
乾かす	verb
乾燥	na-adjective,noun
予報	noun
予想	noun
予期	noun
予測	noun
予算	noun
予防	noun
争う	verb
事件	noun
事実	adverb,noun
事情	noun
互い	noun
亡くす	verb
交ざる	verb
交じる	verb
交ぜる	verb
交換	noun
交際	noun
享受	noun
人工	noun
人気	noun
人物	noun
人生	noun
人種	noun
人込み	noun
人間	noun
人類	noun
今に	adverb
今にも	adverb
今回	adverb,noun
今後	adverb,noun
仏	noun
仕様	noun
他	adverb,noun
他人	noun
付き合い	noun
付き合う	verb
付く	verb
付ける	verb
代える	verb
代る	verb
代理	noun
代表	noun
代金	noun
以前	adverb,noun
以来	adverb,noun
仮定	noun
仲	noun
仲間	noun
件	noun
任せる	verb
企業	noun
休息	noun
休憩	noun
休暇	noun
会合	noun
会員	noun
会計	noun
伝わる	verb
伝統	noun
伝言	noun
伸ばす	verb
伸びる	verb
似合う	verb
位	noun
位置	noun
住	noun
住宅	noun
住民	noun
体温	noun
体育	noun
体重	noun
何か	adverb,noun
余分	na-adjective,noun
余裕	noun
作	noun
作品	noun
作家	noun
作曲	noun
作業	noun
作法	noun
作物	noun
使用	noun
例	noun
例え	noun
例外	noun
供	noun
供給	noun
依然	adverb
依頼	noun
価値	noun
価格	noun
便	na-adjective,noun
便り	noun
係	noun
保存	noun
保証	noun
保護	noun
保障	noun
信じる	verb
信仰	noun
信号	noun
信用	noun
信頼	noun
修正	noun
修理	noun
修飾	noun
俳優	noun
個々	noun
個人	noun
倒す	verb
倒産	noun
候補	noun
借り	noun
借金	noun
値	noun
偉大	na-adjective
停留所	noun
停電	noun
健康	na-adjective,noun
偶然	adverb,na-adjective,noun
備える	verb
傷	noun
傷める	verb
傾向	noun
働き	noun
像	noun
僧	noun
優	na-adjective,noun
優れる	verb
優勝	noun
優秀	na-adjective,noun
元	adverb,noun
先日	adverb,noun
先行	noun
光景	noun
克服	noun
免許	noun
兎	noun
児童	noun
党	noun
入場	noun
全	noun
全く	adverb,noun
全て	adverb,noun
全体	adverb,noun
全員	adverb,noun
全国	noun
全身	noun
公平	na-adjective,noun
公正	na-adjective,noun
公演	noun
共に	adverb
共同	noun
共通	na-adjective,noun
具体	noun
典型	noun
内容	noun
円	noun
再び	adverb
冒険	na-adjective,noun
冗談	noun
写る	verb
冷ます	verb
冷める	verb
冷やす	verb
冷静	na-adjective,noun
凍る	verb
処理	noun
出	noun
出会い	noun
出会う	verb
出合い	noun
出場	noun
出来事	noun
出版	noun
出身	noun
刀	noun
分	adverb,noun
分かれる	verb
分ける	verb
分析	noun
分野	noun
切り	noun
切れ	noun
切れる	verb
刈る	verb
刊行	noun
刑	noun
刑事	noun
列	noun
列車	noun
判	noun
判断	noun
別に	adverb
別れ	noun
利口	na-adjective,noun
利益	noun
到着	noun
制度	noun
制限	noun
刷る	verb
券	noun
刺さる	verb
刺す	verb
刺激	noun
前もって	adverb
前者	noun
前進	noun
剥く	verb
割る	verb
創造	noun
劇	noun
劇場	noun
加える	verb
加わる	verb
加味	noun
加減	noun
劣る	verb
助かる	verb
助ける	verb
助手	noun
助詞	noun
努力	noun
労働	noun
効く	verb
効果	noun
勇気	noun
動かす	verb
動揺	noun
動詞	noun
勘	noun
勘定	noun
務め	noun
勝ち	na-adjective,noun
勢い	adverb,noun
勤め	noun
勧める	verb
包み	noun
包装	noun
化学	noun
化粧	noun
区別	noun
医師	noun
医療	noun
医院	noun
半ば	adverb,noun
協力	noun
協調	noun
協議	noun
単なる	other
単に	adverb
単位	noun
単純	na-adjective,noun
単語	noun
博士	noun
博物館	noun
占める	verb
印	noun
印刷	noun
印象	noun
卸す	verb
厄介	na-adjective,noun
原	noun
去る	verb
参加	noun
参考	noun
及ぼす	verb
友	na-adjective,noun
友人	noun
友好	noun
友情	noun
双子	noun
反る	verb
反抗	noun
反省	noun
収める	verb
収入	noun
収穫	noun
取り上げる	verb
取れる	verb
受け取る	verb
句	noun
叩く	verb
叫ぶ	verb
可	noun
可愛らしい	adjective
可能	na-adjective,noun
合わせる	verb
合図	noun
合格	noun
合計	noun
同一	na-adjective,noun
同僚	noun
同士	noun
同志	noun
同時	noun
同様	na-adjective,noun
名	noun
名人	noun
名刺	noun
名詞	noun
吐く	verb
向かい	noun
向く	verb
向ける	verb
吠える	verb
否定	noun
含む	verb
含める	verb
吸収	noun
周囲	noun
味方	noun
呼吸	noun
命	noun
命じる	verb
命令	noun
咳	noun
哀れ	na-adjective,noun
品	noun
哲学	noun
唯一	adverb,noun
商人	noun
商品	noun
商売	noun
問い	noun
問う	verb
善	noun
喜び	noun
営業	noun
嗅ぐ	verb
噂	noun
器官	noun
器械	noun
器用	na-adjective,noun
四季	noun
四角	na-adjective,noun
回復	noun
団体	noun
困難	na-adjective,noun
囲む	verb
図	noun
図る	verb
図書	noun
国会	noun
国境	noun
国家	noun
国民	noun
国籍	noun
国語	noun
土	noun
土地	noun
土産	noun
地	noun
地下	noun
地位	noun
地区	noun
地味	adverb,na-adjective,noun
地域	noun
地平線	noun
地方	noun
地球	noun
型	noun
埋まる	verb
埋める	verb
城	noun
基	noun
基づく	verb
基本	adverb,noun
堀	noun
堅い	adjective
報告	noun
場	noun
場面	noun
塀	noun
塔	noun
境	noun
墓	noun
増す	verb
増やす	verb
増加	noun
墨	noun
声明	noun
売れる	verb
変化	noun
変更	noun
外す	verb
外れる	verb
外交	noun
外出	noun
多少	adverb,noun
夜中	adverb,noun
夜明け	noun
夢中	na-adjective,noun
大	na-adjective,noun
大いに	adverb
大した	other
大人しい	adjective
大会	noun
大使	noun
大半	adverb,noun
大家	noun
大戦	noun
大気	na-adjective,noun
大統領	noun
大臣	noun
大部分	noun
大陸	noun
天候	noun
天然	noun
太陽	noun
夫人	noun
夫婦	noun
失う	verb
失望	noun
失業	noun
奇妙	na-adjective,noun
契機	noun
契約	noun
奥	noun
奨学金	noun
奪う	verb
女優	noun
女史	noun
女子	noun
女王	noun
好み	noun
好む	verb
妙	na-adjective,noun
姉妹	noun
始まり	noun
姓	noun
姓名	noun
委員	noun
姿	noun
婚約	noun
婦人	noun
嫁	noun
嫌う	verb
字体	noun
存在	noun
季刊	noun
学	noun
学ぶ	verb
学問	noun
学期	noun
学歴	noun
学習	noun
学者	noun
孫	noun
宅	noun
宇宙	noun
守る	verb
安定	na-adjective,noun
完了	noun
完全	na-adjective,noun
完成	noun
宗教	noun
官僚	noun
定期	noun
宛てる	verb
宝	noun
宝石	noun
実	adverb,noun
実に	adverb
実は	adverb
実力	noun
実施	noun
実現	noun
実行	noun
実際	adverb,noun
実験	noun
宣伝	noun
害	noun
家事	noun
家具	noun
家賃	noun
容器	noun
容易	na-adjective,noun
宿	noun
宿泊	noun
寄せる	verb
寄付	noun
密	na-adjective,noun
審判	noun
寮	noun
対	noun
対する	verb
対照	noun
対象	noun
専攻	noun
射す	verb
尊敬	noun
尊重	noun
小	noun
小包	noun
小屋	noun
小銭	noun
小麦	noun
少々	adverb,noun
少しも	adverb
少女	noun
少年	noun
尤も	adverb,na-adjective,noun
就く	verb
就職	noun
尻	noun
尾	noun
局	noun
居眠り	noun
居間	noun
届く	verb
屋根	noun
岩	noun
岸	noun
嵐	noun
州	noun
巣	noun
左右	adverb,noun
巨大	na-adjective,noun
差	noun
差別	noun
巻く	verb
市場	noun
布	noun
希望	noun
帯	noun
帰す	verb
帰宅	noun
常に	adverb
常識	noun
幅	noun
幕	noun
平ら	na-adjective,noun
平和	na-adjective,noun
平均	noun
平等	na-adjective,noun
年中	adverb,noun
年代	noun
年寄り	noun
年月	noun
年鑑	noun
年間	adverb,noun
年齢	noun
幸い	adverb,na-adjective,noun
幸せ	na-adjective,noun
幸福	na-adjective,noun
幸運	na-adjective,noun
幼い	adjective
広がる	verb
広げる	verb
広まる	verb
広める	verb
広告	noun
床	noun
底	noun
度	noun
座席	noun
延ばす	verb
延びる	verb
延期	noun
建つ	verb
建築	noun
建設	noun
弁当	noun
引っ張る	verb
引っ越し	noun
引用	noun
引退	noun
弱まる	verb
弱める	verb
強まる	verb
強める	verb
強力	na-adjective,noun
強盗	noun
強調	noun
弾	noun
当たり	noun
当たり前	na-adjective,noun
当たる	verb
当てる	verb
当時	adverb,noun
当然	adverb,na-adjective,noun
形態	noun
影	noun
影響	noun
役	noun
役割	noun
後悔	noun
後者	noun
後輩	noun
徐々に	adverb
従う	verb
得る	verb
得意	na-adjective,noun
微妙	na-adjective,noun
微笑む	verb
徹夜	noun
徹底	noun
心理	noun
心臓	noun
必ずしも	adverb
必死	na-adjective,noun
志望	noun
応じる	verb
応援	noun
快適	na-adjective,noun
怒り	noun
思い付く	verb
思い出	noun
思わず	adverb
思想	noun
怠ける	verb
急に	adverb
急激	na-adjective
急速	na-adjective,noun
性	noun
性格	noun
性質	noun
恋	noun
恋人	noun
恐れる	verb
恐ろしい	adjective
恐怖	noun
恩	noun
息	noun
悔しい	adjective
患者	noun
悩む	verb
悪	noun
悪口	noun
悪魔	noun
悲しむ	verb
悲劇	noun
情	noun
情報	noun
想像	noun
愉快	na-adjective,noun
意	noun
意地	noun
意地悪	na-adjective,noun
意外	adverb,na-adjective,noun
意志	noun
意思	noun
意識	noun
愛	noun
愛する	verb
愛情	noun
感じ	noun
感じる	verb
感動	noun
感心	na-adjective,noun
感情	noun
感想	noun
感覚	noun
感謝	noun
態度	noun
慌てる	verb
慎重	na-adjective,noun
慣らす	verb
慣行	noun
憲法	noun
成人	noun
成功	noun
成年	noun
成績	noun
成長	noun
我々	noun
我慢	noun
戦い	noun
戦う	verb
戻す	verb
手伝い	noun
手品	noun
手段	noun
手術	noun
手間	noun
才能	noun
扱う	verb
批判	noun
批評	noun
承認	noun
技師	noun
投票	noun
抜く	verb
抜ける	verb
抱える	verb
抱く	verb
抵抗	noun
押さえる	verb
担当	noun
拍手	noun
拘束	noun
招く	verb
拡大	noun
拭く	verb
持ち上げる	verb
指す	verb
指導	noun
指揮	noun
挑戦	noun
挙げる	verb
振る	verb
振興	noun
挿す	verb
捕まる	verb
捜査	noun
掃く	verb
採集	noun
接ぐ	verb
推薦	noun
掲示	noun
掴む	verb
揃う	verb
揃える	verb
描く	verb
提出	noun
提案	noun
揚げる	verb
換える	verb
握る	verb
握手	noun
援助	noun
損	na-adjective,noun
損害	noun
携帯	noun
摘む	verb
撃つ	verb
操作	noun
操縦	noun
擦る	verb
支える	verb
支出	noun
支店	noun
支払い	noun
支払う	verb
支給	noun
支配	noun
改善	noun
攻める	verb
攻撃	noun
放す	verb
放れる	verb
政府	noun
故人	noun
故郷	noun
救う	verb
救助	noun
教え	noun
教わる	verb
教授	noun
教科書	noun
散らす	verb
散る	verb
敬意	noun
数	adverb,noun
数える	verb
数字	noun
整理	noun
敵	noun
文	noun
文句	noun
文字	noun
文明	noun
料金	noun
断つ	verb
断る	verb
新た	na-adjective
新興	noun
新鮮	na-adjective
方々	adverb,noun
方向	noun
方法	noun
旅	noun
旗	noun
日中	adverb,noun
日付	noun
日光	noun
日常	adverb,noun
日本	noun
旧	adverb,noun
昇る	verb
明かり	noun
明ける	verb
明らか	na-adjective
明確	na-adjective
映える	verb
映す	verb
映る	verb
昨	other
昼食	noun
時刻	noun
時期	adverb,noun
普段	adverb,noun
景気	noun
暖まる	verb
暖める	verb
暗記	noun
暮らし	noun
暮らす	verb
暮れ	adverb,noun
曜日	noun
書斎	noun
書物	noun
書類	noun
替える	verb
最中	noun
最低	adverb,na-adjective,noun
最終	noun
最高	na-adjective,noun
有利	na-adjective,noun
有効	na-adjective,noun
有機	noun
有無	noun
有能	na-adjective,noun
服装	noun
望み	noun
望む	verb
期待	noun
期間	noun
期限	noun
未来	noun
末	adverb,noun
本人	noun
本物	noun
札	noun
材料	noun
束	noun
条件	noun
来	other
東洋	noun
松	noun
板	noun
枠	noun
柄	noun
柵	noun
栄養	noun
校舎	noun
株	noun
核	noun
根	noun
格	noun
案	noun
案外	adverb,na-adjective
桜	noun
梅	noun
梅雨	noun
棒	noun
棟	noun
椀	noun
植物	noun
検査	noun
検討	noun
楽	na-adjective,noun
楽器	noun
構成	noun
様々	na-adjective,noun
様子	noun
模様	noun
権利	noun
横切る	verb
横断	noun
機嫌	na-adjective,noun
機械	noun
機構	noun
機能	noun
機関	noun
欠く	verb
欠ける	verb
欠席	noun
欠点	noun
欠陥	noun
次々	adverb,noun
次ぐ	verb
次第	noun
歌手	noun
歌謡	noun
歓声	noun
歓迎	noun
正	na-adjective,noun
正体	noun
正午	adverb,noun
正式	na-adjective,noun
正直	adverb,na-adjective,noun
正確	na-adjective,noun
正規	na-adjective,noun
武器	noun
歩道	noun
死	noun
死亡	noun
残す	verb
残り	noun
殴る	verb
段	noun
殺す	verb
殻	noun
母親	noun
毒	noun
比較	noun
毛布	noun
氏	noun
気に入る	verb
気の毒	na-adjective,noun
気付く	verb
気体	noun
気候	noun
気味	noun
気温	noun
水洗	noun
水準	noun
氷	noun
永久	na-adjective,noun
永遠	na-adjective,noun
求める	verb
汗	noun
汚す	verb
汚染	noun
汲む	verb
決まり	noun
決定	noun
決心	noun
決行	noun
沈む	verb
沖	noun
油	noun
治める	verb
治療	noun
沿う	verb
泉	noun
泊める	verb
法	noun
泡	noun
波	noun
泥	noun
注	noun
注ぐ	verb
注文	noun
注目	noun
泳ぎ	noun
洗剤	noun
活動	noun
活気	noun
活用	noun
活躍	noun
派手	na-adjective,noun
流す	verb
流れ	noun
流れる	verb
流行	noun
流行る	verb
海外	noun
消費	noun
消防	noun
涙	noun
深まる	verb
深める	verb
深刻	na-adjective,noun
混ざる	verb
混じる	verb
混ぜる	verb
混乱	noun
混雑	noun
添う	verb
清む	verb
清潔	na-adjective,noun
渇く	verb
済ませる	verb
渋滞	noun
減らす	verb
減る	verb
減少	noun
渦	noun
温かい	adjective
温まる	verb
温める	verb
温度	noun
温暖	na-adjective,noun
測る	verb
湧く	verb
湾	noun
湿る	verb
湿度	noun
湿気	noun
満ちる	verb
満足	na-adjective,noun
溜まる	verb
溜める	verb
溶く	verb
溶ける	verb
溺れる	verb
滅多に	adverb
滞在	noun
演奏	noun
演技	noun
演説	noun
澄む	verb
激しい	adjective
濃い	adjective
濠	noun
濡らす	verb
火災	noun
灯	noun
灰	noun
炊く	verb
炎	noun
炒める	verb
焚く	verb
無	noun
無事	adverb,na-adjective,noun
無料	noun
無視	noun
無駄	na-adjective,noun
煙	noun
照明	noun
煮える	verb
煮る	verb
熱中	noun
熱帯	noun
燃える	verb
燃やす	verb
爆発	noun
父親	noun
片付く	verb
片付け	noun
版	noun
牛	noun
物事	noun
物価	noun
物理	noun
物語	noun
物質	noun
物音	noun
特徴	noun
特長	noun
犯人	noun
犯罪	noun
状態	noun
状況	noun
狂う	verb
狩り	noun
独り	adverb,noun
独特	na-adjective,noun
独立	noun
独身	noun
猿	noun
率	noun
玉	noun
王	noun
王子	noun
王様	noun
班	noun
現す	verb
現れ	noun
現れる	verb
現代	noun
現在	adverb,noun
現場	noun
現実	noun
現状	noun
現象	noun
現金	na-adjective,noun
球	noun
理想	noun
理解	noun
琴	noun
環境	noun
瓶	noun
生	na-adjective,noun
生える	verb
生き物	noun
生じる	verb
生まれ	noun
生やす	verb
生命	noun
生地	noun
生年月日	noun
生涯	adverb,noun
生物	noun
生理	noun
生長	noun
産む	verb
用いる	verb
用心	noun
田	noun
申し訳	noun
申し込む	verb
申告	noun
男の人	noun
男子	noun
画家	noun
畑	noun
留める	verb
留学	noun
異	na-adjective,noun
異なる	verb
異動	noun
異常	na-adjective,noun
畳む	verb
疑う	verb
疑問	na-adjective,noun
疲れ	noun
症状	noun
痛み	noun
癌	noun
癖	noun
発射	noun
発展	noun
発明	na-adjective,noun
発行	noun
発表	noun
発見	noun
発車	noun
発達	noun
登山	noun
皮	noun
皿	noun
盛り	noun
監督	noun
目上	noun
目標	noun
目的	noun
直	adverb,na-adjective,noun
直ちに	adverb
直に	adverb
直接	adverb,na-adjective,noun
相	adverb,noun
相変わらず	adverb,noun
相当	adverb,na-adjective,noun
相手	noun
相続	noun
盾	noun
省く	verb
省略	noun
県	noun
真っ赤	na-adjective,noun
真似	noun
真剣	na-adjective,noun
真理	noun
眺め	noun
眺める	verb
着ける	verb
睡眠	noun
瞬間	adverb,noun
知らせ	noun
知り合い	noun
知事	noun
知恵	noun
知能	noun
知識	noun
石油	noun
石炭	noun
砂漠	noun
破る	verb
破れる	verb
破産	noun
硬い	adjective
硬貨	noun
碁	noun
碑	noun
碗	noun
確かめる	verb
確実	na-adjective,noun
確認	noun
磁器	noun
磁気	noun
示す	verb
礼	noun
礼儀	noun
祝い	noun
祝う	verb
神	na-adjective,noun
神経	noun
票	noun
祭り	noun
禁止	noun
禁煙	noun
禅	noun
福	noun
私用	noun
科目	noun
秒	noun
秘密	na-adjective,noun
移動	noun
程度	adverb,noun
税	noun
税金	noun
種	noun
種類	noun
稲	noun
稼ぐ	verb
穀物	noun
積む	verb
積もる	verb
積極的	na-adjective
穏やか	na-adjective
穴	noun
空き	noun
突く	verb
突然	adverb,na-adjective,noun
立ち上がる	verb
立場	noun
章	noun
童謡	noun
端	na-adjective,noun
競技	noun
笑い	noun
笑顔	noun
笛	noun
筆	noun
等しい	adjective
筋	noun
筋肉	noun
答案	noun
策	noun
管	noun
管理	noun
節	noun
節約	noun
範囲	noun
築く	verb
籠	noun
粉	noun
粋	na-adjective,noun
粗末	na-adjective,noun
精巧	na-adjective,noun
精神	noun
精算	noun
約	adverb,noun
納める	verb
納得	noun
級	noun
素	noun
終える	verb
組	noun
組む	verb
組合	noun
組織	noun
経つ	verb
経る	verb
経営	noun
経由	noun
経緯	noun
結ぶ	verb
結局	adverb,noun
結果	adverb,noun
結論	noun
給料	noun
絵画	noun
絶対	adverb,noun
絶滅	noun
継ぐ	verb
続き	noun
維持	noun
綴じる	verb
綿	noun
緊張	noun
縁	noun
縄	noun
織る	verb
繰り返す	verb
缶	noun
罪	na-adjective,noun
罰する	verb
署名	noun
美人	noun
群	noun
羨ましい	adjective
義務	noun
羽	noun
羽根	noun
翼	noun
老い	noun
老人	noun
考え	noun
考慮	noun
者	noun
職	noun
職業	noun
肌	noun
股	noun
肩	noun
育つ	verb
肺	noun
胃	noun
胡椒	noun
胸	noun
能	noun
能力	noun
脂	noun
脂肪	noun
脇	adverb,noun
脳	noun
腐る	verb
腰	noun
腹	noun
膜	noun
膝	noun
膳	noun
臨む	verb
自動	noun
自己	noun
自慢	noun
自殺	noun
自然	adverb,na-adjective,noun
自身	noun
臭い	adjective,noun
至る	verb
至急	adverb,noun
興奮	noun
舌	noun
舞台	noun
航海	noun
航空	noun
良い	adjective
芝居	noun
芝生	noun
芸術	noun
芽	noun
苦	noun
苦しい	adjective
苦しむ	verb
苦労	noun
苦手	na-adjective,noun
苦痛	noun
茶	na-adjective,noun
茹でる	verb
荒廃	noun
莫大	na-adjective,noun
菌	noun
菓子	noun
著す	verb
著者	noun
蒸し暑い	adjective
蒸す	verb
蕎麦	noun
虎	noun
虫歯	noun
蚊	noun
血液	noun
血管	noun
衆	noun
行き	noun
行儀	noun
行動	noun
街	noun
衛星	noun
衝突	noun
衣料	noun
衣服	noun
表す	verb
表情	noun
表現	noun
表示	noun
表面	noun
袋	noun
袖	noun
被る	verb
被害	noun
裁く	verb
裁判	noun
裂く	verb
裂ける	verb
装置	noun
裏切る	verb
補償	noun
裸	noun
製品	noun
製造	noun
要するに	adverb
要求	noun
要点	noun
要素	noun
覆う	verb
見事	adverb,na-adjective,noun
見当	noun
見掛ける	verb
見舞い	noun
見解	noun
見送り	noun
規制	noun
視点	noun
視覚	noun
覗く	verb
覚ます	verb
覚める	verb
覚悟	noun
親しい	adjective
親友	noun
親戚	noun
観光	noun
観客	noun
観察	noun
解く	verb
解ける	verb
解決	noun
解釈	noun
触れる	verb
言語	noun
計	noun
計る	verb
計器	noun
計算	noun
討つ	verb
訓	noun
訓練	noun
記事	noun
記入	noun
記念	noun
記憶	noun
記者	noun
記録	noun
訪問	noun
設備	noun
設計	noun
許す	verb
許可	noun
訳す	verb
訴える	verb
診る	verb
診察	noun
証明	noun
評価	noun
評判	noun
試し	noun
試す	verb
詩	noun
詩人	noun
詰める	verb
話し合う	verb
話題	noun
詳しい	adjective
誇り	noun
認める	verb
誕生	noun
誘う	verb
語る	verb
語句	noun
語学	noun
誤り	noun
誤解	noun
説	noun
説く	verb
読み	noun
読書	noun
課	noun
課程	noun
課題	noun
調子	noun
調査	noun
請求	noun
論じる	verb
論争	noun
論文	noun
諦める	verb
諮る	verb
諺	noun
謎	noun
講演	noun
警告	noun
議会	noun
議員	noun
議論	noun
議長	noun
譲る	verb
谷	noun
豆	noun
豊か	na-adjective
豊富	na-adjective,noun
象	noun
豪華	na-adjective,noun
貝	noun
負う	verb
負け	noun
財産	noun
貢献	noun
貧しい	adjective
販売	noun
責める	verb
責任	noun
貯金	noun
貴重	na-adjective,noun
貸し	noun
費用	noun
資本	noun
資格	noun
資源	noun
賛成	noun
賞	noun
賞品	noun
賢い	adjective
質	noun
賭ける	verb
贅沢	na-adjective,noun
贈る	verb
起こる	verb
起源	noun
超える	verb
超す	verb
越える	verb
越す	verb
足袋	noun
跡	noun
蹴る	verb
身	noun
身体	noun
身長	noun
軍	noun
軍隊	noun
軒	noun
転ぶ	verb
転校	noun
載せる	verb
載る	verb
輝く	verb
輪	noun
辞める	verb
辞退	noun
農家	noun
農業	noun
農民	noun
辺り	adverb,noun
迎え	noun
近代	noun
近視	noun
近頃	adverb,noun
述べる	verb
迷う	verb
迷子	noun
迷惑	na-adjective,noun
追い付く	verb
追う	verb
退学	noun
退屈	na-adjective,noun
逆	na-adjective,noun
逆らう	verb
途端	adverb,noun
通じる	verb
通す	verb
通り過ぎる	verb
通信	noun
通勤	noun
通学	noun
通行	noun
通訳	noun
通貨	noun
通過	noun
速度	noun
連れ	noun
連想	noun
連続	na-adjective,noun
逮捕	noun
週	noun
進める	verb
進学	noun
進歩	noun
進行	noun
遅れ	noun
遅刻	noun
運	noun
過ごす	verb
過去	adverb,noun
過程	noun
道徳	noun
道路	noun
達する	verb
違い	noun
違いない	adjective
違反	noun
適する	verb
適切	na-adjective,noun
適度	na-adjective,noun
適用	noun
遭う	verb
選手	noun
選択	noun
選挙	noun
選考	noun
避ける	verb
郡	noun
部分	noun
郵便	noun
都会	noun
都市	noun
酌む	verb
配達	noun
酒	noun
酔う	verb
酢	noun
酸化	noun
酸性	noun
酸素	noun
重なる	verb
重ねる	verb
重体	noun
重大	na-adjective,noun
重要	na-adjective
重視	noun
野	noun
野党	noun
量	noun
量る	verb
金	noun
金属	noun
金庫	noun
金融	noun
金銭	noun
金額	noun
針	noun
釣り	noun
鉄	noun
鉄道	noun
銀	noun
銃	noun
銅貨	noun
鋭い	adjective
鍋	noun
鎖	noun
鐘	noun
長期	noun
閉じる	verb
開始	noun
間違い	noun
間隔	noun
関する	verb
関心	noun
関連	noun
防ぐ	verb
降ろす	verb
降伏	noun
限る	verb
限界	noun
除く	verb
陰	noun
陸	na-adjective,noun
陽気	na-adjective,noun
隊	noun
際	noun
障害	noun
隠す	verb
隠れる	verb
集まり	noun
集中	noun
集団	noun
雇う	verb
離す	verb
離れる	verb
離婚	noun
難	noun
雰囲気	noun
雷	noun
電子	noun
需要	noun
震える	verb
霜	noun
霧	noun
露	adverb,na-adjective,noun
青年	noun
非常	na-adjective,noun
非行	noun
面	noun
面倒	na-adjective,noun
面接	noun
革	noun
頂上	noun
順	na-adjective,noun
順番	noun
順調	na-adjective,noun
預かる	verb
預ける	verb
頬	noun
頭痛	noun
頼る	verb
題	noun
題名	noun
額	noun
願い	noun
願う	verb
風景	noun
飛ばす	verb
飛び出す	verb
飛行	noun
食う	verb
食卓	noun
食品	noun
食料	noun
食欲	noun
食物	noun
食糧	noun
飯	noun
飼う	verb
飽きる	verb
飾り	noun
餌	noun
首相	noun
首都	noun
香り	noun
馬	noun
馴らす	verb
馴れる	verb
駆ける	verb
駐車	noun
騒ぎ	noun
騒音	noun
騙す	verb
驚き	noun
骨	na-adjective,noun
骨折	noun
高まる	verb
高める	verb
高価	na-adjective,noun
高速	na-adjective,noun
髪の毛	noun
鬼	noun
魅力	noun
鳴らす	verb
黒板	noun
黙る	verb
鼠	noun
あいまい	na-adjective,noun
あくび	noun
あくまで	adverb
あちらこちら	adverb,na-adjective,noun
あふれる	verb
あぶる	verb
あみもの	noun
あらわす	verb
ありがたい	adjective
あれこれ	adverb,noun
いきなり	adverb,noun
いちいち	adverb,noun
いったん	adverb,noun
いってきます	other
いってまいります	other
いよいよ	adverb
うどん	noun
うなずく	verb
うろうろ	adverb,noun
うんと	adverb
ええと	other
おおざっぱ	na-adjective
おおよそ	adverb,noun
おかけください	other
おかげさまで	other
おかず	noun
おかまいなく	other
おかわり	noun
おはよう	other
おまちどおさま	other
おめでたい	adjective
おやつ	noun
お休み	noun
お先に	adverb
お出掛け	noun
お参り	noun
お大事に	other
お帰り	noun
お待たせしました	other
お手伝いさん	noun
お気の毒に	other
お邪魔します	other
お願いします	other
かえって	adverb
かけざん	noun
かしこまりました	other
かしょ	noun
かじる	verb
かたかな	noun
かたづく	verb
かっこ	adverb,na-adjective,noun
かみそり	noun
からかう	verb
かるた	noun
きっかけ	noun
ぎっしり	adverb
くしゃみ	noun
くず	noun
くたびれる	verb
くだらない	adjective
くっつく	verb
くっつける	verb
くどい	adjective
くるむ	verb
くれぐれも	adverb
こうして	other
こくせき	noun
こしらえる	verb
こする	verb
こちらこそ	other
こっそり	adverb
こないだ	adverb,noun
こんばんは	other
ごちそうさま	other
ごめん	noun
ごめんください	other
ごらん	noun
ご苦労様	na-adjective
ささやく	verb
さじ	noun
さすが	adverb,na-adjective,noun
さっさと	adverb
さようなら	other
さわやか	na-adjective
しっぽ	noun
しつこい	adjective
しびれる	verb
しぼむ	verb
しみじみ	adverb
しめる	verb
しゃがむ	verb
しゃっくり	noun
しゃぶる	verb
しょうがない	adjective
じゃんけん	noun
すっきり	adverb,noun
すまない	adjective
ずうっと	adverb
ずらす	verb
ずらり	adverb
ずるい	adjective
せっかく	adverb,noun
せっせと	adverb
せめて	adverb,noun
ぜひとも	adverb
そういえば	other
そうっと	adverb,noun
そそっかしい	adjective
そのころ	noun
そのため	other
その他	adverb,noun
それなのに	other
それなら	other
それる	verb
そろばん	noun
たいそう	adverb,na-adjective,noun
ただいま	adverb,noun
ただし	other
たちまち	adverb
ためらう	verb
たんす	noun
だいぶん	adverb
だらしない	adjective
ちぎる	verb
ついで	adverb,noun
つうか	noun
つながり	noun
つまずく	verb
でたらめ	na-adjective,noun
ところどころ	adverb,noun
とっくに	adverb
ともかく	adverb
どうせ	adverb
どきどき	adverb,noun
どっと	adverb
なす	noun,verb
なぞなぞ	noun
なにしろ	adverb
なんとなく	adverb
なんとも	adverb
にこにこ	adverb,noun
にわか	na-adjective,noun
ねじ	noun
ねじる	verb
のこぎり	noun
のろのろ	adverb,noun
のんき	na-adjective,noun
はきはき	adverb,noun
はしご	noun
はじめに	other
はじめまして	other
はめる	verb
はんこ	noun
ばからしい	adjective
ばね	noun
ひっくり返す	verb
ひとまず	adverb
ひとりでに	adverb
ひゃっかじてん	noun
ぴかぴか	adverb,na-adjective,noun
ぴたり	adverb,na-adjective,noun
ふくめる	verb
ふざける	verb
ふりがな	noun
ふわふわ	adverb,na-adjective,noun
ぶつぶつ	adverb,noun
ぶらさげる	verb
へそ	noun
ぼろ	na-adjective,noun
まあまあ	adverb,na-adjective,noun
まごまご	adverb,noun
まざる	verb
まじる	verb
まぜる	verb
またぐ	verb
まぶた	noun
まもなく	adverb
まれ	na-adjective
みじめ	na-adjective
みっともない	adjective
めいめい	adverb,noun
めちゃくちゃ	adverb,na-adjective,noun
めっきり	adverb
めでたい	adjective
めまい	noun
もしかしたら	adverb
もたれる	verb
もともと	adverb,na-adjective,noun
ものすごい	adjective
もやす	verb
やかましい	adjective
やかん	adverb,noun
やけど	noun
やっつける	verb
やむをえない	adjective
ようやく	adverb,noun
よこす	verb
よごす	verb
よそ	noun
ろうそく	noun
アイデア	noun
アイディア	noun
アクセント	noun
アンテナ	noun
イコール	na-adjective,noun
インキ	noun
ウエートレス	noun
ウーマン	noun
ウール	noun
エチケット	noun
エプロン	noun
オイル	noun
オルガン	noun
オーケストラ	noun
オートメーション	noun
カセット	noun
カバー	noun
カラー	noun
カロリー	noun
カーブ	noun
ガム	noun
キャンパス	noun
ギャング	noun
クリーニング	noun
クーラー	noun
コック	noun
コレクション	noun
コンクリート	noun
コンクール	noun
コンセント	noun
コース	noun
コーラス	noun
ゴム	noun
サイレン	noun
サラリーマン	noun
サンプル	noun
サークル	noun
シャッター	noun
ショップ	noun
シリーズ	noun
シーズン	noun
シーツ	noun
ジャーナリスト	noun
スカーフ	noun
スクール	noun
スタート	noun
スチュワーデス	noun
ステージ	noun
ストッキング	noun
ストップ	noun
スピーカー	noun
スマート	na-adjective
スライド	noun
スリッパ	noun
セメント	noun
セリフ	noun
センチ	na-adjective,noun
ゼミ	noun
タイア	noun
ダイヤグラム	noun
ダイヤモンド	noun
ダイヤル	noun
ダブル	noun
ダム	noun
チップ	noun
チョーク	noun
テニスコート	noun
テンポ	noun
テーマ	noun
ナイロン	noun
ナンバー	noun
ネックレス	noun
ハンドル	noun
バイバイ	noun
バケツ	noun
バック	noun
バンド	noun
パターン	noun
パンツ	noun
ビタミン	noun
ビニール	noun
ビルディング	noun
ピストル	noun
ピンク	noun
ファスナー	noun
フライパン	noun
フリー	na-adjective,noun
ブラウス	noun
ブラシ	noun
ブローチ	noun
プラットホーム	noun
プリント	noun
プログラム	noun
ヘリコプター	noun
ベテラン	noun
ペンチ	noun
ボーナス	noun
ポスター	noun
マスク	noun
マフラー	noun
マラソン	noun
マンション	noun
ミシン	noun
メニュー	noun
モダン	na-adjective,noun
モデル	noun
モノレール	noun
モーター	noun
ラッシュアワー	noun
ランチ	noun
ランニング	noun
リズム	noun
リットル	noun
リボン	noun
レインコート	noun
レクリェーション	noun
レジャー	noun
レンガ	noun
レンズ	noun
ロッカー	noun
ロビー	noun
ローマ字	noun
ワンピース	noun
一休み	noun
一定	adverb,noun
一応	adverb,noun
一斉	adverb,noun
一昨年	adverb,noun
一昨昨日	adverb,noun
一流	noun
一通り	adverb,noun
万歳	noun
三日月	noun
三角	noun
上り	noun
上下	noun
上品	na-adjective,noun
上旬	noun
上級	noun
下品	na-adjective,noun
下旬	noun
下書き	noun
下水	noun
下町	noun
下線	noun
下車	noun
下降	noun
下駄	noun
不潔	na-adjective,noun
不規則	na-adjective,noun
不運	na-adjective,noun
両側	noun
並木	noun
並行	noun
中世	noun
中年	noun
中性	noun
中指	noun
中旬	noun
中途	noun
中間	noun
主人	noun
主役	noun
主語	noun
丼	noun
乗り換え	noun
乗り越し	noun
乗車	noun
乱暴	na-adjective,noun
乾杯	noun
乾電池	noun
予備	noun
二次	noun
五十音	noun
井戸	noun
交代	noun
交差	noun
交替	noun
交流	noun
交通機関	noun
人事	noun
人命	noun
人差し指	noun
人文科学	noun
人通り	noun
人造	noun
仕上がる	verb
仕方がない	adjective
付属	noun
付近	noun
代名詞	noun
以後	adverb,noun
以降	adverb,noun
仮名	noun
仮名遣い	noun
仲直り	noun
仲良し	noun
休業	noun
休講	noun
休養	noun
会館	noun
伝染	noun
伝記	noun
伯母	noun
低下	noun
住まい	noun
住居	noun
体制	noun
体操	noun
体積	noun
体系	noun
何々	noun
何しろ	adverb
何とも	adverb
何分	adverb,noun
余る	verb
余計	adverb,na-adjective
作成	noun
作者	noun
作製	noun
例える	verb
侵入	noun
便所	noun
便箋	noun
係わる	verb
保健	noun
信ずる	verb
修繕	noun
俳句	noun
倉庫	noun
個体	noun
倣う	verb
偉い	adjective,adverb
停止	noun
停車	noun
偶数	noun
傑作	na-adjective,noun
催し	noun
催促	noun
傾く	verb
儀式	noun
儲かる	verb
儲ける	verb
元日	noun
先々月	adverb,noun
先々週	adverb,noun
先祖	noun
先程	adverb,noun
先端	noun
先頭	noun
光線	noun
免税	noun
入れ物	noun
入社	noun
全力	noun
全般	noun
全集	noun
公共	noun
公務	noun
公害	noun
公式	noun
公衆	noun
公表	noun
兵隊	noun
兼ねる	verb
内科	noun
内線	noun
円周	noun
再三	adverb,noun
写生	noun
冠	adverb,noun
冷凍	noun
凍える	verb
凸凹	na-adjective,noun
凹む	verb
出入り	noun
出入り口	noun
出勤	noun
出張	noun
出来上がり	noun
出来上がる	verb
出迎え	noun
出迎える	verb
分布	noun
分数	noun
分解	noun
分量	noun
分類	noun
列島	noun
初旬	adverb,noun
初歩	noun
初級	noun
判事	noun
別々	na-adjective,noun
別荘	noun
利害	noun
制作	noun
刺身	noun
刻む	verb
剃る	verb
削る	verb
削除	noun
前後	adverb,noun
剥がす	verb
副詞	noun
割と	adverb
割り算	noun
割合に	adverb
割引	noun
創作	noun
力強い	adjective
功績	noun
加熱	noun
加速	noun
加速度	noun
助教授	noun
努める	verb
効力	noun
勇ましい	adjective
動作	noun
勘違い	noun
務める	verb
勝手に	adverb
勝敗	noun
勝負	noun
募集	noun
匂う	verb
包丁	noun
包帯	noun
北極	noun
区分	noun
区切る	verb
区域	noun
半島	noun
半径	noun
卑怯	na-adjective,noun
南北	noun
南極	noun
南米	noun
単数	noun
占う	verb
危うい	adjective
厚かましい	adjective
原始	noun
原料	noun
原理	noun
原産	noun
原稿	noun
厳重	na-adjective,noun
反映	noun
叔母	noun
叔父	noun
取り入れる	verb
取り出す	verb
取り消す	verb
受け取り	noun
受け持つ	verb
受話器	noun
受験	noun
口実	noun
口紅	noun
古典	noun
古里	noun
句読点	noun
可愛がる	verb
可決	noun
司会	noun
各々	adverb,noun
各地	noun
各自	adverb,noun
合同	noun
合流	noun
合理	noun
吊る	verb
吊るす	verb
同格	na-adjective,noun
名作	noun
名字	noun
名所	noun
名物	noun
吐き気	noun
吹雪	noun
呆れる	verb
周辺	noun
味わう	verb
呼び出す	verb
呼び掛ける	verb
命ずる	verb
和服	noun
和英	noun
唇	noun
商店	noun
商業	noun
商社	noun
問い合わせ	noun
問答	noun
器具	noun
噴水	noun
噴火	noun
四つ角	noun
四捨五入	noun
四角い	adjective
回り道	noun
回数	noun
回数券	noun
回答	noun
回転	noun
団地	noun
図々しい	adjective
図形	noun
図表	noun
図鑑	noun
固まる	verb
国王	noun
国立	noun
園芸	noun
圧縮	noun
在学	noun
地下水	noun
地名	noun
地帯	noun
地点	noun
地盤	noun
地質	noun
地面	noun
坊さん	noun
坊ちゃん	noun
坊や	noun
垂直	na-adjective,noun
垣根	noun
執筆	noun
基地	noun
基板	noun
基準	noun
基礎	noun
堪える	verb
塊	noun
塞がる	verb
塞ぐ	verb
塩辛	noun
塩辛い	adjective
塵紙	noun
境界	noun
増大	noun
増減	noun
売り上げ	noun
売り切れ	noun
売り切れる	verb
売れ行き	noun
売店	noun
売買	noun
夕刊	noun
夕日	noun
夕立	noun
外科	noun
外部	noun
夜行	noun
夜間	adverb,noun
大して	adverb
大学院	noun
大小	noun
大工	noun
大木	noun
大通り	noun
天皇	noun
太鼓	noun
夫妻	noun
失恋	noun
女の人	noun
女房	noun
好き好き	noun
好き嫌い	noun
妥当	na-adjective,noun
妨げる	verb
始終	adverb,noun
姪	noun
姿勢	noun
威張る	verb
娯楽	noun
嫌がる	verb
子孫	noun
存じる	verb
存ずる	verb
孝行	na-adjective,noun
学会	noun
学力	noun
学年	noun
学科	noun
学級	noun
学術	noun
学部	noun
安易	na-adjective,noun
官庁	noun
定休日	noun
定価	noun
定員	noun
定期券	noun
定規	noun
宛名	noun
実る	verb
実例	noun
実感	noun
実物	noun
実用	noun
実績	noun
実習	noun
客席	noun
客間	noun
宴会	noun
家主	noun
家屋	noun
容積	noun
寒帯	noun
寝台	noun
寝巻き	noun
寝間着	noun
寸法	noun
寺院	noun
対立	noun
対策	noun
寿命	noun
専制	noun
将棋	noun
小便	noun
小学生	noun
小指	noun
小数	noun
小遣い	noun
少なくとも	adverb
尖る	verb
就任	noun
屋外	noun
展開	noun
属する	verb
山林	noun
岬	noun
峠	noun
崩す	verb
崩れる	verb
巡る	verb
巡査	noun
工事	noun
工員	noun
工夫	noun
工芸	noun
差し引き	noun
差し支え	noun
干す	verb
平凡	na-adjective,noun
平日	adverb,noun
平気	na-adjective,noun
平野	noun
年度	noun
幼児	noun
幼稚	na-adjective,noun
幼稚園	noun
幾分	adverb,noun
広々	adverb,na-adjective,noun
広さ	noun
広場	noun
床の間	noun
店屋	noun
座布団	noun
座敷	noun
延長	noun
引き出す	verb
引き分け	noun
引き受ける	verb
引き止める	verb
引き算	noun
引き返す	verb
引っ掛かる	verb
引っ繰り返る	verb
引っ込む	verb
引力	noun
弟子	noun
弱点	noun
張り切る	verb
強化	noun
強引	na-adjective,noun
強気	na-adjective,noun
当てはまる	verb
当てはめる	verb
当日	adverb,noun
当番	noun
形容動詞	noun
形容詞	noun
形式	noun
彫る	verb
彫刻	noun
役人	noun
役所	noun
役目	noun
役者	noun
往復	noun
待ち合わせる	verb
待合室	noun
御中	noun
御無沙汰	noun
循環	noun
心当たり	noun
心得る	verb
心身	noun
必需品	noun
応ずる	verb
応対	noun
応接	noun
応用	noun
快晴	noun
怒鳴る	verb
思いがけない	adjective
思いっきり	adverb,noun
思い切り	adverb,noun
思い込む	verb
怠る	verb
性別	noun
性能	noun
怪しい	adjective
恋しい	adjective
恐縮	noun
恨み	noun
恨む	verb
恩恵	noun
恵まれる	verb
悔やむ	verb
悠々	adverb
惜しい	adjective
意義	noun
感ずる	verb
感激	noun
慌ただしい	adjective
慰める	verb
憎い	adjective
憎む	verb
憎らしい	adjective
憧れる	verb
懐かしい	adjective
懸命	na-adjective,noun
成分	noun
成立	noun
戸棚	noun
扇ぐ	verb
扇子	noun
扇風機	noun
手ごろ	na-adjective,noun
手入れ	noun
手前	noun
手帳	noun
手拭い	noun
手洗い	noun
手続き	noun
手頃	na-adjective,noun
手首	noun
打ち合わせ	noun
打ち消す	verb
払い戻す	verb
払い込む	verb
承る	verb
投書	noun
抽象	noun
担ぐ	verb
拝む	verb
拡充	noun
拡張	noun
持参	noun
指定	noun
挟まる	verb
挟む	verb
振り向く	verb
振舞う	verb
捕える	verb
捕る	verb
捜す	verb
捻る	verb
掘る	verb
掛け算	noun
採る	verb
採点	noun
探る	verb
接する	verb
接続	noun
接近	noun
推定	noun
揉む	verb
換気	noun
損得	noun
摩擦	noun
撫でる	verb
撮影	noun
改めて	adverb
改める	verb
改札	noun
改正	noun
改造	noun
放る	verb
政党	noun
教養	noun
散らかす	verb
散らかる	verb
敬う	verb
敬語	noun
整う	verb
整備	noun
整数	noun
敷く	verb
敷地	noun
文体	noun
文房具	noun
文献	noun
文脈	noun
文芸	noun
斜	na-adjective,noun
斜め	na-adjective,noun
斬る	verb
断定	noun
断水	noun
新幹線	noun
方程式	noun
方角	noun
方言	noun
方針	noun
方面	noun
日にち	noun
日の入り	noun
日の出	noun
日差し	noun
日帰り	noun
日当たり	noun
日時	noun
日用品	noun
日程	noun
日課	noun
日陰	noun
早口	noun
早速	adverb
明々後日	adverb,noun
明け方	adverb,noun
昼寝	noun
時速	noun
時間割	noun
普及	noun
暴れる	verb
曲げる	verb
曲線	noun
更ける	verb
書き取り	noun
書店	noun
書留	noun
書籍	noun
書道	noun
月日	noun
月末	adverb,noun
月給	noun
有料	noun
朗らか	na-adjective
望遠鏡	noun
朝寝坊	noun
木材	noun
未満	adverb,noun
末っ子	noun
本来	adverb,noun
本部	noun
杉	noun
材木	noun
来日	noun
東西	noun
枕	noun
枚数	noun
果たして	adverb
果実	noun
枯れる	verb
架空	noun
栓	noun
校庭	noun
格別	adverb,na-adjective,noun
桁	noun
森林	noun
植木	noun
楕円	noun
概論	noun
構いません	other
構造	noun
標本	noun
標準	noun
標識	noun
機関車	noun
櫛	noun
欄	noun
欧米	noun
欲張り	na-adjective,noun
正味	noun
正方形	noun
正門	noun
正面	na-adjective,noun
武士	noun
歯磨き	noun
歯車	noun
死体	noun
残らず	adverb
段階	noun
殿	noun
毎度	adverb,noun
比較的	adverb
毛皮	noun
毛糸	noun
氏名	noun
民謡	noun
民間	noun
気を付ける	verb
気圧	noun
気配	noun
水分	noun
水平	na-adjective,noun
水平線	noun
水曜	noun
水滴	noun
水産	noun
水着	noun
水筒	noun
水素	noun
水蒸気	noun
水面	noun
汁	noun
油断	noun
法則	noun
洋品店	noun
洒落	na-adjective,noun
洗面	noun
活力	noun
活字	noun
流域	noun
浮かぶ	verb
浮かべる	verb
浮く	verb
浴衣	noun
海水浴	noun
海洋	noun
消化	noun
消極的	na-adjective
消毒	noun
消耗	noun
消防署	noun
液体	noun
涼む	verb
淡水	noun
深夜	adverb,noun
混合	noun
清い	adjective
清掃	noun
清書	noun
温室	noun
温帯	noun
温泉	noun
測定	noun
測量	noun
湯気	noun
湯飲	noun
湯飲み	noun
満員	noun
満点	noun
溜息	noun
溶かす	verb
溶け込む	verb
溶岩	noun
滝	noun
漁師	noun
漁業	noun
演劇	noun
漢和	noun
潜る	verb
潰す	verb
潰れる	verb
激増	noun
濁る	verb
濃度	noun
瀬戸物	noun
火口	noun
火山	noun
灯台	noun
灯油	noun
灰色	noun
災難	noun
炊事	noun
炒る	verb
炭鉱	noun
点々	adverb,na-adjective,noun
点数	noun
為替	noun
無地	noun
無数	na-adjective,noun
無沙汰	noun
無限	na-adjective,noun
焦がす	verb
焦げる	verb
焦点	noun
煎る	verb
煙い	adjective
煙突	noun
照らす	verb
照る	verb
熟語	noun
熱する	verb
爪	noun
父母	noun
片寄る	verb
片道	noun
牧場	noun
牧畜	noun
物差し	noun
物置	noun
物語る	verb
物騒	na-adjective,noun
特売	noun
特定	noun
特殊	na-adjective,noun
特色	noun
狙い	noun
狙う	verb
独り言	noun
献立	noun
率直	na-adjective,noun
王女	noun
現に	adverb
理科	noun
瓦	noun
瓶詰め	noun
甘やかす	verb
甚だしい	adjective
生き生き	adverb,noun
生け花	noun
生ずる	verb
生存	noun
生意気	na-adjective,noun
産地	noun
用語	noun
用途	noun
田んぼ	noun
田植え	noun
申し訳ない	adjective
申請	noun
留まる	verb
留守番	noun
略す	verb
番地	noun
発	noun
発売	noun
発想	noun
発揮	noun
発電	noun
登場	noun
白髪	noun
百科事典	noun
的確	na-adjective,noun
皮肉	na-adjective,noun
皮膚	noun
盆	noun
盆地	noun
盗難	noun
盛る	verb
目下	adverb,noun
目印	noun
目安	noun
目指す	verb
目次	noun
目立つ	verb
目覚まし	noun
直前	adverb,noun
直径	noun
直後	adverb,noun
直流	noun
直線	noun
直角	na-adjective,noun
直通	noun
相互	noun
相撲	noun
相違	noun
看板	noun
看病	noun
県庁	noun
真っ先	noun
真っ暗	na-adjective,noun
真っ白	na-adjective,noun
真っ青	na-adjective,noun
真っ黒	na-adjective,noun
真似る	verb
真空	noun
着々	adverb
着せる	verb
着替え	noun
着替える	verb
睨む	verb
瞳	noun
矛盾	noun
矢印	noun
知人	noun
短所	noun
短期	noun
短編	noun
研修	noun
砕く	verb
砕ける	verb
破く	verb
破片	noun
確率	noun
磁石	noun
社会科学	noun
社説	noun
祖先	noun
祝日	noun
神様	noun
神話	noun
祭る	verb
祭日	noun
私立	noun
私鉄	noun
秤	noun
移転	noun
税関	noun
稽古	noun
空っぽ	na-adjective,noun
空中	noun
空想	noun
突き当たり	noun
突き当たる	verb
突っ込む	verb
窓口	noun
立ち止まる	verb
童話	noun
競馬	noun
竹	noun
符号	noun
筆者	noun
筆記	noun
等分	noun
箇所	noun
箒	noun
算数	noun
粒	noun
粗い	adjective
粗筋	noun
糊	noun
系統	noun
紅葉	noun
純情	na-adjective,noun
純粋	na-adjective,noun
紙屑	noun
紙幣	noun
素人	noun
素直	na-adjective,noun
素質	noun
索引	noun
紫	noun
紺	noun
終了	noun
終点	noun
組み合わせ	noun
組み立てる	verb
経度	noun
絞る	verb
給与	noun
統一	noun
統計	noun
絵の具	noun
絶えず	adverb
継続	noun
続々	adverb
綱	noun
総理大臣	noun
線路	noun
締め切り	noun
締め切る	verb
編み物	noun
編む	verb
編集	noun
緩い	adjective
緯度	noun
縛る	verb
縞	noun
縫う	verb
縮む	verb
縮める	verb
縮れる	verb
縮小	noun
缶詰	noun
羊毛	noun
美容	noun
群れ	noun
羨む	verb
習字	noun
耕す	verb
耕地	noun
職人	noun
職場	noun
肌着	noun
肘	noun
肯定	noun
育児	noun
背負う	verb
能率	noun
脅かす	verb
脱線	noun
腰掛け	noun
腰掛ける	verb
膨らます	verb
膨らむ	verb
膨大	na-adjective,noun
臨時	noun
自ら	adverb,noun
自宅	noun
自治	noun
自然科学	noun
自習	noun
自衛	noun
船便	noun
艶	na-adjective,noun
芯	noun
花嫁	noun
花火	noun
芸能	noun
若々しい	adjective
苦心	noun
苦情	noun
英和	noun
英文	noun
茂る	verb
茶色い	adjective
草履	noun
荒い	adjective
荒れる	verb
落し物	noun
落ち着く	verb
落第	noun
葬式	noun
蒸かす	verb
蒸気	noun
蒸発	noun
蓄える	verb
蓋	noun
薄める	verb
薄暗い	adjective
薬品	noun
薬局	noun
薬指	noun
蘇る	verb
蛇口	noun
蛍光灯	noun
血圧	noun
行ってらっしゃい	other
行事	noun
行列	noun
行方	noun
街角	noun
衣食住	noun
表紙	noun
被せる	verb
裁縫	noun
裏口	noun
裏返す	verb
補う	verb
製作	noun
複写	noun
複数	noun
襖	noun
西暦	noun
要旨	noun
要領	noun
見つめる	verb
見上げる	verb
見下ろす	verb
見出し	noun
見学	noun
見慣れる	verb
見掛け	noun
見本	noun
見直す	verb
見舞う	verb
見送る	verb
規律	noun
規準	noun
親指	noun
親類	noun
観念	noun
観測	noun
角度	noun
解放	noun
解散	noun
解答	noun
解説	noun
言い付ける	verb
言い出す	verb
言付ける	verb
言葉遣い	noun
記号	noun
診断	noun
評論	noun
詫びる	verb
詰まる	verb
話し中	noun
話し合い	noun
話し掛ける	verb
誓う	verb
課税	noun
調味料	noun
調整	noun
調節	noun
論ずる	verb
謙虚	na-adjective,noun
謙遜	na-adjective,noun
講師	noun
警備	noun
貨物	noun
貯蔵	noun
貸出	noun
貸家	noun
貸間	noun
資料	noun
賞金	noun
赤道	noun
起床	noun
超過	noun
足る	verb
足元	noun
足跡	noun
跳ねる	verb
踏切	noun
身分	noun
車庫	noun
車掌	noun
車輪	noun
軟らかい	adjective
転々	adverb,noun
転がす	verb
転がる	verb
輸血	noun
輸送	noun
農村	noun
農産物	noun
農薬	noun
近々	adverb
近付ける	verb
近寄る	verb
迫る	verb
述語	noun
迷信	noun
追いかける	verb
追い越す	verb
追加	noun
退ける	verb
送り仮名	noun
送別	noun
送料	noun
逃がす	verb
逆さ	na-adjective,noun
逆さま	na-adjective,noun
透き通る	verb
透明	na-adjective,noun
這う	verb
通ずる	verb
通り掛かる	verb
通帳	noun
通用	noun
通知	noun
通路	noun
速力	noun
速達	noun
造船	noun
連合	noun
遊園地	noun
運河	noun
過剰	na-adjective,noun
過半数	noun
過失	noun
道順	noun
遠足	noun
遡る	verb
適確	na-adjective,noun
部品	noun
部首	noun
郵送	noun
都心	noun
配る	verb
酒場	noun
酔っ払い	noun
醜い	adjective
重たい	adjective
重力	noun
重役	noun
重点	noun
重量	noun
金魚	noun
釘	noun
釜	noun
針路	noun
針金	noun
釣り合う	verb
鈍い	adjective
鈴	noun
鉄橋	noun
鉄砲	noun
鉢	noun
鉱物	noun
銅	noun
錆	noun
錆びる	verb
録音	noun
鑑賞	noun
長女	noun
長引く	verb
長所	noun
長方形	noun
長男	noun
長短	noun
閉会	noun
開会	noun
開放	noun
開通	noun
間接	noun
関東	noun
関西	noun
防止	noun
防犯	noun
附属	noun
限り	adverb,noun
限度	noun
険しい	adjective
随筆	noun
隔てる	verb
隙	noun
隙間	noun
障子	noun
集会	noun
集合	noun
集金	noun
雑巾	noun
雑音	noun
雨戸	noun
零点	noun
電力	noun
電柱	noun
電池	noun
電波	na-adjective,noun
電流	noun
電球	noun
青少年	noun
青白い	adjective
静まる	verb
面倒くさい	adjective
面積	noun
響き	noun
響く	verb
頂点	noun
項目	noun
順々	adverb,noun
順序	noun
領事	noun
領収	noun
頭脳	noun
頼もしい	adjective
顕微鏡	noun
風呂敷	noun
風船	noun
飛び込む	verb
食器	noun
食塩	noun
飢える	verb
飢饉	noun
餅	noun
養分	noun
香水	noun
騒々しい	adjective
騒がしい	adjective
驚かす	verb
高層	noun
高度	na-adjective,noun
高等	na-adjective,noun
高級	na-adjective,noun
麓	noun
あえて	adverb
あくどい	adjective
あざ	noun
あしからず	adverb
あっけない	adjective
あっさり	adverb,noun
あつらえる	verb
あべこべ	na-adjective,noun
あやふや	na-adjective
あらかじめ	adverb
あられ	noun
ありのまま	adverb,noun
ありふれる	verb
いい加減	adverb,na-adjective
いかに	adverb
いかにも	adverb
いざ	adverb
いじる	verb
いたって	adverb
いたわる	verb
いっそ	adverb
いびき	noun
いまだ	adverb,na-adjective
いやいや	adverb,noun
いやに	adverb
いやらしい	adjective
うたた寝	noun
うちわ	na-adjective,noun
うっとうしい	adjective
うつむく	verb
うぬぼれ	noun
うんざり	adverb,noun
おいて	noun
おおげさ	na-adjective
おだてる	verb
おっかない	adjective
おどおど	adverb,noun
おのずから	adverb
おびただしい	adjective
おまけ	noun
おむつ	noun
おろそか	na-adjective
おんぶ	noun
お世辞	noun
お使い	noun
お供	noun
お宮	noun
お手上げ	noun
お産	noun
お袋	noun
かかと	noun
かけっこ	noun
かさばる	verb
かさむ	verb
かすか	na-adjective
かする	verb
かたわら	adverb,noun
かつ	adverb,noun,verb
かつて	adverb,noun
かなづち	noun
かなわない	adjective
かねて	adverb,noun
かばう	verb
かぶれる	verb
かりに	adverb
かろうじて	adverb
がっくり	adverb,noun
がっしり	adverb,noun
がっちり	adverb,noun
きざ	na-adjective,noun
きしむ	verb
きちっと	adverb,noun
きっかり	adverb
きっちり	adverb,noun
きっぱり	adverb,noun
きまりわるい	adjective
きらびやか	na-adjective
くぐる	verb
くじびき	noun
くすぐったい	adjective
くちばし	noun
くっきり	adverb,noun
ぐっと	adverb
けがらわしい	adjective
けなす	verb
げっそり	adverb,noun
こじれる	verb
こたつ	noun
こだわる	verb
ことごとく	adverb
ごまかす	verb
さえずる	verb
さっと	adverb
さほど	adverb
さも	adverb
しかしながら	adverb
しきたり	noun
しくじる	verb
しつけ	noun
しつける	verb
しとやか	na-adjective
しなびる	verb
しなやか	na-adjective
しぶとい	adjective
しょっちゅう	adverb
じっくり	adverb
じゃり	noun
すがすがしい	adjective
すすぐ	verb
すばしこい	adjective
すみやか	na-adjective
すれちがい	noun
すんなり	adverb,noun
ずばり	adverb
ずぶぬれ	noun
ずらっと	adverb
ずるずる	adverb,na-adjective
ずれ	noun
せがれ	noun
そこら	noun
そっけない	adjective
そっぽ	noun
そびえる	verb
そらす	verb
それゆえ	other
ぞんざい	na-adjective
たくましい	adjective
たどる	verb
たやすい	adjective
たるみ	noun
たるむ	verb
だったら	other
だぶだぶ	adverb,na-adjective,noun
だるい	adjective
ちくしょう	noun
ちやほや	adverb,noun
ちょくちょく	adverb
ちらっと	adverb
ちりとり	noun
つかの間	noun
つくづく	adverb
つっつく	verb
つねる	verb
つぶやく	verb
つぶら	na-adjective
つぼ	noun
てっきり	adverb
てっぺん	noun
てんで	adverb
でかい	adjective
できもの	noun
とうてい	adverb
とかく	adverb,noun
とがめる	verb
とぎれる	verb
とっさに	adverb
とって	noun
とぼける	verb
とりあえず	adverb
とろける	verb
とんだ	adverb
どうにか	adverb,noun
どうやら	adverb
ないし	noun
なおさら	adverb
なじる	verb
なつく	verb
なにとぞ	adverb
なにより	adverb,noun
なめる	verb
なるたけ	adverb
なんだか	adverb
なんだかんだ	adverb
なんなり	adverb
にきび	noun
にもかかわらず	other
ねじまわし	noun
ねだる	verb
のどか	na-adjective
はかどる	verb
はかない	adjective
はげる	verb
はだし	noun
はちみつ	noun
はまる	verb
はらはら	adverb,noun
はるか	adverb,na-adjective
ばい菌	noun
ばかばかしい	adjective
ばてる	verb
ばらまく	verb
ひいては	adverb
ひたすら	adverb,na-adjective
ひところ	adverb,noun
ひな	noun
ひな祭り	noun
ひょっと	adverb,noun
びっしょり	adverb,na-adjective
びら	noun
びり	noun
ふける	verb
ふさわしい	adjective
ふらふら	adverb,na-adjective,noun
ふんだん	na-adjective
ぶかぶか	adverb,na-adjective,noun
ぶらぶら	adverb,na-adjective,noun
へりくだる	verb
ぺこぺこ	adverb,na-adjective,noun
ほころびる	verb
ほっぺた	noun
ほとり	noun
ぼける	verb
ぼつぼつ	adverb,noun
ぼやく	verb
ぼやける	verb
まかなう	verb
まごつく	verb
まさしく	adverb
まして	adverb
まちまち	na-adjective,noun
まと	noun
まとまり	noun
まとめ	noun
まるっきり	adverb
みすぼらしい	adjective
みなす	verb
むしる	verb
むちゃくちゃ	adverb,na-adjective,noun
むやみに	adverb
むら	na-adjective,noun
めど	noun
もがく	verb
もしかして	adverb
もしくは	other
もたらす	verb
もっぱら	adverb,noun
もてなす	verb
もてる	noun,verb
もはや	adverb
もめる	verb
もろい	adjective
もろに	adverb
やけに	adverb
やつ	noun
ややこしい	adjective
やりとおす	verb
やりとげる	verb
ゆえ	noun
ゆすぐ	verb
ゆとり	noun
よし	adverb,noun
よほど	adverb,na-adjective,noun
ろくな	other
わざわざ	adverb
わら	noun
アクセル	noun
アプローチ	noun
アマチュア	noun
アラブ	noun
アルカリ	noun
アルミ	noun
アワー	noun
アンコール	noun
イェス	other
インターチェンジ	noun
インターナショナル	na-adjective,noun
インターフォン	noun
インテリ	noun
インフォメーション	noun
インフレ	noun
エアメール	noun
エレガント	na-adjective
エンジニア	noun
オス	noun
オリエンテーション	noun
オンライン	noun
オートマチック	na-adjective,noun
カクテル	noun
カット	noun
カテゴリー	noun
カムバック	noun
カメラマン	noun
カルテ	noun
カンニング	noun
カーペット	noun
ガイド	noun
ガイドブック	noun
ガレージ	noun
キャッチ	noun
キャリア	noun
クイズ	noun
クレーン	noun
グレー	noun
ゲスト	noun
コマーシャル	noun
コメント	noun
コントラスト	noun
コントロール	noun
コンパス	noun
コーナー	noun
サイクル	noun
サイズ	noun
サボる	verb
サンキュー	other
サンタクロース	noun
システム	noun
シック	na-adjective,noun
シナリオ	noun
ショー	noun
シート	noun
ジャズ	noun
ジャンパー	noun
ジャンプ	noun
ジャンボ	na-adjective,noun
ジャンル	noun
ジーパン	noun
スタジオ	noun
スチーム	noun
スト	noun
ストライキ	noun
ストロボ	noun
ストロー	noun
スプリング	noun
スペース	noun
スポーツカー	noun
スラックス	noun
セクション	noun
セックス	noun
セレモニー	noun
センス	noun
セール	noun
ゼリー	noun
ソックス	noun
ソロ	noun
ソース	noun
タイピスト	noun
タイマー	noun
タイミング	noun
タイム	noun
タイムリー	na-adjective,noun
タイル	noun
タレント	noun
タワー	noun
ダンプ	noun
ダース	noun
チェンジ	noun
チャンネル	noun
チームワーク	noun
ティシュペーパー	noun
テレックス	noun
デコレーション	noun
デッサン	noun
デモンストレーション	noun
トラブル	noun
トランジスター	noun
トーン	noun
ドライ	na-adjective,noun
ドライクリーニング	noun
ドライバー	noun
ドライブイン	noun
ドリル	noun
ナイター	noun
ナプキン	noun
ナンセンス	na-adjective,noun
ニュアンス	noun
ニュー	noun
ネガ	na-adjective,noun
ノイローゼ	noun
ハンガー	noun
バッジ	noun
バッテリー	noun
バット	noun
バー	noun
パジャマ	noun
パチンコ	noun
パトカー	noun
パンク	noun
パート	noun
ヒント	noun
ビジネス	noun
ビールス	noun
ファイト	noun
ファイル	noun
ファン	noun
フィルタ	noun
フォーム	noun
フロント	noun
ブザー	noun
ブル	noun
ブーツ	noun
ブーム	noun
ベスト	na-adjective,noun
ベストセラー	noun
ベース	noun
ペア	noun
ホース	noun
ホール	noun
ボイコット	noun
ボルト	noun
ポイント	noun
ポジション	noun
ポット	noun
ポンプ	noun
ポーズ	noun
マイクロフォン	noun
マーク	noun
ミスプリント	noun
ミセス	noun
ミュージック	noun
ムード	noun
メス	noun
メディア	noun
メロディー	noun
メーカー	noun
モニター	noun
モーテル	noun
ヤング	noun
ユニフォーム	noun
ユニーク	na-adjective
ライス	noun
ランプ	noun
リード	noun
ルーズ	na-adjective
レギュラー	noun
レッスン	noun
レディー	noun
レバー	noun
レンジ	noun
レンタカー	noun
レントゲン	noun
レース	noun
ロマンチック	na-adjective
ロープ	noun
ロープウエイ	noun
ワット	noun
一切	adverb,noun
一別	noun
一同	noun
一変	noun
一律	adverb,na-adjective,noun
一心	adverb,noun
一息	noun
一括	noun
一挙に	adverb
一概に	adverb
一様	na-adjective,noun
一気	noun
一目	noun
一筋	na-adjective,noun
一見	adverb,noun
一連	noun
一部分	noun
一面	adverb,noun
万人	noun
万能	noun
丈	noun
三味線	noun
上がり	noun
上位	noun
上回る	verb
上昇	noun
上演	noun
上空	noun
上陸	noun
下取り	noun
下地	noun
下心	noun
下火	noun
下痢	noun
下調べ	noun
不動産	noun
不可欠	na-adjective,noun
不吉	na-adjective,noun
不在	noun
不審	na-adjective,noun
不当	na-adjective,noun
不意	na-adjective,noun
不振	na-adjective,noun
不明	na-adjective,noun
不景気	na-adjective,noun
不服	na-adjective,noun
不況	noun
不良	na-adjective,noun
不評	noun
不調	na-adjective,noun
不順	na-adjective,noun
与党	noun
世代	noun
世帯	noun
世論	noun
世辞	noun
両極	noun
両立	noun
並びに	other
並列	noun
中傷	noun
中和	noun
中断	noun
中枢	noun
中毒	noun
中程	noun
中立	noun
中継	noun
中腹	noun
丸々	adverb,noun
丸ごと	adverb
丸める	verb
主	na-adjective,noun
主人公	noun
主任	noun
主体	noun
主催	noun
主導	noun
主権	noun
主演	noun
主観	noun
主題	noun
主食	noun
久しい	adjective
乏しい	adjective
乗っ取る	verb
乗り込む	verb
乙	na-adjective,noun
乱す	verb
乱れる	verb
乳	noun
了承	noun
了解	noun
予感	noun
予言	noun
争い	noun
事前	noun
事柄	noun
事業	noun
事項	noun
云々	noun
交える	verb
交わす	verb
交わる	verb
交互	noun
交付	noun
交渉	noun
人体	noun
人影	noun
人材	noun
人柄	na-adjective,noun
人格	noun
人民	noun
人目	noun
人質	noun
今更	adverb
介入	noun
介抱	noun
介護	noun
仏像	noun
仕える	verb
仕上がり	noun
仕上げ	noun
仕上げる	verb
仕入れる	verb
仕切る	verb
仕掛け	noun
仕掛ける	verb
仕立てる	verb
仕組み	noun
他動詞	noun
他方	noun
付け加える	verb
付録	noun
代わる代わる	adverb
代弁	noun
代用	noun
仰ぐ	verb
仲人	noun
任す	verb
任務	noun
任命	noun
企画	noun
休める	verb
休学	noun
休戦	noun
会見	noun
会談	noun
伝来	noun
伝説	noun
伝達	noun
伴う	verb
似通う	verb
体付き	noun
体力	noun
体格	noun
体裁	noun
体験	noun
何気ない	adjective
余地	noun
余所見	noun
余暇	noun
余興	noun
作り	noun
作戦	noun
作用	noun
使い道	noun
使命	noun
使用人	noun
侍	noun
依存	noun
侮辱	noun
侵す	verb
侵略	noun
便宜	noun
促す	verb
促進	noun
保つ	verb
保守	noun
保温	noun
保管	noun
保育	noun
保険	noun
保養	noun
信任	noun
信者	noun
修士	noun
修学	noun
修行	noun
俺	noun
個別	noun
個性	noun
倍率	noun
値する	verb
値引き	noun
値打ち	na-adjective,noun
倹約	na-adjective,noun
偏見	noun
停滞	noun
健やか	na-adjective,noun
健全	na-adjective,noun
健在	na-adjective,noun
側面	noun
偽物	noun
偽造	noun
備え付ける	verb
備わる	verb
催す	verb
傷付く	verb
傷付ける	verb
傾ける	verb
傾斜	noun
優位	na-adjective,noun
優先	noun
優勢	na-adjective,noun
優美	na-adjective,noun
優越	noun
元年	noun
元来	adverb
元素	noun
元首	noun
充実	noun
兆	noun
先だって	adverb,noun
先代	noun
先天的	na-adjective
先着	noun
光沢	noun
光熱費	noun
免れる	verb
免除	noun
入手	noun
入浴	noun
入賞	noun
全快	noun
全滅	noun
全盛	noun
公	noun
公募	noun
公団	noun
公然	adverb,noun
公用	noun
公立	noun
公認	noun
共働き	noun
共和	noun
共存	noun
共学	noun
共感	noun
共稼ぎ	noun
共鳴	noun
兵器	noun
兵士	noun
具わる	verb
兼業	noun
兼用	noun
内乱	noun
内心	adverb,noun
内緒	noun
内蔵	noun
内訳	noun
内部	noun
内閣	noun
内陸	noun
円満	na-adjective,noun
円滑	na-adjective
再会	noun
再建	noun
再現	noun
再生	noun
再発	noun
冒頭	noun
写し	noun
冬眠	noun
冴える	verb
冷やかす	verb
冷淡	na-adjective,noun
冷蔵	noun
冷酷	na-adjective,noun
凌ぐ	verb
凝らす	verb
凝る	verb
几帳面	na-adjective,noun
処分	noun
処置	noun
処罰	noun
凶作	noun
出くわす	verb
出世	noun
出動	noun
出品	noun
出演	noun
出現	noun
出生	noun
出産	noun
出直し	noun
出社	noun
出血	noun
出費	noun
出題	noun
刃	noun
分子	noun
分担	noun
分散	noun
分業	noun
分母	noun
分裂	noun
分配	noun
分離	noun
切ない	adjective
切り替え	noun
切れ目	noun
切実	na-adjective,noun
切開	noun
刑罰	noun
初版	noun
初耳	noun
判定	noun
判決	noun
利子	noun
利息	noun
利潤	noun
利点	noun
到達	noun
制する	verb
制定	noun
制服	noun
制約	noun
制裁	noun
刺繍	noun
削減	noun
前例	noun
前売り	noun
前提	noun
前置き	noun
前途	noun
剥ぐ	verb
副	noun
割り当て	noun
割り込む	verb
創刊	noun
創立	noun
劇団	noun
加入	noun
加工	noun
助け	noun
助動詞	noun
助言	noun
努めて	adverb
励ます	verb
励む	verb
労力	noun
効き目	noun
効率	noun
勇敢	na-adjective,noun
動き	noun
動力	noun
動向	noun
動員	noun
動機	noun
動的	na-adjective
勘弁	noun
務まる	verb
勝る	verb
勝利	noun
勝手	na-adjective,noun
募る	verb
募金	noun
勢力	noun
勤め先	noun
勤労	noun
勤勉	na-adjective,noun
勤務	noun
勧告	noun
勧誘	noun
化ける	verb
化合	noun
化石	noun
化繊	noun
匹敵	noun
区切り	noun
区画	noun
区間	noun
十字路	noun
半端	na-adjective,noun
卑しい	adjective
協会	noun
協定	noun
単一	na-adjective,noun
単独	na-adjective,noun
単調	na-adjective,noun
占領	noun
印鑑	noun
危ぶむ	verb
危害	noun
危機	noun
即する	verb
即座に	adverb
原っぱ	noun
原作	noun
原典	noun
原則	adverb,noun
原型	noun
原子	noun
原形	noun
原文	noun
原書	noun
原油	noun
原点	noun
原爆	noun
厳か	na-adjective,noun
厳密	na-adjective
参上	noun
参照	noun
参議院	noun
及び	other
及ぶ	verb
反する	verb
反乱	noun
反射	noun
反応	noun
反感	noun
反撃	noun
反発	noun
反響	noun
収まる	verb
収容	noun
収支	noun
収益	noun
収集	noun
取り付ける	verb
取り寄せる	verb
取り巻く	verb
取り戻す	verb
取り扱い	noun
取り扱う	verb
取り替え	noun
取り次ぐ	verb
取り混ぜる	verb
取り立てる	verb
取り組む	verb
取り締まり	noun
取り締まる	verb
取り調べる	verb
取り除く	verb
取引	noun
取材	noun
受かる	verb
受け付ける	verb
受け入れ	noun
受け入れる	verb
受け持ち	noun
受け止める	verb
受け継ぐ	verb
受身	na-adjective,noun
口ずさむ	verb
口述	noun
口頭	noun
古代	noun
叫び	noun
召す	verb
台本	noun
台無し	na-adjective,noun
叶う	verb
叶える	verb
司る	verb
司法	noun
各種	noun
合わす	verb
合併	noun
合唱	noun
合意	noun
合成	noun
合致	noun
合議	noun
合間	noun
吊り革	noun
同い年	noun
同封	noun
同居	noun
同情	noun
同意	noun
同感	noun
同盟	noun
同等	na-adjective,noun
同級	noun
同調	noun
名付ける	verb
名札	noun
名残	noun
名産	noun
名称	noun
名簿	noun
名誉	na-adjective,noun
名高い	adjective
向上	noun
君主	noun
吟味	noun
否決	noun
吹奏	noun
呆然	adverb
告げる	verb
告白	noun
周期	noun
味わい	noun
味覚	noun
呼び止める	verb
命中	noun
和やか	na-adjective
和らげる	verb
和文	noun
品種	noun
品質	noun
唱える	verb
唾	noun
問い合わせる	verb
問屋	noun
善し悪し	noun
善良	na-adjective,noun
喜劇	noun
営む	verb
嗜好	noun
嘆く	verb
嘘つき	noun
嘲笑う	verb
噛み切る	verb
器	noun
噴出	noun
回収	noun
回覧	noun
回路	noun
回送	noun
団結	noun
固める	verb
固定	noun
固有	na-adjective,noun
国交	noun
国定	noun
国有	noun
国産	noun
国連	noun
国防	noun
土俵	noun
土台	adverb,noun
土手	noun
土木	noun
圧倒	noun
圧力	noun
圧迫	noun
在庫	noun
地主	noun
地元	noun
地形	noun
地獄	noun
均衡	noun
垂れる	verb
垢	noun
埋め込む	verb
埋蔵	noun
城下	noun
執着	noun
基金	noun
堂々	adverb
堤防	noun
報じる	verb
報ずる	verb
報道	noun
報酬	noun
塵	noun
塾	noun
境遇	noun
墓地	noun
増強	noun
増進	noun
墜落	noun
壮大	na-adjective,noun
売り出し	noun
売り出す	verb
変動	noun
変遷	noun
変革	noun
夕暮れ	noun
夕焼け	noun
外来	noun
外相	noun
外観	noun
外貨	noun
多忙	na-adjective,noun
多数決	noun
多様	na-adjective,noun
夜具	noun
夜更かし	noun
夜更け	noun
大便	noun
大幅	na-adjective,noun
大方	adverb,noun
大柄	na-adjective,noun
大概	adverb,noun
大水	noun
大空	noun
大筋	noun
大胆	na-adjective,noun
大衆	noun
大部	adverb,noun
大金	noun
天	noun
天下	noun
天体	noun
天国	noun
天地	noun
天才	noun
天災	noun
失格	noun
失脚	noun
失調	noun
奉る	verb
奉仕	noun
奨励	noun
奮闘	noun
好ましい	adjective
好意	noun
好況	noun
好評	na-adjective,noun
好調	na-adjective,noun
妊娠	noun
妥協	noun
妥結	noun
妨害	noun
妬む	verb
始末	na-adjective,noun
始発	noun
委託	noun
威力	noun
婉曲	na-adjective,noun
婿	noun
嫉妬	noun
子息	noun
存続	noun
孤児	noun
孤独	na-adjective,noun
孤立	noun
学士	noun
学芸	noun
学説	noun
守備	noun
守衛	noun
安っぽい	adjective
安静	na-adjective,noun
完璧	na-adjective,noun
宙返り	noun
定まる	verb
定める	verb
定年	noun
定義	noun
定食	noun
実家	noun
実態	noun
実業家	noun
実費	noun
実践	noun
客観	noun
宣教	noun
宣言	noun
宮殿	noun
害する	verb
家出	noun
家来	noun
家畜	noun
家計	noun
宿命	noun
寄り掛かる	verb
寄与	noun
寄贈	noun
密か	na-adjective
密度	noun
密接	na-adjective,noun
密集	noun
富	noun
富む	verb
富豪	noun
寒気	noun
寛容	na-adjective,noun
寝かせる	verb
察する	verb
審査	noun
審議	noun
対処	noun
対応	noun
対抗	noun
対比	noun
対決	noun
対等	na-adjective,noun
対話	noun
対談	noun
対面	noun
封	noun
封建	noun
封鎖	noun
専修	noun
専用	noun
尊い	adjective
尊ぶ	verb
導く	verb
導入	noun
小児科	noun
小切手	noun
小売	noun
小柄	na-adjective,noun
就業	noun
尽きる	verb
尽くす	verb
尿	noun
局限	noun
居住	noun
屈折	noun
届	noun
屋敷	noun
屎尿	noun
展望	noun
展示	noun
履歴	noun
山岳	noun
山脈	noun
山腹	noun
岩石	noun
峰	noun
崇拝	noun
崖	noun
崩壊	noun
工作	noun
工学	noun
左利き	noun
巧み	na-adjective,noun
巧妙	na-adjective,noun
差し出す	verb
差し掛かる	verb
差し支える	verb
差額	noun
布告	noun
布巾	noun
帯びる	verb
帰京	noun
干し物	noun
干渉	noun
平たい	adjective
平常	noun
平方	noun
年号	noun
年賀	noun
年輪	noun
年長	na-adjective,noun
年頃	adverb,noun
幹	noun
幹線	noun
幹部	noun
幽霊	noun
幾多	adverb,noun
度忘れ	noun
座標	noun
座談会	noun
庶務	noun
庶民	noun
廃棄	noun
廃止	noun
延べ	noun
建前	noun
弁償	noun
弁解	noun
弁論	noun
弁護	noun
式場	noun
弓	noun
引きずる	verb
引き上げる	verb
引き下げる	verb
引き取る	verb
引き起こす	verb
引っ掻く	verb
弱	noun
弱る	verb
張り紙	noun
強	noun
強いて	adverb
強いる	verb
強制	noun
強烈	na-adjective,noun
強硬	na-adjective,noun
強行	noun
弾む	verb
弾力	noun
当て	noun
当て字	noun
当人	noun
当選	noun
形勢	noun
形成	noun
役場	noun
役職	noun
往診	noun
征服	noun
待ち合わせ	noun
待ち望む	verb
待ち遠しい	adjective
待望	noun
待遇	noun
後回し	noun
後退	noun
徐行	noun
徒歩	noun
従事	noun
従来	adverb,noun
従業員	noun
得点	noun
復旧	noun
復活	noun
復興	noun
微塵	noun
微笑	noun
微量	na-adjective,noun
徴収	noun
徹する	verb
心中	noun
心地	noun
心強い	adjective
心得	noun
心情	noun
心掛け	noun
心掛ける	verb
心細い	adjective
必修	noun
必然	na-adjective,noun
志	noun
志す	verb
志向	noun
応募	noun
応急	noun
忠告	noun
快い	adjective
念	noun
念願	noun
思い付き	noun
思考	noun
怠慢	na-adjective,noun
急かす	verb
怪獣	noun
怯える	verb
恋する	verb
恋愛	noun
恐れ	noun
恐れ入る	verb
恥	noun
恥じらう	verb
恥じる	verb
恵み	noun
恵む	verb
悟る	verb
悩ましい	adjective
悩ます	verb
悩み	noun
悪化	noun
悪者	noun
悲惨	na-adjective,noun
悲観	noun
悲鳴	noun
情け	noun
情けない	adjective
情け深い	adjective
情勢	noun
情熱	noun
情緒	noun
惑星	noun
惜しむ	verb
意向	noun
意図	noun
意欲	noun
意気込む	verb
愚か	na-adjective
愚痴	na-adjective,noun
愛想	noun
感度	noun
感染	noun
感無量	na-adjective,noun
感触	noun
態勢	noun
慕う	verb
慣れ	noun
慣例	noun
慣習	noun
憂鬱	na-adjective,noun
憎しみ	noun
憤慨	noun
憧れ	noun
懲りる	verb
懸賞	noun
成り立つ	verb
成果	noun
成熟	noun
成育	noun
我	noun
戦力	noun
戦災	noun
戦術	noun
戦闘	noun
戯曲	noun
戸籍	noun
戸締まり	noun
所在	noun
所定	noun
所属	noun
所得	noun
所持	noun
所有	noun
扉	noun
手元	adverb,noun
手分け	noun
手回し	noun
手引き	noun
手当	noun
手掛かり	noun
手掛ける	verb
手数	noun
手本	noun
手法	noun
手筈	noun
手芸	noun
手軽	na-adjective,noun
手近	na-adjective,noun
手遅れ	noun
手配	noun
手錠	noun
手際	noun
手順	noun
打ち切る	verb
打ち明ける	verb
打ち消し	noun
打ち込む	verb
打撃	noun
打開	noun
扱い	noun
扶養	noun
承諾	noun
技	noun
技能	noun
把握	noun
抑制	noun
抑圧	noun
投げ出す	verb
投入	noun
投資	noun
抗争	noun
抗議	noun
折	adverb,noun
折り返す	verb
折衷	noun
抜かす	verb
抜け出す	verb
抱っこ	noun
押し切る	verb
押し寄せる	verb
押し込む	verb
抽選	noun
担う	verb
担架	noun
拒否	noun
拒絶	noun
招き	noun
拝借	noun
拝啓	noun
拡散	noun
持ち切り	noun
持続	noun
指令	noun
指図	noun
指差す	verb
指摘	noun
挑む	verb
振り出し	noun
振り返る	verb
振動	noun
捕獲	noun
捕虜	noun
捕鯨	noun
捜索	noun
捧げる	verb
捩れる	verb
据える	verb
据え付ける	verb
授ける	verb
掌	noun
排水	noun
排除	noun
採択	noun
採掘	noun
採決	noun
採用	noun
採算	noun
探検	noun
接続詞	noun
接触	noun
控える	verb
控え室	noun
控除	noun
推測	noun
推理	noun
推進	noun
措置	noun
掲げる	verb
掲載	noun
掻き回す	verb
揃い	noun
描写	noun
提供	noun
提携	noun
提示	noun
換算	noun
揺さぶる	verb
揺らぐ	verb
損なう	verb
損失	noun
携わる	verb
摩する	verb
操る	verb
擦れる	verb
支持	noun
改まる	verb
改修	noun
改定	noun
改悪	noun
改良	noun
改訂	noun
改革	noun
攻め	noun
放り出す	verb
放り込む	verb
放出	noun
放射	noun
放射能	noun
放置	noun
政権	noun
政策	noun
敏感	na-adjective,noun
救い	noun
救援	noun
救済	noun
敗北	noun
敗戦	noun
教材	noun
教科	noun
教習	noun
教職	noun
教訓	noun
敬具	noun
数詞	noun
整える	verb
整列	noun
整然	adverb
文化財	noun
文書	noun
文語	noun
斜面	noun
斡旋	noun
断然	adverb
断言	noun
断面	noun
新人	noun
新入生	noun
新婚	noun
新築	noun
方式	noun
方策	noun
施す	verb
施行	noun
施設	noun
旅券	noun
旅客	noun
既婚	noun
日の丸	noun
日取り	noun
日向	noun
日夜	adverb,noun
日焼け	noun
日頃	adverb,noun
旦那	noun
旧知	noun
早める	verb
早急	na-adjective,noun
昆虫	noun
昇進	noun
明かす	verb
明朗	na-adjective
明白	na-adjective,noun
明瞭	na-adjective,noun
星座	noun
映像	noun
映写	noun
是正	noun
昼飯	noun
時刻表	noun
時差	noun
時折	adverb
晩年	noun
普遍	noun
晴天	noun
暗殺	noun
暗示	noun
暗算	noun
暦	noun
暴力	noun
暴動	noun
暴露	noun
暴風	noun
書き取る	verb
書評	noun
最善	noun
月並み	na-adjective,noun
月謝	noun
月賦	noun
有する	verb
有力	na-adjective,noun
有望	na-adjective,noun
有様	noun
有益	na-adjective,noun
朗読	noun
望ましい	adjective
期日	noun
期末	noun
未婚	noun
未定	na-adjective,noun
未熟	na-adjective,noun
未知	noun
未練	na-adjective,noun
未開	noun
末期	noun
本体	noun
本名	noun
本国	noun
本場	noun
本文	noun
本格	noun
本気	na-adjective,noun
本能	noun
本質	noun
本音	noun
本館	noun
朽ちる	verb
杖	noun
束ねる	verb
束縛	noun
条約	noun
来場	noun
杯	noun
林業	noun
果たす	verb
果て	noun
果てる	verb
染まる	verb
染みる	verb
染める	verb
柔軟	na-adjective,noun
栄える	verb
株式	noun
根回し	noun
根底	noun
根拠	noun
根本	noun
根気	noun
格差	noun
栽培	noun
案じる	verb
案の定	adverb
桟橋	noun
梅干し	noun
梢	noun
棄権	noun
植わる	verb
植民地	noun
検事	noun
業務	noun
業績	noun
業者	noun
極めて	adverb
極楽	noun
極端	na-adjective,noun
楽観	noun
楽譜	noun
概念	noun
概略	adverb,noun
概説	noun
構える	verb
構想	noun
様	noun
様式	noun
様相	noun
標語	noun
模倣	noun
模型	noun
模範	noun
模索	noun
権力	noun
権威	noun
権限	noun
横綱	noun
樹木	noun
樹立	noun
橋渡し	noun
檻	noun
欠乏	noun
欲	noun
欲望	noun
欲深い	adjective
欺く	verb
正常	na-adjective,noun
正当	na-adjective,noun
正義	noun
正解	noun
武力	noun
武装	noun
歩み	noun
歩む	verb
歪む	verb
歯科	noun
死刑	noun
殊に	adverb
残酷	na-adjective,noun
残金	noun
残高	noun
殺人	noun
殿様	noun
母国	noun
母校	noun
比例	noun
比率	noun
比重	noun
民俗	noun
民宿	noun
民族	noun
気まぐれ	na-adjective,noun
気兼ね	noun
気品	noun
気流	noun
気立て	noun
気象	noun
気質	noun
気軽	na-adjective,noun
気風	noun
水気	noun
水源	noun
水田	noun
氾濫	noun
汚れ	noun
決	noun
決勝	noun
決意	noun
決断	noun
決算	noun
決議	noun
汽船	noun
沈める	verb
沈殿	noun
沈没	noun
沈黙	noun
没収	noun
没落	noun
河川	noun
沸騰	noun
油絵	noun
治まる	verb
治安	noun
沼	noun
沿岸	noun
沿線	noun
法学	noun
法廷	noun
法案	noun
洋風	na-adjective,noun
洒落る	verb
津波	noun
洪水	noun
活発	na-adjective,noun
派遣	noun
流し	noun
流通	noun
浅ましい	adjective
浜	noun
浜辺	noun
浪費	noun
浮力	noun
浮気	na-adjective,noun
浴室	noun
海峡	noun
海抜	noun
海流	noun
海路	adverb,noun
海運	noun
浸す	verb
消去	noun
消息	noun
液	noun
混同	noun
混血	noun
添える	verb
清ます	verb
清らか	na-adjective
清濁	noun
清純	na-adjective,noun
済ます	verb
渚	noun
渡り鳥	noun
温和	na-adjective,noun
湿気る	verb
満たす	verb
満場	noun
満月	noun
源	noun
準じる	verb
準急	noun
溜まり	noun
溝	noun
溶液	noun
滅びる	verb
滅ぼす	verb
滅亡	noun
滑らか	na-adjective
滑稽	na-adjective,noun
滞る	verb
滞納	noun
滲む	verb
漁村	noun
漁船	noun
漂う	verb
漏らす	verb
漏る	verb
漏れる	verb
演じる	verb
演ずる	verb
演出	noun
漠然	adverb
漢語	noun
潜入	noun
潜水	noun
潤う	verb
潮	noun
澄ます	verb
激励	noun
濫用	noun
灌漑	noun
火星	noun
火花	noun
災害	noun
炭素	noun
点検	noun
点線	noun
焚き火	noun
無効	na-adjective,noun
無口	na-adjective,noun
無念	na-adjective,noun
無意味	na-adjective,noun
無断	noun
無用	na-adjective,noun
無知	na-adjective,noun
無礼	na-adjective,noun
無線	noun
無能	na-adjective,noun
無茶	adverb,na-adjective,noun
無言	noun
無論	adverb
無邪気	na-adjective,noun
無難	na-adjective,noun
無駄遣い	noun
焦げ茶	noun
焦る	verb
煙たい	adjective
煙る	verb
照り返す	verb
照合	noun
煩わしい	adjective
熱意	noun
熱湯	noun
熱量	noun
燃料	noun
燃焼	noun
爆弾	noun
爆破	noun
片言	noun
版画	noun
牧師	noun
物体	noun
物好き	na-adjective,noun
物議	noun
物資	noun
物足りない	adjective
特技	noun
特有	na-adjective,noun
特権	noun
特派	noun
特産	noun
特許	noun
特集	noun
犠牲	noun
犯す	verb
独創	noun
独占	noun
独自	na-adjective,noun
独裁	noun
猛烈	adverb,na-adjective
獣	noun
獲得	noun
獲物	noun
玄人	noun
率いる	verb
玩具	noun
現像	noun
現地	noun
現行	noun
球根	noun
理屈	noun
理性	noun
理論	noun
甘える	verb
甘口	na-adjective,noun
甚だ	adverb
生かす	verb
生き甲斐	noun
生まれつき	adverb,noun
生死	noun
生温い	adjective
生真面目	na-adjective,noun
生育	noun
生臭い	adjective
生計	noun
生身	noun
産休	noun
産出	noun
産婦人科	noun
産後	noun
産物	noun
用件	noun
用品	noun
用法	noun
用紙	noun
田園	noun
甲	noun
申し入れる	verb
申し出	noun
申し出る	verb
申し分	noun
申し込み	noun
畜産	noun
略奪	noun
略語	noun
異性	noun
異見	noun
異論	noun
異議	noun
疑惑	noun
疲労	noun
病む	verb
痛切	na-adjective,noun
痛感	noun
発作	noun
発掘	noun
発生	noun
発病	noun
発育	noun
発芽	noun
発言	noun
発足	noun
登校	noun
登録	noun
白状	noun
皇居	noun
盛り上がる	verb
盛大	na-adjective,noun
盛装	noun
監視	noun
目付き	noun
目方	noun
目盛り	noun
目覚ましい	adjective
目覚める	verb
目論見	noun
目録	noun
盲点	noun
直感	noun
直面	noun
相場	noun
相対	noun
相応	na-adjective,noun
省みる	verb
眉	noun
看護	noun
真っ二つ	noun
真ん丸い	adjective
真ん円い	adjective
真ん前	adverb,noun
真上	noun
真下	noun
真実	adverb,na-adjective,noun
真心	noun
真珠	noun
真相	noun
眠たい	adjective
眼球	noun
眼科	noun
着工	noun
着席	noun
着手	noun
着目	noun
着色	noun
着陸	noun
着飾る	verb
瞬き	noun
矢	noun
知性	noun
知的	na-adjective
短大	noun
短歌	noun
短気	na-adjective,noun
短波	noun
短縮	noun
研ぐ	verb
破壊	noun
破損	noun
破棄	noun
破裂	noun
碁盤	noun
確保	noun
確信	noun
確定	noun
確立	noun
社交	noun
社宅	noun
祈り	noun
祝賀	noun
神殿	noun
神秘	na-adjective,noun
神聖	na-adjective,noun
禁じる	verb
禁物	noun
福祉	noun
私有	noun
私物	noun
秘書	noun
秩序	noun
称する	verb
移住	noun
移民	noun
移行	noun
税務署	noun
種々	adverb,na-adjective,noun
稲光	noun
穂	noun
究極	noun
空しい	adjective
空ろ	na-adjective,noun
空腹	na-adjective,noun
空間	noun
突っ張る	verb
突如	adverb
突破	noun
窒息	noun
窮乏	noun
窮屈	na-adjective,noun
立ち去る	verb
立ち寄る	verb
立て替える	verb
立体	noun
立方	noun
立法	noun
竿	noun
等級	noun
筒	noun
箇条書き	noun
簡易	na-adjective,noun
簡潔	na-adjective
簡素	na-adjective,noun
籠もる	verb
粉々	na-adjective,noun
粉末	noun
粘り	noun
粘る	verb
粥	noun
精密	na-adjective,noun
納まる	verb
納入	noun
紛らわしい	adjective
紛れる	verb
紛争	noun
紛失	noun
素早い	adjective
素朴	na-adjective,noun
素材	noun
紡績	noun
細やか	na-adjective
細工	noun
細胞	noun
細菌	noun
紳士	noun
終始	adverb,noun
終日	adverb,noun
組み合わせる	verb
組み込む	verb
経歴	noun
経費	noun
経路	noun
経過	noun
結び	noun
結び付き	noun
結び付く	verb
結び付ける	verb
結合	noun
結成	noun
結晶	noun
結束	noun
結核	noun
絡む	verb
給う	verb
給仕	noun
給食	noun
統制	noun
統合	noun
統治	noun
統率	noun
絶える	verb
絶版	noun
継ぎ目	noun
網	noun
緊急	na-adjective,noun
総会	noun
総合	noun
緩む	verb
緩める	verb
緩やか	na-adjective
緩和	noun
練る	verb
縁側	noun
縁談	noun
縮まる	verb
繁栄	noun
繁殖	noun
繁盛	noun
繊維	noun
織物	noun
繕う	verb
罰	noun
罵る	verb
美	noun
美術	noun
群がる	verb
群衆	noun
群集	noun
義理	noun
老いる	verb
老ける	verb
老衰	noun
考古学	noun
耐える	verb
耕作	noun
耳鼻科	noun
聖書	noun
聞き取り	noun
聴覚	noun
聴診器	noun
聴講	noun
職務	noun
職員	noun
肉体	noun
肉親	noun
肝心	na-adjective,noun
育ち	noun
育成	noun
背く	verb
背後	noun
背景	noun
胴	noun
脅す	verb
脅迫	noun
脈	noun
脚本	noun
脚色	noun
脱する	verb
脱出	noun
脱退	noun
腐敗	noun
腕前	noun
腫れる	verb
腸	noun
腹立ち	noun
腿	noun
膨れる	verb
膨張	noun
臆病	na-adjective,noun
自主	noun
自在	na-adjective,noun
自尊心	noun
自我	noun
自立	noun
自覚	noun
自転	noun
自首	noun
興じる	verb
興業	noun
舗装	noun
舞う	verb
船舶	noun
良好	na-adjective,noun
良心	noun
良識	noun
良質	na-adjective,noun
色彩	noun
芝	noun
花びら	noun
花壇	noun
花粉	noun
芸	noun
苗	noun
若干	adverb,noun
英字	noun
英雄	noun
茎	noun
茶の湯	noun
茶の間	noun
荒っぽい	adjective
荒らす	verb
荷	noun
荷造り	noun
華々しい	adjective
華やか	na-adjective
華奢	na-adjective,noun
落ち着き	noun
落ち葉	noun
落ち込む	verb
落下	noun
著しい	adjective
著名	na-adjective,noun
著書	noun
葬る	verb
蒸溜	noun
蓄積	noun
蔵	noun
蔵相	noun
蕾	noun
薄弱	na-adjective,noun
蛋白質	noun
蝶	noun
融資	noun
融通	noun
衆議院	noun
行い	noun
行き違い	noun
行政	noun
行為	noun
行進	noun
街道	noun
街頭	noun
衝撃	noun
衣装	noun
衣類	noun
衰える	verb
装備	noun
装飾	noun
裏返し	noun
補充	noun
補助	noun
補強	noun
補給	noun
補足	noun
製法	noun
製鉄	noun
裾	noun
複合	noun
褒美	noun
襟	noun
襲う	verb
襲撃	noun
西日	noun
要する	verb
要因	noun
要望	noun
要請	noun
覆す	verb
覆面	noun
見せびらかす	verb
見せ物	noun
見合い	noun
見合わせる	verb
見地	noun
見晴らし	noun
見渡す	verb
見積もり	noun
見習う	verb
見苦しい	adjective
見落とす	verb
見計らう	verb
見込み	noun
見逃す	verb
見通し	noun
規定	noun
規格	noun
規模	noun
規範	noun
規約	noun
視察	noun
視野	noun
覚え	noun
親しむ	verb
親善	noun
親父	noun
観点	noun
観衆	noun
観覧	noun
解剖	noun
解除	noun
言い訳	noun
言付け	noun
言論	noun
訂正	noun
討論	noun
討議	noun
記す	verb
記名	noun
記載	noun
記述	noun
訪れる	verb
設ける	verb
設定	noun
設立	noun
設置	noun
許容	noun
訴え	noun
訴訟	noun
診療	noun
証拠	noun
証言	noun
詐欺	noun
試み	noun
試みる	verb
詫び	noun
該当	noun
詳細	na-adjective,noun
誇る	verb
誇張	noun
認識	noun
誘導	noun
誘惑	noun
語彙	noun
語源	noun
誠	adverb,noun
誠に	adverb
誠実	na-adjective,noun
誤る	verb
誤差	noun
説得	noun
読み上げる	verb
課外	noun
調べ	noun
調停	noun
調印	noun
調和	noun
調理	noun
論理	noun
論議	noun
諦め	noun
諸君	noun
講習	noun
講読	noun
謝絶	noun
謹む	verb
警戒	noun
警部	noun
議事堂	noun
議案	noun
議決	noun
議題	noun
譲歩	noun
護衛	noun
豊作	noun
象徴	noun
貝殻	noun
負かす	verb
負債	noun
負傷	noun
負担	noun
財	noun
財政	noun
財源	noun
貧乏	na-adjective,noun
貧困	na-adjective,noun
貧弱	na-adjective,noun
貨幣	noun
貫く	verb
貫禄	noun
責務	noun
貯蓄	noun
貴い	adjective
貴族	noun
費やす	verb
賃金	noun
資産	noun
資金	noun
賑わう	verb
賛美	noun
賜る	verb
賠償	noun
賢明	na-adjective,noun
質疑	noun
質素	na-adjective,noun
賭け	noun
購入	noun
購読	noun
購買	noun
赤らむ	verb
赤字	noun
走行	noun
赴く	verb
赴任	noun
起伏	noun
起点	noun
超	adverb,noun
趣	noun
趣旨	noun
足し算	noun
跡継ぎ	noun
踏まえる	verb
踏み込む	verb
蹴飛ばす	verb
身なり	noun
身の上	noun
身の回り	noun
身振り	noun
身近	na-adjective,noun
軌道	noun
軍事	noun
軍備	noun
軍服	noun
軍艦	noun
軒並み	adverb,noun
転じる	verb
転ずる	verb
転任	noun
転勤	noun
転回	noun
転居	noun
転換	noun
転落	noun
軸	noun
軽快	na-adjective,noun
軽減	noun
軽率	na-adjective,noun
軽蔑	noun
辛抱	noun
辞職	noun
辟易	noun
農地	noun
農場	noun
農耕	noun
込める	verb
辿り着く	verb
迅速	na-adjective,noun
近眼	na-adjective,noun
近郊	noun
返済	noun
返答	noun
返還	noun
迫害	noun
追い出す	verb
追い込む	verb
追及	noun
追放	noun
追跡	noun
退化	noun
退治	noun
退職	noun
送金	noun
逃げ出す	verb
逃す	verb
逃れる	verb
逃亡	noun
逃走	noun
逆立ち	noun
逆転	noun
途上	adverb,noun
途絶える	verb
通常	adverb,noun
造り	noun
連なる	verb
連ねる	verb
連中	noun
連休	noun
連帯	noun
連日	adverb,noun
連盟	noun
連邦	noun
進み	noun
進出	noun
進化	noun
進呈	noun
進展	noun
進度	noun
遂げる	verb
遅くとも	adverb
遅らす	verb
遊牧	noun
運命	noun
運営	noun
運搬	noun
運用	noun
運賃	noun
運輸	noun
運送	noun
過ち	noun
過労	noun
過密	na-adjective,noun
過疎	noun
道場	noun
達成	noun
達者	na-adjective,noun
違える	verb
遠ざかる	verb
遠回り	noun
遠方	noun
適宜	adverb,na-adjective,noun
適応	noun
適性	noun
遭難	noun
遮る	verb
遺跡	noun
避難	noun
還元	noun
還暦	noun
邸宅	noun
部下	noun
部門	noun
郷土	noun
郷愁	noun
郷里	noun
配偶者	noun
配分	noun
配列	noun
配布	noun
配慮	noun
配給	noun
配置	noun
酪農	noun
酸	noun
重んじる	verb
重んずる	verb
重宝	na-adjective,noun
重複	noun
野外	noun
野心	noun
野生	noun
釣鐘	noun
鈍る	verb
鈍感	na-adjective,noun
鉄棒	noun
鉄鋼	noun
鉛	noun
鉱山	noun
鉱業	noun
錯誤	noun
鍛える	verb
長々	adverb
長官	noun
長編	noun
閉口	na-adjective,noun
閉鎖	noun
開催	noun
開拓	noun
開発	noun
間柄	noun
関与	noun
関税	noun
閲覧	noun
闇	noun
防火	noun
防衛	noun
阻む	verb
阻止	noun
降水	noun
限定	noun
陣	noun
除外	noun
陰気	na-adjective,noun
陳列	noun
陶器	noun
階層	noun
階級	noun
隔たる	verb
隔週	adverb,noun
障る	verb
隠居	noun
集計	noun
雑	na-adjective,noun
雑木	noun
雑談	noun
雑貨	noun
雨具	noun
雨天	noun
雪崩	noun
雫	noun
電源	noun
震わせる	verb
霞む	verb
露骨	na-adjective,noun
青春	noun
静止	noun
静的	na-adjective
非難	noun
面する	verb
面会	noun
面目	noun
革命	noun
革新	noun
鞠	noun
音色	noun
預金	noun
頑丈	na-adjective,noun
頑固	na-adjective,noun
領土	noun
領地	noun
領域	noun
領海	noun
頻繁	na-adjective
題する	verb
顎	noun
顔付き	noun
願書	noun
類	noun
類似	noun
類推	noun
顧みる	verb
風俗	noun
風土	noun
風習	noun
風車	noun
食い違う	verb
飲み込む	verb
飼育	noun
飽和	noun
養う	verb
養護	noun
首脳	noun
首輪	noun
首飾り	noun
香辛料	noun
馴れ馴れしい	adjective
駄作	noun
駆け足	noun
騒動	noun
驚異	noun
骨董品	noun
高原	noun
高尚	na-adjective,noun
魂	noun
鮮やか	na-adjective
鳥居	noun
麻	noun
麻痺	noun
麻酔	noun
黄金	noun
黒字	noun
