# Word classes for cefr_words_ko.tsv: dictionary form in 다 = predicate, else other, with a hand list of 다-nouns. Built by scripts/build-word-classes.py.
가깝다	predicate
가끔	other
가다	predicate
가르치다	predicate
가슴	other
가운데	other
가장	other
가져오다	predicate
가족	other
가지다	predicate
갑자기	other
값	other
같다	predicate
같이	other
개	other
개월	other
거	other
거기	other
걱정	other
건강	other
건물	other
걷다	predicate
걸다	predicate
것	other
게임	other
겨울	other
결혼	other
결혼하다	predicate
경찰	other
계속	other
계획	other
고기	other
고맙다	predicate
고향	other
곧	other
곳	other
공	other
공부	other
공부하다	predicate
과	other
괜찮다	predicate
교수	other
구월	other
귀	other
그	other
그거	other
그것	other
그곳	other
그날	other
그동안	other
그때	other
그래	other
그래서	other
그러나	other
그러니까	other
그러면	other
그런데	other
그럼	other
그렇다	predicate
그렇지만	other
그리고	other
그리다	predicate
그림	other
기다리다	predicate
기분	other
길	other
길다	predicate
꼭	other
꽃	other
꿈	other
끝	other
끝나다	predicate
나	other
나가다	predicate
나다	predicate
나라	other
나무	other
나쁘다	predicate
나오다	predicate
나이	other
나중	other
날	other
남녀	other
남자	other
남편	other
낮다	predicate
내다	predicate
내려가다	predicate
내려오다	predicate
내리다	predicate
너	other
너무	other
넓다	predicate
넣다	predicate
네	other
년	other
노래	other
놀다	predicate
놀라다	predicate
높다	predicate
놓다	predicate
누구	other
누나	other
눈	other
눈물	other
뉴스	other
늦다	predicate
다	other
다니다	predicate
다르다	predicate
다른	other
다리	other
다시	other
다음	other
닦다	predicate
달	other
달러	other
담배	other
대답하다	predicate
대학	other
대화	other
더	other
도시	other
돈	other
돌아가다	predicate
돌아오다	predicate
돕다	predicate
동생	other
동안	other
되다	predicate
두	other
둘	other
뒤	other
드리다	predicate
듣다	predicate
들다	predicate
들어가다	predicate
들어오다	predicate
딸	other
때	other
때문	other
떠나다	predicate
또	other
마시다	predicate
마음	other
마지막	other
만나다	predicate
만들다	predicate
많다	predicate
많이	other
말	other
말다	predicate
말씀	other
말하다	predicate
맑다	predicate
맛	other
맛있다	predicate
매우	other
머리	other
먹다	predicate
먼저	other
멀다	predicate
며칠	other
명	other
몇	other
모두	other
모든	other
모르다	predicate
몸	other
못	other
못하다	predicate
무슨	other
무엇	other
문	other
문제	other
묻다	predicate
물	other
물건	other
물론	other
뭐	other
미터	other
밑	other
바꾸다	predicate
바다	other
바람	other
바로	other
바쁘다	predicate
밖	other
반	other
받다	predicate
발	other
밤	other
밥	other
방	other
배	other
배우다	predicate
버리다	predicate
버스	other
번	other
벌써	other
벗다	predicate
병원	other
보내다	predicate
보다	predicate
봄	other
부르다	predicate
부모	other
부부	other
분	other
불	other
비	other
비슷하다	predicate
빠르다	predicate
빨리	other
사다	predicate
사람	other
사랑	other
사랑하다	predicate
사용하다	predicate
사월	other
사이	other
사장	other
사진	other
산	other
살	other
살다	predicate
삼월	other
새	other
생각	other
생각하다	predicate
생기다	predicate
생활	other
서다	predicate
서로	other
선생	other
선생님	other
설명	other
설명하다	predicate
세	other
센티미터	other
속	other
손	other
손님	other
수	other
수업	other
술	other
쉬다	predicate
쉽다	predicate
시	other
시간	other
시작되다	predicate
시작하다	predicate
시장	other
시험	other
식사	other
신문	other
싫다	predicate
싶다	predicate
싸우다	predicate
쓰다	predicate
쓰레기	other
씨	other
씻다	predicate
아	other
아기	other
아내	other
아니	other
아니다	predicate
아들	other
아래	other
아름답다	predicate
아마	other
아무	other
아버지	other
아빠	other
아이	other
아저씨	other
아주	other
아직	other
아침	other
아파트	other
아프다	predicate
안	other
안다	predicate
앉다	predicate
않다	predicate
알다	predicate
앞	other
얘기	other
얘기하다	predicate
어	other
어깨	other
어느	other
어디	other
어떠하다	predicate
어떤	other
어떻다	predicate
어렵다	predicate
어른	other
어린이	other
어머니	other
언니	other
언제	other
언제나	other
얼굴	other
얼마	other
얼마나	other
엄마	other
없다	predicate
여기	other
여러	other
여름	other
여자	other
여행	other
역사	other
열다	predicate
열심히	other
영어	other
영화	other
옆	other
예	other
예쁘다	predicate
옛날	other
오늘	other
오다	predicate
오래	other
오르다	predicate
오빠	other
오월	other
오후	other
올라가다	predicate
올해	other
옷	other
왜	other
외국	other
요즘	other
우리	other
우리나라	other
운동	other
울다	predicate
웃다	predicate
원	other
위	other
유월	other
은행	other
음식	other
음악	other
이	other
이거	other
이것	other
이곳	other
이때	other
이런	other
이렇다	predicate
이름	other
이번	other
이야기	other
이야기하다	predicate
이제	other
이해하다	predicate
일	other
일어나다	predicate
일하다	predicate
읽다	predicate
잃다	predicate
입	other
입다	predicate
있다	predicate
잊다	predicate
자다	predicate
자동차	other
자리	other
자주	other
작년	other
작다	predicate
잔	other
잘	other
잘하다	predicate
잠	other
잠시	other
잡다	predicate
장	other
재미있다	predicate
저	other
저녁	other
적다	predicate
전	other
전화	other
정말	other
제일	other
조금	other
좀	other
좋다	predicate
좋아하다	predicate
주다	predicate
주인	other
죽다	predicate
준비	other
준비하다	predicate
중요하다	predicate
즐겁다	predicate
지금	other
지내다	predicate
집	other
짧다	predicate
쪽	other
차	other
참	other
찾다	predicate
책	other
처음	other
층	other
치다	predicate
친구	other
커피	other
컴퓨터	other
크다	predicate
키	other
타다	predicate
태어나다	predicate
텔레비전	other
티브이	other
팀	other
팔	other
팔다	predicate
퍼센트	other
편지	other
필요	other
필요하다	predicate
하나	other
하늘	other
하다	predicate
하지만	other
학교	other
학년	other
학생	other
한	other
한번	other
할머니	other
할아버지	other
함께	other
항상	other
해	other
허리	other
형	other
혼자	other
환자	other
회사	other
회의	other
후	other
힘	other
힘들다	predicate
가게	other
가방	other
가볍다	predicate
가수	other
가을	other
간호사	other
갈비	other
감기	other
감사	other
감사하다	predicate
강	other
거리	other
거울	other
걱정하다	predicate
건강하다	predicate
걸어가다	predicate
걸어오다	predicate
검은색	other
결혼식	other
경복궁	other
경주	other
경찰관	other
경찰서	other
경치	other
계란	other
계시다	predicate
계절	other
고등학교	other
고등학생	other
고양이	other
고프다	predicate
공원	other
공중전화	other
공책	other
공항	other
공휴일	other
과일	other
과자	other
교과서	other
교실	other
교통	other
교회	other
구	other
구경	other
구두	other
구름	other
구십	other
군인	other
권	other
그릇	other
그분	other
그쪽	other
극장	other
근처	other
금요일	other
급	other
기숙사	other
기차	other
김밥	other
김치	other
깎다	predicate
깨끗하다	predicate
끄다	predicate
끝내다	predicate
날다	predicate
날씨	other
날짜	other
남대문	other
남대문시장	other
남동생	other
남쪽	other
남학생	other
낮	other
내년	other
내일	other
냉면	other
냉장고	other
넥타이	other
넷	other
넷째	other
노란색	other
노래하다	predicate
노트	other
다녀오다	predicate
다섯	other
다섯째	other
단어	other
닫다	predicate
달다	predicate
달력	other
닭	other
닭고기	other
대답	other
대사관	other
대학교	other
대학생	other
댁	other
덥다	predicate
도서관	other
도와주다	predicate
도착	other
도착하다	predicate
독일	other
동물	other
동쪽	other
돼지	other
돼지고기	other
둘째	other
등산	other
따뜻하다	predicate
딸기	other
떡	other
똑같다	predicate
똑바로	other
뛰다	predicate
뜨겁다	predicate
라디오	other
라면	other
러시아	other
마리	other
마흔	other
만	other
말씀하다	predicate
맛없다	predicate
매일	other
맥주	other
맵다	predicate
메뉴	other
모자	other
목	other
목요일	other
목욕	other
무겁다	predicate
물어보다	predicate
미국	other
미안하다	predicate
바나나	other
바지	other
박물관	other
반갑다	predicate
발음	other
밝다	predicate
방학	other
배고프다	predicate
배부르다	predicate
백	other
백화점	other
번호	other
별	other
병	other
보통	other
복잡하다	predicate
볼펜	other
부모님	other
부산	other
부엌	other
부인	other
북쪽	other
불고기	other
불다	predicate
비누	other
비디오	other
비빔밥	other
비싸다	predicate
비행기	other
빨간색	other
빵	other
사	other
사과	other
사무실	other
사십	other
사전	other
사탕	other
산책	other
삼	other
삼십	other
색	other
색깔	other
샌드위치	other
생선	other
생일	other
샤워	other
서른	other
서울	other
서울역	other
서점	other
서쪽	other
선물	other
선물하다	predicate
설악산	other
설탕	other
세수	other
세탁기	other
셋	other
셋째	other
소개하다	predicate
소금	other
소파	other
소풍	other
손가락	other
쇠고기	other
쇼핑	other
수건	other
수박	other
수영	other
수영장	other
수요일	other
숙제	other
숟가락	other
쉰	other
슈퍼마켓	other
스무	other
스물	other
스키	other
스트레스	other
스포츠	other
슬프다	predicate
시계	other
시원하다	predicate
시월	other
시작	other
식당	other
식사하다	predicate
식탁	other
신다	predicate
신발	other
실례	other
실례하다	predicate
싫어하다	predicate
십	other
십이월	other
십일월	other
싸다	predicate
아니요	other
아이스크림	other
아주머니	other
아줌마	other
아홉	other
아흔	other
안경	other
안녕	other
안녕하다	predicate
안녕히	other
안되다	predicate
야구	other
약	other
약국	other
약속	other
약속하다	predicate
양말	other
양복	other
어서	other
어제	other
에어컨	other
여권	other
여덟	other
여동생	other
여든	other
여러분	other
여보세요	other
여섯	other
여학생	other
여행하다	predicate
역	other
연습	other
연습하다	predicate
연필	other
열	other
열쇠	other
영국	other
예순	other
오	other
오래간만	other
오랜만	other
오렌지	other
오른쪽	other
오십	other
오전	other
왜냐하면	other
외국어	other
외국인	other
왼쪽	other
요리	other
요리하다	predicate
요일	other
요즈음	other
우산	other
우유	other
우체국	other
운동장	other
운동하다	predicate
운동화	other
운전	other
운전하다	predicate
월	other
월요일	other
위험	other
위험하다	predicate
유명하다	predicate
육	other
육십	other
의사	other
의자	other
이분	other
이십	other
이월	other
이쪽	other
인사	other
인사하다	predicate
인천	other
일곱	other
일본	other
일본어	other
일요일	other
일월	other
일주일	other
일찍	other
일흔	other
잃어버리다	predicate
잊어버리다	predicate
잎	other
자장면	other
자전거	other
잠깐	other
잠자다	predicate
잡수시다	predicate
잡지	other
장미	other
장소	other
재미	other
재미없다	predicate
저거	other
저것	other
저곳	other
저기	other
저쪽	other
전화번호	other
전화하다	predicate
점심	other
점심시간	other
젓가락	other
정류장	other
제주도	other
조용하다	predicate
졸업	other
졸업하다	predicate
종이	other
죄송하다	predicate
주	other
주말	other
주소	other
주스	other
중국	other
중국어	other
중학교	other
중학생	other
지갑	other
지난달	other
지난주	other
지도	other
지우개	other
지우다	predicate
지하	other
지하철	other
질문	other
질문하다	predicate
짜다	predicate
찌개	other
찍다	predicate
창문	other
책상	other
천	other
천천히	other
첫째	other
청바지	other
청소	other
청소하다	predicate
초대	other
초대하다	predicate
초등학교	other
초콜릿	other
추다	predicate
축구	other
축하하다	predicate
출발하다	predicate
춤	other
춤추다	predicate
춥다	predicate
취미	other
치마	other
치약	other
친절하다	predicate
칠	other
칠십	other
칠월	other
칠판	other
침대	other
칫솔	other
카드	other
카메라	other
칼	other
캐나다	other
컵	other
켜다	predicate
코	other
콜라	other
크리스마스	other
태권도	other
택시	other
테니스	other
테이블	other
토요일	other
파란색	other
파티	other
팔십	other
팔월	other
포도	other
표	other
프랑스	other
피곤하다	predicate
피아노	other
피우다	predicate
피자	other
한강	other
한국	other
한국말	other
한국어	other
한글	other
한복	other
한자	other
핸드폰	other
햄버거	other
호	other
호주	other
호텔	other
화	other
화요일	other
화장실	other
휴일	other
휴지	other
휴지통	other
흰색	other
가격	other
가까이	other
가꾸다	predicate
가난하다	predicate
가능성	other
가능하다	predicate
가득	other
가리다	predicate
가리키다	predicate
가만히	other
가스	other
가정	other
가지	other
각	other
각각	other
각종	other
간	other
간단하다	predicate
갈다	predicate
감다	predicate
감동	other
감정	other
강제	other
강조하다	predicate
강하다	predicate
갖다	predicate
개발하다	predicate
개인	other
걔	other
거의	other
거짓말	other
건너다	predicate
걸리다	predicate
걸음	other
검다	predicate
검사	other
게다가	other
겨우	other
견디다	predicate
결과	other
결국	other
결정	other
결정되다	predicate
결정하다	predicate
경기	other
경영	other
경우	other
경제	other
경제적	other
경험	other
경험하다	predicate
곁	other
계단	other
계산	other
계속되다	predicate
계속하다	predicate
계약	other
고개	other
고객	other
고급	other
고려하다	predicate
고르다	predicate
고모	other
고민	other
고생	other
고장	other
고추	other
고치다	predicate
고통	other
곱다	predicate
공간	other
공기	other
공동	other
공무원	other
공사	other
공연	other
공장	other
과거	other
과장	other
과제	other
과학	other
과학자	other
관객	other
관계	other
관광	other
관련	other
관련되다	predicate
관련하다	predicate
관리	other
관심	other
관찰하다	predicate
관하다	predicate
광고	other
괜히	other
굉장히	other
교류	other
교육	other
구멍	other
구체적	other
구하다	predicate
국가	other
국내	other
국민	other
국제	other
군	other
군대	other
굳이	other
굵다	predicate
굽다	predicate
궁금하다	predicate
권하다	predicate
규칙	other
그냥	other
그늘	other
그다지	other
그대로	other
그래도	other
그램	other
그러므로	other
그러하다	predicate
그런	other
그룹	other
그리	other
그림자	other
그만	other
그만두다	predicate
그만큼	other
그중	other
그치다	predicate
근데	other
근로자	other
글	other
글쎄	other
글쓰기	other
글자	other
금방	other
급하다	predicate
기간	other
기계	other
기대	other
기대하다	predicate
기록하다	predicate
기르다	predicate
기름	other
기본	other
기쁘다	predicate
기쁨	other
기사	other
기술	other
기억	other
기억하다	predicate
기온	other
기자	other
기준	other
기초	other
기회	other
긴장	other
길이	other
깊다	predicate
깊이	other
까닭	other
깨끗이	other
깨다	predicate
꺼내다	predicate
껍질	other
꽤	other
꾸미다	predicate
끄덕이다	predicate
끊다	predicate
끌다	predicate
끓이다	predicate
끝내	other
끼다	predicate
나누다	predicate
나머지	other
나서다	predicate
나타나다	predicate
나타내다	predicate
낚시	other
날개	other
날아가다	predicate
낡다	predicate
남기다	predicate
남다	predicate
남성	other
낫다	predicate
낯설다	predicate
낳다	predicate
내내	other
내놓다	predicate
내밀다	predicate
내용	other
냄새	other
너머	other
너무나	other
너희	other
넘다	predicate
넘어가다	predicate
넘어서다	predicate
넘치다	predicate
녀석	other
년대	other
노동자	other
노력	other
노력하다	predicate
노인	other
논문	other
놀랍다	predicate
놀이	other
농사	other
농업	other
농촌	other
높아지다	predicate
높이	other
높이다	predicate
놓이다	predicate
놓치다	predicate
누르다	predicate
눈빛	other
눈앞	other
눕다	predicate
느껴지다	predicate
느끼다	predicate
느낌	other
늘	other
늘다	predicate
늘리다	predicate
늘어나다	predicate
늙다	predicate
능력	other
다가가다	predicate
다가오다	predicate
다양하다	predicate
다하다	predicate
단	other
단순하다	predicate
단순히	other
단지	other
단체	other
달걀	other
달라지다	predicate
달려가다	predicate
달리다	predicate
닮다	predicate
담기다	predicate
담다	predicate
담당하다	predicate
당신	other
당연하다	predicate
당장	other
닿다	predicate
대	other
대기업	other
대단하다	predicate
대단히	other
대문	other
대부분	other
대신	other
대중	other
대중문화	other
대통령	other
대표	other
대표적	other
대하다	predicate
대회	other
더구나	other
더하다	predicate
던지다	predicate
덜	other
덮다	predicate
데	other
데리다	predicate
도구	other
도로	other
도움	other
돌	other
돌다	predicate
돌리다	predicate
돌아보다	predicate
동기	other
동네	other
동시	other
두다	predicate
둥글다	predicate
드라마	other
들려오다	predicate
들르다	predicate
들리다	predicate
들어서다	predicate
들여다보다	predicate
듯이	other
등	other
따다	predicate
따라가다	predicate
따로	other
따르다	predicate
딱	other
딴	other
땀	other
땅	other
떠오르다	predicate
떠올리다	predicate
떨다	predicate
떨어지다	predicate
떼다	predicate
또는	other
또다시	other
또한	other
뛰어들다	predicate
뜨다	predicate
뜻	other
마늘	other
마련되다	predicate
마련하다	predicate
마루	other
마르다	predicate
마을	other
마음속	other
마주	other
마찬가지	other
마치	other
마치다	predicate
마침	other
마침내	other
막	other
막다	predicate
막히다	predicate
만들어지다	predicate
만약	other
만일	other
만지다	predicate
만큼	other
만화	other
많아지다	predicate
맞다	predicate
맞추다	predicate
맡기다	predicate
맡다	predicate
매력	other
맨	other
머릿속	other
머무르다	predicate
먹이다	predicate
멀리	other
멈추다	predicate
명령	other
몇몇	other
모델	other
모습	other
모시다	predicate
모양	other
모으다	predicate
모이다	predicate
모임	other
목사	other
목소리	other
목적	other
목표	other
몰다	predicate
몰래	other
몹시	other
무게	other
무렵	other
무릎	other
무섭다	predicate
무시하다	predicate
무어	other
무역	other
무용	other
무조건	other
무척	other
문제점	other
문학	other
문화	other
물다	predicate
물속	other
미래	other
미리	other
미소	other
미술	other
미치다	predicate
민족	other
믿다	predicate
밀다	predicate
밀리미터	other
및	other
바뀌다	predicate
바늘	other
바닥	other
바라다	predicate
바라보다	predicate
바르다	predicate
바위	other
박사	other
반대	other
반대하다	predicate
반드시	other
반장	other
받아들이다	predicate
발견되다	predicate
발견하다	predicate
발달	other
발달하다	predicate
발생하다	predicate
발전	other
발전하다	predicate
발표	other
발표하다	predicate
밝히다	predicate
밟다	predicate
방문	other
방문하다	predicate
방법	other
방송	other
방송국	other
방향	other
밭	other
배경	other
배우	other
버릇	other
번째	other
벌다	predicate
벌어지다	predicate
벌이다	predicate
법	other
벗기다	predicate
벽	other
변하다	predicate
변화	other
변화하다	predicate
별로	other
보이다	predicate
보험	other
보호	other
볶다	predicate
본래	other
부	other
부근	other
부끄럽다	predicate
부동산	other
부드럽다	predicate
부럽다	predicate
부분	other
부장	other
부족	other
부족하다	predicate
부처	other
분명히	other
분석하다	predicate
분위기	other
불가능하다	predicate
불교	other
불리다	predicate
불만	other
불빛	other
불안	other
불안하다	predicate
불편하다	predicate
붉다	predicate
붓다	predicate
붙다	predicate
붙이다	predicate
비교적	other
비교하다	predicate
비밀	other
비용	other
비판하다	predicate
빌리다	predicate
빛	other
빠지다	predicate
빨갛다	predicate
빼다	predicate
뼈	other
뽑다	predicate
뿌리	other
뿌리다	predicate
뿐	other
사고	other
사라지다	predicate
사물	other
사실	other
사업	other
사용	other
사용되다	predicate
사회	other
사회적	other
살리다	predicate
살짝	other
살펴보다	predicate
상대	other
상대방	other
상상	other
상처	other
상품	other
새끼	other
새로	other
새벽	other
생각나다	predicate
생각되다	predicate
생겨나다	predicate
서두르다	predicate
서비스	other
서양	other
섞다	predicate
섞이다	predicate
선배	other
선수	other
선택	other
선택하다	predicate
섬	other
성격	other
성공	other
성공하다	predicate
성적	other
세계	other
세계적	other
세금	other
세기	other
세상	other
세우다	predicate
세워지다	predicate
소	other
소나무	other
소녀	other
소년	other
소리	other
소문	other
소비자	other
소설	other
소식	other
속도	other
속하다	predicate
솔직히	other
수많다	predicate
수술	other
수입	other
수출	other
숙이다	predicate
순간	other
순서	other
순수하다	predicate
술집	other
숨	other
숨다	predicate
숫자	other
숲	other
스스로	other
스타	other
스타일	other
습관	other
시골	other
시내	other
시대	other
시도하다	predicate
시리즈	other
시민	other
시설	other
시인	other
시절	other
시청자	other
시키다	predicate
식	other
식구	other
식물	other
식품	other
신	other
신부	other
신용	other
신청	other
신체	other
싣다	predicate
실내	other
실수	other
실제	other
심각하다	predicate
심다	predicate
심리	other
심하다	predicate
싸움	other
쌀	other
쌓다	predicate
쌓이다	predicate
썰다	predicate
쏘다	predicate
쏟다	predicate
쏟아지다	predicate
아가씨	other
아까	other
아나운서	other
아마도	other
아무것	other
아무래도	other
아무리	other
아이고	other
아픔	other
안방	other
안전	other
알	other
알려지다	predicate
알리다	predicate
알맞다	predicate
알아듣다	predicate
앓다	predicate
앞서다	predicate
애	other
야	other
약간	other
약하다	predicate
양	other
양쪽	other
양파	other
어느새	other
어둠	other
어둡다	predicate
어려움	other
어리다	predicate
어울리다	predicate
어쩌다	predicate
어쩌면	other
언젠가	other
얻다	predicate
얼른	other
업무	other
없애다	predicate
없어지다	predicate
없이	other
에너지	other
여기저기	other
여성	other
여유	other
역사가	other
역시	other
역할	other
연결되다	predicate
연결하다	predicate
연구	other
연구소	other
연구자	other
연구하다	predicate
연기	other
열리다	predicate
예금	other
예술	other
예술가	other
예전	other
예절	other
예정	other
옛	other
오늘날	other
오래전	other
오랜	other
오랫동안	other
오직	other
오징어	other
온	other
온도	other
온몸	other
온통	other
올라오다	predicate
올림픽	other
옮기다	predicate
옳다	predicate
완벽하다	predicate
완전히	other
왕	other
외	other
외교	other
요구하다	predicate
요금	other
용돈	other
우선	other
울리다	predicate
움직이다	predicate
웃음	other
원래	other
원하다	predicate
위반	other
위치	other
위치하다	predicate
위하다	predicate
음	other
음료	other
응	other
의견	other
의미	other
의미하다	predicate
의하다	predicate
이기다	predicate
이날	other
이동	other
이러하다	predicate
이루다	predicate
이루어지다	predicate
이뤄지다	predicate
이르다	predicate
이마	other
이미	other
이미지	other
이사	other
이상	other
이상하다	predicate
이외	other
이용	other
이용하다	predicate
이웃	other
이유	other
이익	other
이전	other
이틀	other
이하	other
이해	other
이후	other
인간	other
인구	other
인기	other
인상	other
인생	other
인제	other
인터넷	other
일반	other
일반적	other
일부	other
일으키다	predicate
임금	other
임신	other
입구	other
입술	other
입학	other
자	other
자격	other
자기	other
자꾸	other
자라다	predicate
자료	other
자르다	predicate
자세히	other
자식	other
자신	other
자연	other
자연스럽다	predicate
자유	other
자유롭다	predicate
자체	other
작가	other
잔뜩	other
잘되다	predicate
잘못	other
잘못되다	predicate
잘못하다	predicate
잡히다	predicate
장군	other
장사	other
재료	other
재산	other
저희	other
적	other
적극	other
적극적	other
적어도	other
적용하다	predicate
전국	other
전기	other
전달하다	predicate
전문	other
전문가	other
전자	other
전쟁	other
전체	other
전체적	other
전통	other
전통적	other
전하다	predicate
전해지다	predicate
전혀	other
절	other
절대로	other
절반	other
젊다	predicate
젊은이	other
점	other
점점	other
점차	other
정	other
정도	other
정리	other
정리하다	predicate
정말로	other
정보	other
정상	other
정신	other
정신적	other
정치	other
정하다	predicate
정확하다	predicate
정확히	other
젖다	predicate
제공하다	predicate
제대로	other
제목	other
제품	other
제한	other
조건	other
조그맣다	predicate
조금씩	other
조사	other
조사하다	predicate
조상	other
조용히	other
좁다	predicate
종	other
종교	other
종류	other
종업원	other
종합	other
주로	other
주머니	other
주변	other
주부	other
주요	other
주위	other
주인공	other
주장하다	predicate
주제	other
주택	other
죽음	other
죽이다	predicate
줄	other
줄기	other
줄이다	predicate
중	other
중간	other
중심	other
쥐다	predicate
즉	other
즐기다	predicate
증상	other
지	other
지구	other
지나가다	predicate
지나다	predicate
지나치다	predicate
지난해	other
지다	predicate
지르다	predicate
지방	other
지붕	other
지역	other
지치다	predicate
지키다	predicate
직업	other
직원	other
직장	other
직접	other
진짜	other
진행되다	predicate
질서	other
짐	other
집다	predicate
집안	other
집중	other
짓	other
짓다	predicate
짙다	predicate
차갑다	predicate
차다	predicate
차례	other
차리다	predicate
차이	other
착하다	predicate
참가하다	predicate
참다	predicate
참석하다	predicate
창밖	other
찾아가다	predicate
찾아내다	predicate
찾아보다	predicate
찾아오다	predicate
채우다	predicate
책임	other
챙기다	predicate
첫	other
청년	other
청소년	other
체육	other
쳐다보다	predicate
초	other
총장	other
촬영	other
최고	other
최근	other
최대	other
최소한	other
최초	other
출연하다	predicate
충격	other
충분하다	predicate
충분히	other
취하다	predicate
치료	other
치즈	other
친척	other
커다랗다	predicate
커지다	predicate
코너	other
콩	other
크기	other
큰일	other
키우다	predicate
킬로미터	other
태도	other
태양	other
터	other
토론	other
톤	other
통신	other
통일	other
통하다	predicate
특별	other
특별하다	predicate
특징	other
특히	other
틀다	predicate
틀리다	predicate
틀림없다	predicate
파도	other
판단	other
판매	other
펴다	predicate
편	other
편리하다	predicate
편안하다	predicate
편하다	predicate
펼쳐지다	predicate
평생	other
평소	other
평화	other
포기하다	predicate
포함되다	predicate
포함하다	predicate
폭	other
표정	other
표현	other
표현하다	predicate
푸르다	predicate
풀다	predicate
풀리다	predicate
풍경	other
프로	other
프로그램	other
피	other
피다	predicate
피부	other
하루	other
하얗다	predicate
학기	other
한꺼번에	other
한동안	other
한두	other
한숨	other
한쪽	other
한참	other
한편	other
해결	other
해결하다	predicate
해외	other
햇살	other
행동	other
행동하다	predicate
행복	other
행복하다	predicate
행사	other
향하다	predicate
헤어지다	predicate
혀	other
현금	other
현대	other
현재	other
형님	other
형제	other
호랑이	other
혹은	other
화려하다	predicate
화장품	other
확대하다	predicate
확실하다	predicate
확실히	other
확인하다	predicate
환경	other
활동	other
활발하다	predicate
활용하다	predicate
회원	other
회장	other
효과	other
후춧가루	other
훌륭하다	predicate
훨씬	other
흐르다	predicate
흔들다	predicate
흔히	other
흘리다	predicate
흙	other
희다	predicate
희망	other
가구	other
가까워지다	predicate
가늘다	predicate
가득하다	predicate
가로	other
가루	other
가슴속	other
가요	other
가위	other
가이드	other
가져가다	predicate
가져다주다	predicate
가죽	other
가짜	other
각국	other
각자	other
간단히	other
간식	other
간장	other
갈비탕	other
갈색	other
갈아입다	predicate
갈아타다	predicate
감	other
감상	other
감상하다	predicate
감자	other
강당	other
강도	other
강물	other
강아지	other
강원도	other
개구리	other
개나리	other
개인적	other
거실	other
거짓	other
걱정되다	predicate
걱정스럽다	predicate
건너가다	predicate
건너오다	predicate
건너편	other
건지다	predicate
건축	other
검정색	other
겁	other
겉	other
겨울철	other
결심하다	predicate
경기도	other
경기장	other
경상도	other
계산기	other
계산하다	predicate
계획하다	predicate
고교	other
고구마	other
고모부	other
고민하다	predicate
고생하다	predicate
고속	other
고속도로	other
고속버스	other
고추장	other
고춧가루	other
곧바로	other
골목	other
골목길	other
골프	other
골프장	other
곰	other
곳곳	other
공짜	other
공항버스	other
과목	other
과학적	other
관광객	other
관광지	other
광주	other
괴롭다	predicate
교문	other
교통사고	other
교포	other
교환	other
구경하다	predicate
국	other
국기	other
국립	other
국물	other
국수	other
국어	other
국회의원	other
군데	other
권투	other
귀국	other
귀국하다	predicate
귀엽다	predicate
규칙적	other
그다음	other
그렇게	other
그렇지	other
그려지다	predicate
그립다	predicate
그만하다	predicate
그해	other
근무	other
근무하다	predicate
글쎄요	other
글씨	other
금	other
금년	other
금연	other
금지	other
금지하다	predicate
긍정적	other
기도	other
기뻐하다	predicate
기억나다	predicate
기운	other
기침	other
기타	other
긴장하다	predicate
길가	other
길거리	other
김	other
김치찌개	other
김포공항	other
까만색	other
까맣다	predicate
깜빡	other
깜짝	other
깨지다	predicate
꺼지다	predicate
껌	other
꼭대기	other
꽃잎	other
꾸다	predicate
꾸준히	other
꿀	other
꿈꾸다	predicate
꿈속	other
끊어지다	predicate
끓다	predicate
나물	other
나뭇가지	other
나뭇잎	other
나비	other
나빠지다	predicate
나흘	other
낙엽	other
날아오다	predicate
남	other
남매	other
남산	other
내려놓다	predicate
내려다보다	predicate
내지	other
냄비	other
넓어지다	predicate
넓히다	predicate
넘어지다	predicate
네거리	other
년도	other
노랗다	predicate
노래방	other
노랫소리	other
녹색	other
녹음	other
녹음하다	predicate
녹차	other
논의하다	predicate
놀이터	other
농구	other
농담	other
눈썹	other
뉴욕	other
느리다	predicate
다녀가다	predicate
다수	other
다이어트	other
다치다	predicate
다행히	other
단맛	other
단점	other
닫히다	predicate
달려오다	predicate
달빛	other
달아나다	predicate
담그다	predicate
담요	other
담임	other
답답하다	predicate
답장	other
답하다	predicate
닷새	other
당근	other
당기다	predicate
당연히	other
당황하다	predicate
대구	other
대도시	other
대전	other
대중교통	other
대학교수	other
대학원	other
대한민국	other
대화하다	predicate
더럽다	predicate
더위	other
덕분	other
덕수궁	other
데려가다	predicate
데려오다	predicate
도둑	other
도망가다	predicate
도시락	other
도자기	other
도중	other
도쿄	other
독서	other
독일어	other
돌려주다	predicate
돌보다	predicate
돌아서다	predicate
동대문	other
동대문시장	other
동물원	other
동아리	other
동양	other
동전	other
동창	other
동화	other
되게	other
된장	other
된장찌개	other
두껍다	predicate
두드리다	predicate
두부	other
두세	other
두통	other
둘러보다	predicate
뒤집다	predicate
뒤쪽	other
뒷산	other
들	other
들려주다	predicate
등록	other
등록금	other
등산로	other
디자이너	other
디자인	other
따라오다	predicate
땅콩	other
때때로	other
땜	other
떠들다	predicate
떡볶이	other
떨리다	predicate
떨어뜨리다	predicate
똑같이	other
똑똑하다	predicate
뚜껑	other
뚱뚱하다	predicate
뛰어나가다	predicate
뛰어다니다	predicate
뛰어오다	predicate
라이터	other
런던	other
레몬	other
레스토랑	other
렌즈	other
리듬	other
마구	other
마사지	other
마음대로	other
마중	other
막내	other
만남	other
만두	other
만족하다	predicate
말씀드리다	predicate
맞서다	predicate
맞은편	other
매년	other
매다	predicate
머리카락	other
먹히다	predicate
먼지	other
멀어지다	predicate
멋	other
멋있다	predicate
메다	predicate
메모	other
메시지	other
메일	other
며느리	other
명절	other
명함	other
몇십	other
모기	other
모니터	other
모래	other
모레	other
모자라다	predicate
목걸이	other
목욕탕	other
몸무게	other
몸살	other
무	other
무늬	other
무더위	other
묶다	predicate
문장	other
물고기	other
물음	other
미디어	other
미술관	other
미워하다	predicate
미인	other
미팅	other
믿음	other
밀가루	other
밉다	predicate
바깥	other
바닷가	other
바닷물	other
바보	other
바이올린	other
박수	other
박스	other
반복하다	predicate
반지	other
반찬	other
반하다	predicate
받침	other
발가락	other
발견	other
발등	other
발목	other
발생	other
발음하다	predicate
밤낮	other
밤늦다	predicate
밤새다	predicate
밤중	other
밥그릇	other
밥맛	other
밥솥	other
방금	other
배구	other
배꼽	other
배달	other
배드민턴	other
배추	other
뱀	other
버섯	other
버터	other
버튼	other
번역	other
벌레	other
벌리다	predicate
베개	other
베이징	other
벨트	other
변호사	other
병들다	predicate
보고	other
보고서	other
보관하다	predicate
보람	other
복도	other
복사	other
복사하다	predicate
복습	other
복습하다	predicate
볶음밥	other
볼일	other
봉지	other
봉투	other
뵈다	predicate
뵙다	predicate
부끄러움	other
부딪치다	predicate
부러워하다	predicate
부자	other
부작용	other
부잣집	other
부지런하다	predicate
부치다	predicate
부탁	other
부탁하다	predicate
북	other
북한	other
분명	other
불꽃	other
불쌍하다	predicate
불행하다	predicate
블라우스	other
비교	other
비닐	other
비닐봉지	other
비서	other
비키다	predicate
비타민	other
빌다	predicate
빌딩	other
빗	other
빗물	other
빨다	predicate
빨래	other
뺨	other
뻗다	predicate
사계절	other
사과하다	predicate
사랑스럽다	predicate
사모님	other
사무	other
사용자	other
사원	other
사위	other
사이좋다	predicate
사자	other
사진기	other
사촌	other
사흘	other
산소	other
산속	other
삶다	predicate
삼촌	other
상	other
상상하다	predicate
상자	other
상추	other
상하다	predicate
새소리	other
새우	other
새해	other
생신	other
생활하다	predicate
생활환경	other
서너	other
서랍	other
서류	other
서투르다	predicate
석유	other
선풍기	other
설거지	other
설날	other
설렁탕	other
섭씨	other
성	other
성별	other
성인	other
성함	other
세다	predicate
세로	other
세탁	other
세탁소	other
센터	other
소개	other
소개되다	predicate
소나기	other
소리치다	predicate
소문나다	predicate
소설가	other
소스	other
소시지	other
소용없다	predicate
소주	other
소포	other
속옷	other
손녀	other
손목	other
손바닥	other
손발	other
손뼉	other
손수건	other
손자	other
손잡이	other
손톱	other
솔직하다	predicate
송아지	other
송이	other
송편	other
쇼	other
수고하다	predicate
수년	other
수돗물	other
수상	other
수염	other
수입하다	predicate
수출하다	predicate
수표	other
수학	other
수화기	other
숙소	other
술병	other
술자리	other
술잔	other
스님	other
스웨터	other
스케이트	other
스케줄	other
스키장	other
슬퍼하다	predicate
슬픔	other
승용차	other
시끄럽다	predicate
시내버스	other
시부모	other
시아버지	other
시어머니	other
시외	other
시집	other
시청	other
식다	predicate
식빵	other
식용유	other
식초	other
신고	other
신랑	other
신문사	other
신문지	other
신선하다	predicate
신입생	other
신호	other
신호등	other
신혼부부	other
신혼여행	other
실력	other
실수하다	predicate
실패	other
실패하다	predicate
싫어지다	predicate
심부름	other
심해지다	predicate
싱겁다	predicate
썩다	predicate
쓰레기통	other
쓰이다	predicate
씨름	other
씩씩하다	predicate
씹다	predicate
아뇨	other
아니야	other
아래쪽	other
아래층	other
아무렇다	predicate
아무튼	other
아버님	other
아시아	other
아아	other
아프리카	other
악기	other
악수	other
안내하다	predicate
안전하다	predicate
안주	other
안쪽	other
안타깝다	predicate
암	other
앞길	other
앞뒤	other
앞쪽	other
애인	other
액세서리	other
야외	other
야채	other
얇다	predicate
양념	other
양배추	other
양보하다	predicate
얕다	predicate
얘	other
어두워지다	predicate
어때	other
어떡하다	predicate
어린아이	other
어린애	other
어린이날	other
어머	other
어머님	other
어색하다	predicate
어젯밤	other
어쩐지	other
억	other
얹다	predicate
얼다	predicate
얼음	other
엉뚱하다	predicate
엊그제	other
엔	other
엘리베이터	other
여	other
여고생	other
여관	other
여대생	other
여름철	other
여보	other
여우	other
여직원	other
여쭈다	predicate
여행사	other
역사적	other
연락처	other
연락하다	predicate
연말	other
연세	other
연하다	predicate
연휴	other
열차	other
열흘	other
염려하다	predicate
엽서	other
영상	other
영원하다	predicate
영원히	other
영하	other
옆방	other
옆집	other
예매하다	predicate
예상	other
예약	other
옛날이야기	other
오가다	predicate
오래도록	other
오래되다	predicate
오른발	other
오른손	other
오리	other
오븐	other
오이	other
오피스텔	other
옥수수	other
올려놓다	predicate
와	other
와인	other
왠지	other
외교관	other
외롭다	predicate
외삼촌	other
외우다	predicate
외출	other
외출하다	predicate
외할머니	other
왼발	other
왼손	other
요새	other
요청	other
욕실	other
욕심	other
우리말	other
우수하다	predicate
우승	other
우승하다	predicate
우연히	other
우울하다	predicate
우표	other
운	other
운동복	other
운전기사	other
운전자	other
울산	other
울음	other
웃기다	predicate
웃어른	other
원숭이	other
원피스	other
월급	other
월드컵	other
웨이터	other
웬일	other
위아래	other
위쪽	other
위층	other
유교	other
유난히	other
유럽	other
유리	other
유리창	other
유명	other
유치원	other
유학	other
유학생	other
유행	other
유행하다	predicate
으응	other
음료수	other
음악가	other
의심하다	predicate
이것저것	other
이곳저곳	other
이따가	other
이렇게	other
이리	other
이모	other
이발소	other
이불	other
이빨	other
이사하다	predicate
이성	other
이용되다	predicate
이웃집	other
이튿날	other
이혼	other
이혼하다	predicate
익다	predicate
익숙하다	predicate
익숙해지다	predicate
인분	other
인사말	other
인삼	other
인삼차	other
인원	other
인천공항	other
인터뷰	other
인형	other
일기	other
일등	other
일상	other
일상생활	other
일정	other
일회용	other
일회용품	other
읽히다	predicate
임시	other
입원	other
입원하다	predicate
입학하다	predicate
자가용	other
자꾸만	other
자동	other
자라나다	predicate
자랑스럽다	predicate
자랑하다	predicate
자판기	other
작아지다	predicate
잔치	other
잘살다	predicate
잘생기다	predicate
잠들다	predicate
잠옷	other
장가	other
장갑	other
장난감	other
장남	other
장래	other
장마	other
장점	other
장학금	other
재작년	other
재채기	other
쟤	other
저녁때	other
저런	other
저렇게	other
저렇다	predicate
저리	other
저번	other
저자	other
저축	other
적당하다	predicate
적당히	other
적어지다	predicate
전공	other
전기밥솥	other
전날	other
전라도	other
전부	other
전철	other
전화기	other
절대	other
절약하다	predicate
점수	other
점심때	other
점원	other
접시	other
젓다	predicate
정거장	other
정답	other
정문	other
정식	other
정원	other
정치적	other
정해지다	predicate
제발	other
제법	other
제출하다	predicate
조각	other
조심스럽다	predicate
조심하다	predicate
조카	other
존댓말	other
졸다	predicate
졸업생	other
종로	other
종이컵	other
종일	other
좋아지다	predicate
좌석	other
주먹	other
주무시다	predicate
주문하다	predicate
주사	other
주차	other
주차장	other
주차하다	predicate
죽	other
준비되다	predicate
준비물	other
줄다	predicate
줄무늬	other
줍다	predicate
중국집	other
중요	other
중요성	other
쥐	other
즉시	other
즐거움	other
즐거워하다	predicate
증세	other
지난번	other
지점	other
지하도	other
진달래	other
진출	other
진하다	predicate
진행하다	predicate
질	other
짜증	other
짧아지다	predicate
찌다	predicate
찌르다	predicate
차남	other
찬물	other
참기름	other
찻잔	other
창고	other
채널	other
채소	other
책가방	other
책방	other
책임자	other
챔피언	other
철	other
첫날	other
청소기	other
체중	other
초록색	other
초밥	other
초보	other
초보자	other
초청장	other
최선	other
추억	other
추위	other
축구공	other
축제	other
축하	other
출구	other
출근	other
출근하다	predicate
출발	other
출입	other
출입문	other
출장	other
충청도	other
취소	other
취소하다	predicate
취직	other
치과	other
치료하다	predicate
치우다	predicate
친절	other
친하다	predicate
침실	other
칭찬	other
카레	other
카운터	other
카페	other
캠퍼스	other
커튼	other
켜지다	predicate
코끼리	other
코피	other
콘서트	other
콤플렉스	other
콩나물	other
큰길	other
큰소리	other
킬로	other
킬로그램	other
탑	other
태우다	predicate
태풍	other
탤런트	other
터널	other
터뜨리다	predicate
터미널	other
턱	other
털	other
털다	predicate
테스트	other
테이프	other
토끼	other
토마토	other
통	other
통장	other
퇴근	other
퇴근하다	predicate
특별히	other
튼튼하다	predicate
티셔츠	other
파	other
파랗다	predicate
파리	other
파일	other
판매하다	predicate
팔리다	predicate
패션	other
팩	other
팬	other
팬티	other
편히	other
평범하다	predicate
평일	other
포도주	other
포스터	other
포장	other
표시하다	predicate
푹	other
풀	other
플라스틱	other
피로	other
피로하다	predicate
피시	other
필름	other
필통	other
하숙집	other
하얀색	other
하여튼	other
하품	other
하하	other
학생증	other
학습	other
학원	other
한국적	other
한둘	other
한라산	other
한잔	other
한잔하다	predicate
할인	other
함부로	other
합격	other
합치다	predicate
해마다	other
해석	other
해외여행	other
햇볕	other
햇빛	other
향기	other
향수	other
허용하다	predicate
헌	other
현관	other
현지	other
형부	other
호선	other
호수	other
홈페이지	other
홍차	other
화가	other
화나다	predicate
화분	other
확대되다	predicate
확인	other
환갑	other
환영	other
활동하다	predicate
회복하다	predicate
회색	other
회화	other
횡단보도	other
후배	other
후회하다	predicate
휴가	other
흐리다	predicate
흘러가다	predicate
흘러나오다	predicate
흥미	other
가라앉다	predicate
가령	other
가르다	predicate
가르침	other
가상	other
가입	other
가치	other
가치관	other
가하다	predicate
각기	other
간격	other
간부	other
간신히	other
간판	other
간혹	other
갇히다	predicate
갈등	other
갈수록	other
감각	other
감독	other
감싸다	predicate
감옥	other
감추다	predicate
감히	other
강남	other
강력하다	predicate
강렬하다	predicate
강요하다	predicate
강의	other
강화하다	predicate
갖가지	other
갖추다	predicate
같이하다	predicate
갚다	predicate
개국	other
개미	other
개발되다	predicate
개방	other
개방하다	predicate
개별	other
개선	other
개선하다	predicate
개성	other
객관적	other
거꾸로	other
거대하다	predicate
거두다	predicate
거듭	other
거부하다	predicate
거액	other
거절하다	predicate
거치다	predicate
거칠다	predicate
거품	other
건	other
건네주다	predicate
건드리다	predicate
건설	other
건설하다	predicate
건전하다	predicate
건조	other
걸치다	predicate
검토	other
겪다	predicate
견해	other
결론	other
결승	other
결코	other
경계	other
경고	other
경력	other
경쟁	other
경쟁력	other
경향	other
계곡	other
계좌	other
계층	other
고요하다	predicate
고작	other
고전	other
고집하다	predicate
고통스럽다	predicate
고함	other
곡	other
곡식	other
곤란하다	predicate
곧잘	other
골	other
골고루	other
골짜기	other
공개	other
공개하다	predicate
공격	other
공격하다	predicate
공공	other
공군	other
공급	other
공식	other
공식적	other
공업	other
공중	other
공포	other
공해	other
과연	other
과정	other
관계되다	predicate
관계자	other
관념	other
관리하다	predicate
관습	other
관점	other
관찰	other
광경	other
광장	other
괴로움	other
교사	other
교양	other
교장	other
교체	other
교훈	other
구르다	predicate
구별하다	predicate
구분	other
구분하다	predicate
구석	other
구석구석	other
구성	other
구성되다	predicate
구성하다	predicate
구속	other
구속되다	predicate
구역	other
구입하다	predicate
구조	other
국산	other
국왕	other
국제화	other
국회	other
군사	other
굳다	predicate
굳어지다	predicate
굶다	predicate
굽히다	predicate
궁극적	other
권리	other
권위	other
귀신	other
귀찮다	predicate
귀하다	predicate
규모	other
규정	other
균형	other
그나마	other
그녀	other
그놈	other
그대	other
그러다	predicate
그런대로	other
그리하여	other
그야말로	other
그이	other
그저	other
그제서야	other
그토록	other
극	other
극복	other
극복하다	predicate
극히	other
근거	other
근거하다	predicate
근로	other
근본	other
근본적	other
근원	other
근육	other
금세	other
금액	other
긋다	predicate
기	other
기관	other
기구	other
기기	other
기능	other
기대다	predicate
기독교	other
기둥	other
기록	other
기록되다	predicate
기법	other
기본적	other
기술자	other
기업	other
기여하다	predicate
기울이다	predicate
기원전	other
기초하다	predicate
기획	other
기후	other
긴급	other
깔다	predicate
깔리다	predicate
깨닫다	predicate
깨달음	other
깨어나다	predicate
꺾다	predicate
꼬리	other
꼬마	other
꼴	other
꼽히다	predicate
꽂다	predicate
꽉	other
끊임없이	other
끝없다	predicate
끝없이	other
끼어들다	predicate
끼우다	predicate
나란히	other
나르다	predicate
나름	other
나아가다	predicate
나침반	other
날리다	predicate
날카롭다	predicate
남부	other
낮추다	predicate
내	other
내다보다	predicate
내려지다	predicate
내부	other
내주다	predicate
냉동	other
널리	other
넘기다	predicate
년생	other
노동	other
노선	other
녹다	predicate
논	other
논리	other
논쟁	other
논하다	predicate
놀리다	predicate
놈	other
농민	other
농부	other
농산물	other
뇌	other
눈길	other
눈동자	other
눈부시다	predicate
늘어놓다	predicate
다듬다	predicate
다루다	predicate
다름없다	predicate
다만	other
다방	other
다소	other
다지다	predicate
다짐하다	predicate
다투다	predicate
다행	other
닥치다	predicate
단계	other
단위	other
단편	other
달래다	predicate
달리	other
달리기	other
담당	other
답	other
당당하다	predicate
당시	other
당하다	predicate
대가	other
대개	other
대규모	other
대기	other
대다	predicate
대다수	other
대량	other
대로	other
대륙	other
대비하다	predicate
대사	other
대신하다	predicate
대응	other
대응하다	predicate
대책	other
대처하다	predicate
대체로	other
대출	other
대충	other
대표하다	predicate
대합실	other
대형	other
댐	other
더불다	predicate
더욱	other
더욱이	other
덕	other
덜다	predicate
덧붙이다	predicate
덩어리	other
도	other
도달하다	predicate
도대체	other
도덕	other
도망치다	predicate
도입	other
도저히	other
도전	other
독립	other
독특하다	predicate
돌아다니다	predicate
동	other
동료	other
동부	other
동의	other
동의하다	predicate
동일하다	predicate
동작	other
동포	other
동행	other
되찾다	predicate
되풀이하다	predicate
두뇌	other
두드러지다	predicate
두려움	other
두려워하다	predicate
두렵다	predicate
두르다	predicate
둘러싸다	predicate
둥지	other
뒤늦다	predicate
뒤따르다	predicate
뒤지다	predicate
뒷모습	other
드디어	other
드러나다	predicate
드물다	predicate
들이다	predicate
듯	other
듯싶다	predicate
듯하다	predicate
등등	other
등록증	other
등장	other
등장하다	predicate
디스크	other
따라서	other
딱딱하다	predicate
땅속	other
때로	other
때리다	predicate
떼	other
뚫다	predicate
뛰어나다	predicate
뛰어넘다	predicate
뜯다	predicate
뜻밖	other
뜻하다	predicate
띄다	predicate
리	other
리그	other
마누라	other
마당	other
마디	other
마땅하다	predicate
마련	other
마무리	other
마음먹다	predicate
마이크	other
마주치다	predicate
막걸리	other
막상	other
만만하다	predicate
만하다	predicate
말기	other
말리다	predicate
말없이	other
맘	other
맛보다	predicate
망설이다	predicate
망하다	predicate
맞이하다	predicate
매달리다	predicate
매장	other
매체	other
맺다	predicate
머물다	predicate
먹이	other
멋지다	predicate
메우다	predicate
면	other
면적	other
면하다	predicate
명예	other
명의	other
명칭	other
명확하다	predicate
모	other
모색하다	predicate
모처럼	other
목록	other
목숨	other
몸짓	other
몸통	other
못되다	predicate
못지않다	predicate
묘사하다	predicate
무기	other
무너지다	predicate
무대	other
무덤	other
무려	other
무료	other
무리	other
문득	other
문서	other
문자	other
문화재	other
묻히다	predicate
물가	other
물결	other
물기	other
물러나다	predicate
물리학	other
물질	other
물체	other
미	other
미루다	predicate
미스	other
미처	other
민간	other
민주	other
민주주의	other
민주화	other
밀리다	predicate
밀접하다	predicate
바	other
바람직하다	predicate
바로잡다	predicate
바치다	predicate
바탕	other
박다	predicate
박히다	predicate
반면	other
반발	other
반복되다	predicate
반성	other
반성하다	predicate
반영하다	predicate
반응	other
발걸음	other
발길	other
발레	other
발표되다	predicate
발휘하다	predicate
밝혀내다	predicate
밝혀지다	predicate
밥상	other
방식	other
방안	other
방지	other
방해	other
배다	predicate
백성	other
뱃사람	other
버티다	predicate
벌	other
벌금	other
벌떡	other
범위	other
범인	other
범죄	other
법률	other
법원	other
법칙	other
베다	predicate
벼	other
변동	other
별다르다	predicate
별도	other
별명	other
보고하다	predicate
보도	other
보도하다	predicate
보상	other
보장	other
보장되다	predicate
보장하다	predicate
보전	other
보조	other
보편적	other
보호하다	predicate
복	other
본격적	other
본성	other
본인	other
본질	other
볼	other
봉사	other
부담	other
부담하다	predicate
부대	other
부러지다	predicate
부문	other
부분적	other
부서	other
부서지다	predicate
부위	other
부정	other
부정적	other
부정하다	predicate
부품	other
부회장	other
북부	other
분노	other
분량	other
분리	other
분리되다	predicate
분명하다	predicate
분석	other
분야	other
분포하다	predicate
불가피하다	predicate
불과	other
불과하다	predicate
불구하다	predicate
불러일으키다	predicate
불리하다	predicate
불법	other
불어오다	predicate
불편	other
불행	other
붙잡다	predicate
비극	other
비난	other
비다	predicate
비로소	other
비롯되다	predicate
비롯하다	predicate
비명	other
비비다	predicate
비우다	predicate
비율	other
비중	other
비추다	predicate
비치다	predicate
비판	other
비하다	predicate
비행	other
빚	other
빛깔	other
빛나다	predicate
빠져나가다	predicate
빠져나오다	predicate
빼앗기다	predicate
빼앗다	predicate
뻔하다	predicate
뽑히다	predicate
사건	other
사귀다	predicate
사례	other
사무소	other
사방	other
사설	other
사실상	other
사정	other
사회주의	other
산업	other
살림	other
살아가다	predicate
살아나다	predicate
살아남다	predicate
살아오다	predicate
살인	other
살피다	predicate
삶	other
삼국	other
삼다	predicate
삼키다	predicate
상관없다	predicate
상담	other
상당	other
상당하다	predicate
상당히	other
상대성	other
상대적	other
상상력	other
상식	other
상업	other
상인	other
상점	other
상징하다	predicate
상태	other
상표	other
상황	other
새기다	predicate
새다	predicate
새롭다	predicate
생명	other
생물	other
생산	other
생산되다	predicate
생산력	other
생산자	other
생산하다	predicate
서구	other
서민	other
서부	other
서서히	other
서클	other
석	other
선	other
선거	other
선언하다	predicate
선장	other
선정하다	predicate
선진	other
선진국	other
설문	other
설치	other
설치되다	predicate
설치하다	predicate
성립되다	predicate
성립하다	predicate
성명	other
성실하다	predicate
성장	other
성장하다	predicate
성질	other
세계관	other
세대	other
세월	other
셈	other
소득	other
소매	other
소박하다	predicate
소비	other
소속	other
소수	other
소원	other
소위	other
소유	other
소유자	other
소유하다	predicate
소음	other
소재	other
소중하다	predicate
소프트웨어	other
소형	other
속담	other
속이다	predicate
손해	other
솜씨	other
솟다	predicate
수단	other
수도	other
수도권	other
수면	other
수명	other
수백	other
수석	other
수십	other
수없이	other
수요	other
수준	other
수집하다	predicate
수천	other
수행하다	predicate
순수	other
숨기다	predicate
숨지다	predicate
스승	other
스위치	other
스치다	predicate
스튜디오	other
승객	other
승리	other
승부	other
승진	other
시각	other
시기	other
시멘트	other
시선	other
시스템	other
시위	other
시점	other
시중	other
시즌	other
식량	other
신경	other
신고하다	predicate
신규	other
신기하다	predicate
신념	other
신분	other
신세	other
신인	other
신청하다	predicate
신화	other
실로	other
실리다	predicate
실습	other
실시	other
실시되다	predicate
실시하다	predicate
실은	other
실장	other
실정	other
실제로	other
실질적	other
실천	other
실천하다	predicate
실체	other
실태	other
실험	other
실현	other
실현하다	predicate
심사	other
심장	other
심정	other
심판	other
싱싱하다	predicate
쓰러지다	predicate
쓸다	predicate
쓸쓸하다	predicate
아깝다	predicate
아끼다	predicate
아냐	other
아니하다	predicate
아무런	other
아쉽다	predicate
아예	other
아울러	other
아유	other
아이디어	other
악몽	other
안개	other
안기다	predicate
안내	other
안정	other
안정되다	predicate
안팎	other
알아내다	predicate
알아보다	predicate
압력	other
앞두다	predicate
앞서	other
앞세우다	predicate
앞장서다	predicate
애쓰다	predicate
애정	other
애초	other
액수	other
야단	other
양국	other
양식	other
양심	other
어리석다	predicate
어지럽다	predicate
어쨌든	other
어찌	other
어찌하다	predicate
억울하다	predicate
언덕	other
언론	other
언어	other
얼핏	other
엄격하다	predicate
엄청나다	predicate
업다	predicate
업종	other
업체	other
엉덩이	other
엎드리다	predicate
에	other
여간	other
여건	other
여겨지다	predicate
여기다	predicate
여럿	other
여론	other
여인	other
여전히	other
연간	other
연결	other
연관	other
연극	other
연기자	other
연락	other
연설	other
연속	other
연예인	other
연출	other
연합	other
열매	other
열정	other
염려	other
엿보다	predicate
영양	other
영업	other
영역	other
영향	other
영향력	other
영혼	other
영화제	other
예감	other
예방	other
예방하다	predicate
예산	other
예상되다	predicate
예상하다	predicate
예외	other
예의	other
예정되다	predicate
예측하다	predicate
예컨대	other
오로지	other
오염	other
오염되다	predicate
오페라	other
오해	other
오히려	other
온갖	other
올	other
올리다	predicate
올바르다	predicate
완성	other
완성되다	predicate
완성하다	predicate
완전	other
완전하다	predicate
외면하다	predicate
외모	other
외부	other
외치다	predicate
요구	other
요구되다	predicate
요청하다	predicate
욕	other
용기	other
용도	other
용서하다	predicate
용어	other
우려	other
우습다	predicate
우정	other
우주	other
운명	other
운영하다	predicate
운전사	other
움직임	other
워낙	other
원고	other
원인	other
원장	other
웬	other
위기	other
위대하다	predicate
위원	other
위원장	other
위주	other
위협	other
유리하다	predicate
유물	other
유사하다	predicate
유의하다	predicate
유적	other
유지하다	predicate
육군	other
육체	other
음성	other
음식물	other
음식점	other
의논하다	predicate
의도	other
의무	other
의문	other
의복	other
의식	other
의식하다	predicate
의심	other
의욕	other
의원	other
의존하다	predicate
의지	other
의지하다	predicate
의학	other
이끌다	predicate
이내	other
이념	other
이달	other
이데올로기	other
이동하다	predicate
이래	other
이러다	predicate
이런저런	other
이룩하다	predicate
이리저리	other
이사장	other
이상적	other
이어	other
이어지다	predicate
이윽고	other
이자	other
이중	other
이해되다	predicate
익히다	predicate
인	other
인간적	other
인격	other
인공	other
인근	other
인류	other
인물	other
인식하다	predicate
인연	other
인정받다	predicate
인정하다	predicate
인체	other
인하	other
인하다	predicate
일단	other
일반인	other
일부러	other
일생	other
일쑤	other
일어서다	predicate
일자	other
일정하다	predicate
일종	other
일찍이	other
일체	other
일치하다	predicate
일행	other
임무	other
입맛	other
입시	other
입장	other
입히다	predicate
잇다	predicate
잇따르다	predicate
자극	other
자극하다	predicate
자네	other
자녀	other
자랑	other
자세	other
자세하다	predicate
자신감	other
자연환경	other
자연히	other
자원	other
자율	other
자존심	other
자판	other
작성	other
작성하다	predicate
작업	other
작용	other
작용하다	predicate
작품	other
잘나다	predicate
잘리다	predicate
잠기다	predicate
잠자리	other
잡아먹다	predicate
장관	other
장난	other
장르	other
장면	other
장비	other
장식	other
잦다	predicate
재능	other
재빨리	other
재정	other
재즈	other
재판	other
저고리	other
저마다	other
저절로	other
저지르다	predicate
적용	other
적용되다	predicate
적응하다	predicate
적절하다	predicate
적합하다	predicate
적히다	predicate
전개	other
전개되다	predicate
전개하다	predicate
전국적	other
전달	other
전달되다	predicate
전망	other
전반	other
전반적	other
전시회	other
전용	other
전환	other
절대적	other
절망	other
절차	other
접근	other
접근하다	predicate
접다	predicate
접촉	other
접하다	predicate
정기	other
정당	other
정면	other
정보화	other
정부	other
정비	other
정성	other
정치권	other
정치인	other
제거하다	predicate
제공	other
제비	other
제사	other
제시되다	predicate
제시하다	predicate
제안	other
제안하다	predicate
제약	other
제외하다	predicate
제의	other
제자	other
제자리	other
제작	other
제작하다	predicate
제한되다	predicate
제한하다	predicate
조	other
조미료	other
조절하다	predicate
조정	other
조직	other
존재	other
존재하다	predicate
존중하다	predicate
종종	other
좌우	other
죄	other
죄인	other
주고받다	predicate
주민	other
주방	other
주식	other
주어지다	predicate
주요하다	predicate
주의	other
주의하다	predicate
주장	other
주저앉다	predicate
줄곧	other
줄어들다	predicate
중반	other
중부	other
중세	other
중소기업	other
중앙	other
중얼거리다	predicate
증가	other
증가하다	predicate
증거	other
증권	other
증권사	other
증명하다	predicate
지경	other
지극히	other
지급하다	predicate
지난날	other
지니다	predicate
지대	other
지도자	other
지루하다	predicate
지배하다	predicate
지불하다	predicate
지속되다	predicate
지속적	other
지시	other
지시하다	predicate
지식	other
지식인	other
지원	other
지원하다	predicate
지위	other
지적	other
지적되다	predicate
지적하다	predicate
지지	other
지출	other
지켜보다	predicate
지혜	other
직전	other
직접적	other
직후	other
진급	other
진단	other
진리	other
진실	other
진지하다	predicate
진출하다	predicate
진행	other
질병	other
짐작하다	predicate
집단	other
집어넣다	predicate
집중되다	predicate
짚다	predicate
짝	other
쫓기다	predicate
쫓다	predicate
쭉	other
차라리	other
차량	other
차림	other
차마	other
차별	other
차츰	other
착각	other
참가	other
참새	other
참여	other
참여하다	predicate
참으로	other
참조	other
창	other
창작	other
창조	other
창조적	other
창조하다	predicate
채	other
책임지다	predicate
처녀	other
처리	other
처벌	other
처지	other
척	other
척하다	predicate
천장	other
철저하다	predicate
철저히	other
철학	other
청춘	other
청하다	predicate
체력	other
체조	other
체험	other
초기	other
초반	other
초원	other
초점	other
총	other
총리	other
최대한	other
최종	other
추가	other
추석	other
추진	other
추진하다	predicate
축소	other
출산	other
출신	other
출연	other
충돌	other
취향	other
치르다	predicate
친정	other
침	other
침묵	other
칸	other
코드	other
코스	other
쾌감	other
타고나다	predicate
타입	other
탄생	other
탄생하다	predicate
탓	other
태아	other
택하다	predicate
터지다	predicate
텍스트	other
토대	other
통계	other
통과하다	predicate
통로	other
통제	other
통증	other
통합	other
투명하다	predicate
투자	other
투표	other
튀다	predicate
튀어나오다	predicate
트럭	other
트이다	predicate
특성	other
특수	other
특정하다	predicate
틀	other
틈	other
파괴하다	predicate
파다	predicate
파악하다	predicate
파출소	other
판	other
판결	other
판단하다	predicate
퍼지다	predicate
펴내다	predicate
평	other
평가	other
평가되다	predicate
평가하다	predicate
평균	other
폭넓다	predicate
폭력	other
표면	other
표준	other
표현되다	predicate
품	other
품다	predicate
품목	other
품질	other
풍부하다	predicate
풍습	other
피하다	predicate
피해	other
피해자	other
필수적	other
필요성	other
필자	other
하긴	other
하느님	other
하도	other
하드웨어	other
하천	other
하필	other
학급	other
학번	other
학부모	other
학술	other
학용품	other
학자	other
한가운데	other
한계	other
한때	other
한마디	other
한문	other
한정되다	predicate
한창	other
합리적	other
항구	other
항의	other
해결되다	predicate
해군	other
해내다	predicate
해당	other
해당되다	predicate
해당하다	predicate
해석하다	predicate
해소	other
해안	other
핵	other
핵심	other
행위	other
행하다	predicate
행해지다	predicate
향	other
향상	other
허가	other
허용	other
허용되다	predicate
헤매다	predicate
헤아리다	predicate
헬기	other
현	other
현대인	other
현상	other
현실	other
현실적	other
현장	other
혈액	other
협력	other
형사	other
형성	other
형성되다	predicate
형성하다	predicate
형식	other
형태	other
형편	other
혜택	other
호기심	other
호박	other
호흡	other
혹시	other
홀로	other
홍보	other
화면	other
화살	other
화장	other
화재	other
화제	other
화학	other
확	other
확보	other
확산되다	predicate
확인되다	predicate
확장	other
확정	other
환경오염	other
환하다	predicate
활용	other
활짝	other
회	other
회견	other
회복	other
효과적	other
효율적	other
후기	other
후반	other
후보	other
훈련	other
훔치다	predicate
휴식	other
흉내	other
흐름	other
흑인	other
흔들리다	predicate
흔적	other
흔하다	predicate
흩어지다	predicate
희곡	other
힘쓰다	predicate
힘차다	predicate
가난	other
가능	other
가능해지다	predicate
가득히	other
가려지다	predicate
가로등	other
가로막다	predicate
가로수	other
가만	other
가만있다	predicate
가뭄	other
가사	other
가입자	other
가입하다	predicate
가정교사	other
가톨릭	other
각오	other
간섭	other
간접	other
간접적	other
간편하다	predicate
간호	other
갈증	other
감동적	other
감소	other
감소되다	predicate
감소하다	predicate
감수성	other
감정적	other
갑	other
갑작스럽다	predicate
값싸다	predicate
강력히	other
강변	other
강북	other
강사	other
강수량	other
강의하다	predicate
강조	other
개개인	other
개다	predicate
개방되다	predicate
개선되다	predicate
거들다	predicate
건너	other
건넌방	other
건네다	predicate
건설되다	predicate
건조하다	predicate
걷기	other
겁나다	predicate
게	other
게시판	other
게으르다	predicate
겨자	other
결과적	other
결석	other
결석하다	predicate
결심	other
경고하다	predicate
경비	other
경영하다	predicate
경제력	other
경제학	other
고구려	other
고궁	other
고급스럽다	predicate
고려	other
고무신	other
고소하다	predicate
고집	other
곧다	predicate
곧이어	other
곧장	other
골치	other
공연되다	predicate
공연장	other
공연하다	predicate
공연히	other
공주	other
공통	other
공통되다	predicate
공통적	other
공통점	other
과외	other
관계없이	other
관광버스	other
관람	other
관람객	other
관심사	other
괴로워하다	predicate
괴롭히다	predicate
굉장하다	predicate
교내	other
교대	other
교복	other
교시	other
교외	other
교육비	other
교육자	other
교재	other
교직	other
교환하다	predicate
구별	other
구별되다	predicate
구분되다	predicate
구속하다	predicate
구입	other
구청	other
국가적	other
국내선	other
국내외	other
국민적	other
국사	other
국적	other
국제선	other
국제적	other
굳히다	predicate
귀가	other
귀가하다	predicate
귀중하다	predicate
귓속	other
귤	other
그간	other
그때그때	other
그래야	other
그래픽	other
그럴듯하다	predicate
그루	other
그리로	other
그리움	other
그리워하다	predicate
그사이	other
그저께	other
그전	other
그제야	other
극작가	other
근교	other
근래	other
긁다	predicate
금강산	other
금고	other
금메달	other
금지되다	predicate
금하다	predicate
급격히	other
급속히	other
급증하다	predicate
급히	other
기념	other
기념일	other
기념품	other
기념하다	predicate
기다	predicate
기대되다	predicate
기도하다	predicate
기막히다	predicate
기성	other
기성세대	other
기술하다	predicate
기억되다	predicate
기업인	other
기여	other
기울다	predicate
기원	other
기적	other
기초적	other
기호	other
기혼	other
긴장감	other
긴장되다	predicate
길어지다	predicate
깊숙이	other
까다	predicate
까먹다	predicate
까치	other
깍두기	other
깔끔하다	predicate
깡패	other
깨끗해지다	predicate
깨뜨리다	predicate
깨소금	other
깨어지다	predicate
깨우다	predicate
꼼꼼하다	predicate
꼼짝	other
꽃씨	other
꾸리다	predicate
꾸준하다	predicate
꾸중	other
끈	other
끊기다	predicate
끊임없다	predicate
끌리다	predicate
끌어당기다	predicate
끼	other
나누어지다	predicate
나뉘다	predicate
나들이	other
나아지다	predicate
낚시꾼	other
낚싯대	other
난리	other
난방	other
날아다니다	predicate
남미	other
남북	other
납득하다	predicate
낭비	other
낮아지다	predicate
낱말	other
내과	other
내달	other
내버리다	predicate
내보내다	predicate
내쉬다	predicate
내외	other
내용물	other
내적	other
내후년	other
냇물	other
냉방	other
넉	other
넉넉하다	predicate
넘겨주다	predicate
넘어뜨리다	predicate
넘어오다	predicate
녹이다	predicate
녹화	other
논리적	other
농사일	other
농사짓다	predicate
농장	other
놓아두다	predicate
놔두다	predicate
눈가	other
눈감다	predicate
눈뜨다	predicate
눈병	other
늑대	other
늘어서다	predicate
늘어지다	predicate
능동적	other
늦가을	other
늦어지다	predicate
다가서다	predicate
다양성	other
다양해지다	predicate
다정하다	predicate
다툼	other
단골	other
단단하다	predicate
단독	other
단순	other
단추	other
단풍	other
달려들다	predicate
달리하다	predicate
담	other
담당자	other
답변	other
당분간	other
대강	other
대기하다	predicate
대낮	other
대략	other
대비	other
대상자	other
대여섯	other
대입	other
대접	other
대접하다	predicate
대중적	other
대체	other
대학로	other
더더욱	other
더러워지다	predicate
더욱더	other
덮이다	predicate
데우다	predicate
데이트	other
도리어	other
도마	other
도망	other
도심	other
도움말	other
도장	other
독감	other
독립하다	predicate
독창적	other
독하다	predicate
돌멩이	other
동그라미	other
동그랗다	predicate
동서	other
동서남북	other
동양인	other
동화책	other
되돌리다	predicate
되돌아가다	predicate
되돌아보다	predicate
되돌아오다	predicate
되살리다	predicate
되풀이되다	predicate
두께	other
두리번거리다	predicate
두어	other
둘러싸이다	predicate
뒤편	other
뒷골목	other
뒷문	other
들어주다	predicate
들여놓다	predicate
들이마시다	predicate
들이켜다	predicate
등록하다	predicate
따님	other
따라다니다	predicate
따로따로	other
따스하다	predicate
딸아이	other
땅바닥	other
떠나가다	predicate
떠나오다	predicate
떠들썩하다	predicate
떡국	other
뛰놀다	predicate
뛰어가다	predicate
뛰어나오다	predicate
뛰어내리다	predicate
뛰어놀다	predicate
뛰어오르다	predicate
뜰	other
뜻대로	other
뜻밖에	other
띄우다	predicate
라운드	other
라이벌	other
라인	other
라켓	other
레이저	other
레저	other
로봇	other
로터리	other
리터	other
마라톤	other
마약	other
마요네즈	other
마음가짐	other
마음껏	other
마음씨	other
마찰	other
마크	other
만세	other
만점	other
만족	other
만족스럽다	predicate
만화가	other
말투	other
맘대로	other
망원경	other
망치다	predicate
매	other
매너	other
매달	other
매달다	predicate
매번	other
매스컴	other
매주	other
머리말	other
머리칼	other
먹고살다	predicate
멍멍	other
멎다	predicate
면담	other
면접	other
멸치	other
명단	other
명령어	other
모금	other
모범	other
모여들다	predicate
모조리	other
모집	other
모집하다	predicate
모퉁이	other
몰려들다	predicate
몰려오다	predicate
몸매	other
몸속	other
못생기다	predicate
묘사	other
무관심	other
무관심하다	predicate
무궁화	other
무덥다	predicate
무리하다	predicate
무사하다	predicate
무용가	other
무의미하다	predicate
무지개	other
무책임하다	predicate
묵다	predicate
묶이다	predicate
문구	other
문밖	other
문법	other
문제되다	predicate
문학적	other
문화적	other
물질적	other
뭘	other
뭣	other
미끄러지다	predicate
미끄럽다	predicate
미니	other
미만	other
미사일	other
미역	other
미용실	other
미움	other
미혼	other
민속	other
믿어지다	predicate
밑바닥	other
바가지	other
바구니	other
바깥쪽	other
바싹	other
바이러스	other
바퀴	other
박	other
반기다	predicate
반대편	other
반말	other
반죽	other
반짝거리다	predicate
반짝이다	predicate
발끝	other
발달되다	predicate
발바닥	other
발자국	other
발전되다	predicate
발톱	other
밝아지다	predicate
밤새	other
밤새우다	predicate
밤색	other
밤하늘	other
방면	other
방바닥	other
방송사	other
방송하다	predicate
방울	other
방지하다	predicate
방해하다	predicate
배우자	other
배추김치	other
배치	other
백두산	other
백색	other
백인	other
백제	other
뱉다	predicate
버려지다	predicate
번개	other
번거롭다	predicate
번역하다	predicate
번지	other
법적	other
벤치	other
변경	other
변명	other
변신	other
변화되다	predicate
별일	other
병실	other
병아리	other
보관	other
보내오다	predicate
보너스	other
보도되다	predicate
보라색	other
보름	other
보리	other
보살피다	predicate
보수	other
보수적	other
보안	other
보완하다	predicate
보자기	other
보존	other
보존하다	predicate
보충하다	predicate
보호되다	predicate
복사기	other
복숭아	other
볶음	other
본	other
본부	other
본사	other
볼링	other
봉사하다	predicate
부딪히다	predicate
부상	other
부재	other
부지런히	other
부채	other
부친	other
부피	other
분리하다	predicate
분명해지다	predicate
분주하다	predicate
분필	other
분홍색	other
불완전하다	predicate
불이익	other
불평	other
불평등하다	predicate
불필요하다	predicate
불확실하다	predicate
붐비다	predicate
붙들다	predicate
붙잡히다	predicate
브랜드	other
비기다	predicate
비둘기	other
비만	other
비바람	other
비상	other
비웃다	predicate
비판적	other
비행장	other
빗방울	other
빗줄기	other
빠뜨리다	predicate
빼놓다	predicate
뺏다	predicate
뿌리치다	predicate
사기	other
사나이	other
사냥	other
사들이다	predicate
사립	other
사망	other
사망하다	predicate
사무직	other
사상	other
사생활	other
사소하다	predicate
사슴	other
사업가	other
사업자	other
사이사이	other
사춘기	other
사투리	other
사표	other
사회생활	other
사회자	other
사회학	other
산길	other
산부인과	other
삼가다	predicate
삼계탕	other
상관	other
상관없이	other
상금	other
상당수	other
상대편	other
상류	other
상반기	other
상징적	other
상쾌하다	predicate
새로이	other
새우다	predicate
색다르다	predicate
색연필	other
생	other
생기	other
생방송	other
생활비	other
생활수준	other
생활용품	other
서늘하다	predicate
서명	other
서명하다	predicate
서양인	other
서적	other
서툴다	predicate
석사	other
선명하다	predicate
선원	other
선전	other
선호하다	predicate
설득하다	predicate
설립하다	predicate
설명되다	predicate
설사	other
섭섭하다	predicate
성경	other
성공적	other
성당	other
성숙하다	predicate
세련되다	predicate
세미나	other
세상에	other
세제	other
세종대왕	other
세트	other
섹시하다	predicate
소규모	other
소극적	other
소망	other
소비하다	predicate
소아과	other
소요되다	predicate
소용	other
소중히	other
소지품	other
소질	other
소홀히	other
소화	other
소화하다	predicate
속마음	other
속삭이다	predicate
속상하다	predicate
손길	other
손등	other
손수	other
손쉽다	predicate
손실	other
손잡다	predicate
손질	other
손질하다	predicate
솜	other
쇠	other
수고	other
수도꼭지	other
수동적	other
수리하다	predicate
수만	other
수시로	other
수입되다	predicate
수입품	other
수저	other
수집	other
수컷	other
수필	other
수험생	other
숙녀	other
순간적	other
순식간	other
순위	other
순진하다	predicate
순하다	predicate
슬그머니	other
슬쩍	other
습기	other
승리하다	predicate
시금치	other
시나리오	other
시대적	other
시댁	other
시도	other
시들다	predicate
시디	other
시디롬	other
시야	other
시외버스	other
시일	other
시집가다	predicate
시청률	other
시합	other
식기	other
식료품	other
식생활	other
식욕	other
식품점	other
식히다	predicate
신라	other
신비	other
신사	other
신설	other
신세대	other
신속하다	predicate
신제품	other
신중하다	predicate
신청서	other
신체적	other
실	other
실감	other
실망	other
실망하다	predicate
실컷	other
실현되다	predicate
심각해지다	predicate
심리적	other
심심하다	predicate
싶어지다	predicate
싸구려	other
싹	other
싼값	other
쌍	other
쌍둥이	other
썩	other
썰렁하다	predicate
쓰다듬다	predicate
쓴맛	other
쓸데없다	predicate
쓸데없이	other
씌우다	predicate
씨앗	other
씻기다	predicate
아드님	other
아랫사람	other
아르바이트	other
아무개	other
아쉬움	other
아스팔트	other
아하	other
안과	other
안동	other
안부	other
안심하다	predicate
앉히다	predicate
알루미늄	other
알아주다	predicate
알코올	other
암시	other
암컷	other
앞날	other
앞문	other
앞바다	other
앨범	other
야간	other
야구장	other
야옹	other
야하다	predicate
약수	other
약점	other
약품	other
약해지다	predicate
약혼녀	other
약혼자	other
얄밉다	predicate
양력	other
양보	other
양상추	other
양옆	other
양주	other
어기다	predicate
어느덧	other
어려워지다	predicate
어저께	other
어째서	other
어쩌다가	other
어쩜	other
어찌나	other
얻어먹다	predicate
얼리다	predicate
얼마간	other
엄숙하다	predicate
엇갈리다	predicate
엉망	other
엉터리	other
엔진	other
여가	other
여군	other
여왕	other
여전하다	predicate
역사상	other
역사학	other
연구실	other
연구원	other
연기되다	predicate
연기하다	predicate
연두색	other
연령	other
연상하다	predicate
연애	other
연인	other
연장	other
연주	other
연출하다	predicate
열기	other
열중하다	predicate
엷다	predicate
영	other
영남	other
영웅	other
영화관	other
영화배우	other
옆구리	other
예고하다	predicate
예보	other
예비	other
예선	other
예술적	other
예습	other
예습하다	predicate
예식장	other
예약하다	predicate
오락	other
오르내리다	predicate
옥상	other
온돌	other
온라인	other
온종일	other
올가을	other
올라서다	predicate
올라타다	predicate
올려다보다	predicate
올여름	other
옷차림	other
와이셔츠	other
왕비	other
왕자	other
외갓집	other
외과	other
외다	predicate
외로움	other
외아들	other
외제	other
외침	other
외할아버지	other
요	other
요리사	other
요약하다	predicate
욕하다	predicate
용	other
용감하다	predicate
용서	other
우아하다	predicate
우편	other
운반	other
운행	other
울음소리	other
웃음소리	other
원서	other
월세	other
웬만하다	predicate
위로	other
위로하다	predicate
위반하다	predicate
위법	other
위성	other
위험성	other
윗몸	other
윗사람	other
유능하다	predicate
유머	other
유발하다	predicate
유산	other
유적지	other
유지되다	predicate
유형	other
육상	other
육체적	other
으레	other
은	other
은은하다	predicate
은행나무	other
음력	other
음반	other
음주	other
응답하다	predicate
의논	other
의도적	other
의류	other
의외로	other
이같이	other
이놈	other
이다음	other
이대로	other
이따금	other
이래서	other
이력서	other
이론적	other
이롭다	predicate
이민	other
이별	other
이슬	other
이어서	other
이용자	other
이제야	other
이해관계	other
인간관계	other
인간성	other
인도	other
인상적	other
인쇄	other
인재	other
인정되다	predicate
인종	other
일대	other
일상적	other
일손	other
일시적	other
일식	other
일일이	other
일자리	other
일치	other
임신부	other
임신하다	predicate
입국	other
입대	other
입력	other
입력하다	predicate
입사	other
입사하다	predicate
잊혀지다	predicate
자격증	other
자매	other
자부심	other
자살	other
자살하다	predicate
자연적	other
자연현상	other
자정	other
자취	other
작은딸	other
작은아들	other
작은아버지	other
작은어머니	other
잔디	other
잔디밭	other
잠그다	predicate
잠바	other
잠수함	other
잡수다	predicate
잡아당기다	predicate
장기간	other
장기적	other
장례	other
장례식	other
장모	other
장모님	other
장사꾼	other
장수	other
장애인	other
장인	other
장차	other
재다	predicate
재밌다	predicate
재생	other
재수	other
재우다	predicate
재주	other
재학	other
재활용	other
재활용품	other
저러다	predicate
저울	other
저편	other
적성	other
적응	other
전공하다	predicate
전구	other
전망하다	predicate
전문적	other
전문점	other
전문직	other
전선	other
전설	other
전세	other
전시	other
전시되다	predicate
전시장	other
전시하다	predicate
전주	other
전통문화	other
전환하다	predicate
전후	other
절약	other
젊음	other
점검	other
점잖다	predicate
정기적	other
정리되다	predicate
정반대	other
정상적	other
정신과	other
정신없이	other
정오	other
정장	other
정지	other
정직하다	predicate
정치학	other
젖	other
제과점	other
제대하다	predicate
제도적	other
제삿날	other
제시	other
제외되다	predicate
제의하다	predicate
제출	other
조개	other
조그마하다	predicate
조기	other
조깅	other
조르다	predicate
조명	other
조선	other
조절	other
조정하다	predicate
조화되다	predicate
존경하다	predicate
졸리다	predicate
졸음	other
좁히다	predicate
종교적	other
종소리	other
종합하다	predicate
좋아	other
주거	other
주관적	other
주년	other
주름	other
주름살	other
주문	other
주일	other
주전자	other
주한	other
줄거리	other
중계방송	other
중년	other
중단	other
중단되다	predicate
중단하다	predicate
중대하다	predicate
중독	other
중순	other
중식	other
중심지	other
중요시하다	predicate
즉석	other
지각	other
지겹다	predicate
지금껏	other
지급	other
지능	other
지도하다	predicate
지름길	other
지리산	other
지워지다	predicate
지저분하다	predicate
지진	other
지폐	other
직선	other
직장인	other
진단하다	predicate
진동	other
진로	other
진료	other
진실로	other
진실하다	predicate
진심	other
진찰	other
진통	other
진행자	other
질적	other
짐작	other
집단적	other
집안일	other
집중적	other
집중하다	predicate
짜증스럽다	predicate
쩔쩔매다	predicate
쫓겨나다	predicate
찌꺼기	other
찍히다	predicate
찢다	predicate
찢어지다	predicate
차선	other
차이점	other
차차	other
차창	other
착각하다	predicate
찬성	other
찬성하다	predicate
참고하다	predicate
참되다	predicate
참석	other
참석자	other
참외	other
창가	other
창구	other
창피하다	predicate
찾아다니다	predicate
채점	other
책임감	other
천국	other
천둥	other
천재	other
철도	other
철학자	other
철학적	other
체계적	other
체온	other
체육관	other
체하다	predicate
체험하다	predicate
초등학생	other
초상화	other
초순	other
초여름	other
초저녁	other
초조하다	predicate
초청	other
초청하다	predicate
촌스럽다	predicate
촛불	other
총각	other
최고급	other
최상	other
최소	other
최신	other
최악	other
최저	other
최후	other
추가되다	predicate
추가하다	predicate
추천	other
추천하다	predicate
추측	other
축구장	other
출국	other
출발점	other
출석하다	predicate
출입국	other
출퇴근	other
출판	other
출판사	other
출현하다	predicate
충격적	other
충고	other
충돌하다	predicate
취업	other
취재	other
치료법	other
치아	other
친해지다	predicate
칠하다	predicate
침착하다	predicate
칭찬하다	predicate
칼국수	other
캄캄하다	predicate
캐릭터	other
캠페인	other
컨디션	other
컬러	other
케첩	other
코끝	other
코미디	other
코스모스	other
코치	other
코트	other
쿠데타	other
크림	other
큰딸	other
큰아들	other
큰아버지	other
큰어머니	other
큰절	other
클래식	other
클럽	other
키스	other
타락	other
타오르다	predicate
타자기	other
탁	other
탁구	other
탁월하다	predicate
탁자	other
탈출하다	predicate
텅	other
테러	other
토론자	other
토론하다	predicate
토론회	other
토하다	predicate
통과	other
통역	other
통일하다	predicate
통화	other
퇴원	other
퇴원하다	predicate
퇴직금	other
튀기다	predicate
튀김	other
특급	other
특수성	other
특이하다	predicate
튼튼히	other
틀림없이	other
판매되다	predicate
판사	other
팝송	other
팩스	other
팩시밀리	other
퍽	other
페인트	other
편견	other
편의	other
편의점	other
평상시	other
평양	other
평화롭다	predicate
폐지	other
포근하다	predicate
포인트	other
포장마차	other
포크	other
포함	other
표시	other
푸다	predicate
풀어지다	predicate
풍속	other
프린터	other
피곤	other
피디	other
피망	other
필수	other
필연적	other
핑계	other
하	other
하나님	other
하나하나	other
하룻밤	other
하반기	other
하순	other
학과	other
학교생활	other
학력	other
학비	other
학위	other
학점	other
한가하다	predicate
한겨울	other
한결	other
한구석	other
한글날	other
한낮	other
한눈	other
한데	other
한반도	other
한밤중	other
한순간	other
한식	other
한여름	other
한정하다	predicate
한층	other
한평생	other
한하다	predicate
함께하다	predicate
합격하다	predicate
합하다	predicate
항공	other
항공기	other
해답	other
해롭다	predicate
해물	other
해설	other
해소하다	predicate
해수욕장	other
핸드백	other
햄	other
행운	other
향상되다	predicate
허락	other
허락하다	predicate
허허	other
현관문	other
현대적	other
형수	other
형식적	other
호남	other
호실	other
호주머니	other
혼나다	predicate
혼잣말	other
홍수	other
화장지	other
확립하다	predicate
확신	other
확신하다	predicate
환영하다	predicate
환율	other
활기	other
활발해지다	predicate
활발히	other
회관	other
회복되다	predicate
회전	other
횟수	other
효도	other
효도하다	predicate
효자	other
후회	other
흐려지다	predicate
흑백	other
흘러내리다	predicate
흥미롭다	predicate
흥분	other
흥분하다	predicate
희망하다	predicate
희생	other
희생하다	predicate
힘겹다	predicate
힘껏	other
힘들어하다	predicate
힘없이	other
