가깝다	a1
가끔	a1
가다	a1
가르치다	a1
가슴	a1
가운데	a1
가장	a1
가져오다	a1
가족	a1
가지다	a1
갑자기	a1
값	a1
같다	a1
같이	a1
개	a1
개월	a1
거	a1
거기	a1
걱정	a1
건강	a1
건물	a1
걷다	a1
걸다	a1
것	a1
게임	a1
겨울	a1
결혼	a1
결혼하다	a1
경찰	a1
계속	a1
계획	a1
고기	a1
고맙다	a1
고향	a1
곧	a1
곳	a1
공	a1
공부	a1
공부하다	a1
과	a1
괜찮다	a1
교수	a1
구월	a1
귀	a1
그	a1
그거	a1
그것	a1
그곳	a1
그날	a1
그동안	a1
그때	a1
그래	a1
그래서	a1
그러나	a1
그러니까	a1
그러면	a1
그런데	a1
그럼	a1
그렇다	a1
그렇지만	a1
그리고	a1
그리다	a1
그림	a1
기다리다	a1
기분	a1
길	a1
길다	a1
꼭	a1
꽃	a1
꿈	a1
끝	a1
끝나다	a1
나	a1
나가다	a1
나다	a1
나라	a1
나무	a1
나쁘다	a1
나오다	a1
나이	a1
나중	a1
날	a1
남녀	a1
남자	a1
남편	a1
낮다	a1
내다	a1
내려가다	a1
내려오다	a1
내리다	a1
너	a1
너무	a1
넓다	a1
넣다	a1
네	a1
년	a1
노래	a1
놀다	a1
놀라다	a1
높다	a1
놓다	a1
누구	a1
누나	a1
눈	a1
눈물	a1
뉴스	a1
늦다	a1
다	a1
다니다	a1
다르다	a1
다른	a1
다리	a1
다시	a1
다음	a1
닦다	a1
달	a1
달러	a1
담배	a1
대답하다	a1
대학	a1
대화	a1
더	a1
도시	a1
돈	a1
돌아가다	a1
돌아오다	a1
돕다	a1
동생	a1
동안	a1
되다	a1
두	a1
둘	a1
뒤	a1
드리다	a1
듣다	a1
들다	a1
들어가다	a1
들어오다	a1
딸	a1
때	a1
때문	a1
떠나다	a1
또	a1
마시다	a1
마음	a1
마지막	a1
만나다	a1
만들다	a1
많다	a1
많이	a1
말	a1
말다	a1
말씀	a1
말하다	a1
맑다	a1
맛	a1
맛있다	a1
매우	a1
머리	a1
먹다	a1
먼저	a1
멀다	a1
며칠	a1
명	a1
몇	a1
모두	a1
모든	a1
모르다	a1
몸	a1
못	a1
못하다	a1
무슨	a1
무엇	a1
문	a1
문제	a1
묻다	a1
물	a1
물건	a1
물론	a1
뭐	a1
미터	a1
밑	a1
바꾸다	a1
바다	a1
바람	a1
바로	a1
바쁘다	a1
밖	a1
반	a1
받다	a1
발	a1
밤	a1
밥	a1
방	a1
배	a1
배우다	a1
버리다	a1
버스	a1
번	a1
벌써	a1
벗다	a1
병원	a1
보내다	a1
보다	a1
봄	a1
부르다	a1
부모	a1
부부	a1
분	a1
불	a1
비	a1
비슷하다	a1
빠르다	a1
빨리	a1
사다	a1
사람	a1
사랑	a1
사랑하다	a1
사용하다	a1
사월	a1
사이	a1
사장	a1
사진	a1
산	a1
살	a1
살다	a1
삼월	a1
새	a1
생각	a1
생각하다	a1
생기다	a1
생활	a1
서다	a1
서로	a1
선생	a1
선생님	a1
설명	a1
설명하다	a1
세	a1
센티미터	a1
속	a1
손	a1
손님	a1
수	a1
수업	a1
술	a1
쉬다	a1
쉽다	a1
시	a1
시간	a1
시작되다	a1
시작하다	a1
시장	a1
시험	a1
식사	a1
신문	a1
싫다	a1
싶다	a1
싸우다	a1
쓰다	a1
쓰레기	a1
씨	a1
씻다	a1
아	a1
아기	a1
아내	a1
아니	a1
아니다	a1
아들	a1
아래	a1
아름답다	a1
아마	a1
아무	a1
아버지	a1
아빠	a1
아이	a1
아저씨	a1
아주	a1
아직	a1
아침	a1
아파트	a1
아프다	a1
안	a1
안다	a1
앉다	a1
않다	a1
알다	a1
앞	a1
얘기	a1
얘기하다	a1
어	a1
어깨	a1
어느	a1
어디	a1
어떠하다	a1
어떤	a1
어떻다	a1
어렵다	a1
어른	a1
어린이	a1
어머니	a1
언니	a1
언제	a1
언제나	a1
얼굴	a1
얼마	a1
얼마나	a1
엄마	a1
없다	a1
여기	a1
여러	a1
여름	a1
여자	a1
여행	a1
역사	a1
열다	a1
열심히	a1
영어	a1
영화	a1
옆	a1
예	a1
예쁘다	a1
옛날	a1
오늘	a1
오다	a1
오래	a1
오르다	a1
오빠	a1
오월	a1
오후	a1
올라가다	a1
올해	a1
옷	a1
왜	a1
외국	a1
요즘	a1
우리	a1
우리나라	a1
운동	a1
울다	a1
웃다	a1
원	a1
위	a1
유월	a1
은행	a1
음식	a1
음악	a1
이	a1
이거	a1
이것	a1
이곳	a1
이때	a1
이런	a1
이렇다	a1
이름	a1
이번	a1
이야기	a1
이야기하다	a1
이제	a1
이해하다	a1
일	a1
일어나다	a1
일하다	a1
읽다	a1
잃다	a1
입	a1
입다	a1
있다	a1
잊다	a1
자다	a1
자동차	a1
자리	a1
자주	a1
작년	a1
작다	a1
잔	a1
잘	a1
잘하다	a1
잠	a1
잠시	a1
잡다	a1
장	a1
재미있다	a1
저	a1
저녁	a1
적다	a1
전	a1
전화	a1
정말	a1
제일	a1
조금	a1
좀	a1
좋다	a1
좋아하다	a1
주다	a1
주인	a1
죽다	a1
준비	a1
준비하다	a1
중요하다	a1
즐겁다	a1
지금	a1
지내다	a1
집	a1
짧다	a1
쪽	a1
차	a1
참	a1
찾다	a1
책	a1
처음	a1
층	a1
치다	a1
친구	a1
커피	a1
컴퓨터	a1
크다	a1
키	a1
타다	a1
태어나다	a1
텔레비전	a1
티브이	a1
팀	a1
팔	a1
팔다	a1
퍼센트	a1
편지	a1
필요	a1
필요하다	a1
하나	a1
하늘	a1
하다	a1
하지만	a1
학교	a1
학년	a1
학생	a1
한	a1
한번	a1
할머니	a1
할아버지	a1
함께	a1
항상	a1
해	a1
허리	a1
형	a1
혼자	a1
환자	a1
회사	a1
회의	a1
후	a1
힘	a1
힘들다	a1
가게	a2
가방	a2
가볍다	a2
가수	a2
가을	a2
간호사	a2
갈비	a2
감기	a2
감사	a2
감사하다	a2
강	a2
거리	a2
거울	a2
걱정하다	a2
건강하다	a2
걸어가다	a2
걸어오다	a2
검은색	a2
결혼식	a2
경복궁	a2
경주	a2
경찰관	a2
경찰서	a2
경치	a2
계란	a2
계시다	a2
계절	a2
고등학교	a2
고등학생	a2
고양이	a2
고프다	a2
공원	a2
공중전화	a2
공책	a2
공항	a2
공휴일	a2
과일	a2
과자	a2
교과서	a2
교실	a2
교통	a2
교회	a2
구	a2
구경	a2
구두	a2
구름	a2
구십	a2
군인	a2
권	a2
그릇	a2
그분	a2
그쪽	a2
극장	a2
근처	a2
금요일	a2
급	a2
기숙사	a2
기차	a2
김밥	a2
김치	a2
깎다	a2
깨끗하다	a2
끄다	a2
끝내다	a2
날다	a2
날씨	a2
날짜	a2
남대문	a2
남대문시장	a2
남동생	a2
남쪽	a2
남학생	a2
낮	a2
내년	a2
내일	a2
냉면	a2
냉장고	a2
넥타이	a2
넷	a2
넷째	a2
노란색	a2
노래하다	a2
노트	a2
다녀오다	a2
다섯	a2
다섯째	a2
단어	a2
닫다	a2
달다	a2
달력	a2
닭	a2
닭고기	a2
대답	a2
대사관	a2
대학교	a2
대학생	a2
댁	a2
덥다	a2
도서관	a2
도와주다	a2
도착	a2
도착하다	a2
독일	a2
동물	a2
동쪽	a2
돼지	a2
돼지고기	a2
둘째	a2
등산	a2
따뜻하다	a2
딸기	a2
떡	a2
똑같다	a2
똑바로	a2
뛰다	a2
뜨겁다	a2
라디오	a2
라면	a2
러시아	a2
마리	a2
마흔	a2
만	a2
말씀하다	a2
맛없다	a2
매일	a2
맥주	a2
맵다	a2
메뉴	a2
모자	a2
목	a2
목요일	a2
목욕	a2
무겁다	a2
물어보다	a2
미국	a2
미안하다	a2
바나나	a2
바지	a2
박물관	a2
반갑다	a2
발음	a2
밝다	a2
방학	a2
배고프다	a2
배부르다	a2
백	a2
백화점	a2
번호	a2
별	a2
병	a2
보통	a2
복잡하다	a2
볼펜	a2
부모님	a2
부산	a2
부엌	a2
부인	a2
북쪽	a2
불고기	a2
불다	a2
비누	a2
비디오	a2
비빔밥	a2
비싸다	a2
비행기	a2
빨간색	a2
빵	a2
사	a2
사과	a2
사무실	a2
사십	a2
사전	a2
사탕	a2
산책	a2
삼	a2
삼십	a2
색	a2
색깔	a2
샌드위치	a2
생선	a2
생일	a2
샤워	a2
서른	a2
서울	a2
서울역	a2
서점	a2
서쪽	a2
선물	a2
선물하다	a2
설악산	a2
설탕	a2
세수	a2
세탁기	a2
셋	a2
셋째	a2
소개하다	a2
소금	a2
소파	a2
소풍	a2
손가락	a2
쇠고기	a2
쇼핑	a2
수건	a2
수박	a2
수영	a2
수영장	a2
수요일	a2
숙제	a2
숟가락	a2
쉰	a2
슈퍼마켓	a2
스무	a2
스물	a2
스키	a2
스트레스	a2
스포츠	a2
슬프다	a2
시계	a2
시원하다	a2
시월	a2
시작	a2
식당	a2
식사하다	a2
식탁	a2
신다	a2
신발	a2
실례	a2
실례하다	a2
싫어하다	a2
십	a2
십이월	a2
십일월	a2
싸다	a2
아니요	a2
아이스크림	a2
아주머니	a2
아줌마	a2
아홉	a2
아흔	a2
안경	a2
안녕	a2
안녕하다	a2
안녕히	a2
안되다	a2
야구	a2
약	a2
약국	a2
약속	a2
약속하다	a2
양말	a2
양복	a2
어서	a2
어제	a2
에어컨	a2
여권	a2
여덟	a2
여동생	a2
여든	a2
여러분	a2
여보세요	a2
여섯	a2
여학생	a2
여행하다	a2
역	a2
연습	a2
연습하다	a2
연필	a2
열	a2
열쇠	a2
영국	a2
예순	a2
오	a2
오래간만	a2
오랜만	a2
오렌지	a2
오른쪽	a2
오십	a2
오전	a2
왜냐하면	a2
외국어	a2
외국인	a2
왼쪽	a2
요리	a2
요리하다	a2
요일	a2
요즈음	a2
우산	a2
우유	a2
우체국	a2
운동장	a2
운동하다	a2
운동화	a2
운전	a2
운전하다	a2
월	a2
월요일	a2
위험	a2
위험하다	a2
유명하다	a2
육	a2
육십	a2
의사	a2
의자	a2
이분	a2
이십	a2
이월	a2
이쪽	a2
인사	a2
인사하다	a2
인천	a2
일곱	a2
일본	a2
일본어	a2
일요일	a2
일월	a2
일주일	a2
일찍	a2
일흔	a2
잃어버리다	a2
잊어버리다	a2
잎	a2
자장면	a2
자전거	a2
잠깐	a2
잠자다	a2
잡수시다	a2
잡지	a2
장미	a2
장소	a2
재미	a2
재미없다	a2
저거	a2
저것	a2
저곳	a2
저기	a2
저쪽	a2
전화번호	a2
전화하다	a2
점심	a2
점심시간	a2
젓가락	a2
정류장	a2
제주도	a2
조용하다	a2
졸업	a2
졸업하다	a2
종이	a2
죄송하다	a2
주	a2
주말	a2
주소	a2
주스	a2
중국	a2
중국어	a2
중학교	a2
중학생	a2
지갑	a2
지난달	a2
지난주	a2
지도	a2
지우개	a2
지우다	a2
지하	a2
지하철	a2
질문	a2
질문하다	a2
짜다	a2
찌개	a2
찍다	a2
창문	a2
책상	a2
천	a2
천천히	a2
첫째	a2
청바지	a2
청소	a2
청소하다	a2
초대	a2
초대하다	a2
초등학교	a2
초콜릿	a2
추다	a2
축구	a2
축하하다	a2
출발하다	a2
춤	a2
춤추다	a2
춥다	a2
취미	a2
치마	a2
치약	a2
친절하다	a2
칠	a2
칠십	a2
칠월	a2
칠판	a2
침대	a2
칫솔	a2
카드	a2
카메라	a2
칼	a2
캐나다	a2
컵	a2
켜다	a2
코	a2
콜라	a2
크리스마스	a2
태권도	a2
택시	a2
테니스	a2
테이블	a2
토요일	a2
파란색	a2
파티	a2
팔십	a2
팔월	a2
포도	a2
표	a2
프랑스	a2
피곤하다	a2
피아노	a2
피우다	a2
피자	a2
한강	a2
한국	a2
한국말	a2
한국어	a2
한글	a2
한복	a2
한자	a2
핸드폰	a2
햄버거	a2
호	a2
호주	a2
호텔	a2
화	a2
화요일	a2
화장실	a2
휴일	a2
휴지	a2
휴지통	a2
흰색	a2
가격	b1
가까이	b1
가꾸다	b1
가난하다	b1
가능성	b1
가능하다	b1
가득	b1
가리다	b1
가리키다	b1
가만히	b1
가스	b1
가정	b1
가지	b1
각	b1
각각	b1
각종	b1
간	b1
간단하다	b1
갈다	b1
감다	b1
감동	b1
감정	b1
강제	b1
강조하다	b1
강하다	b1
갖다	b1
개발하다	b1
개인	b1
걔	b1
거의	b1
거짓말	b1
건너다	b1
걸리다	b1
걸음	b1
검다	b1
검사	b1
게다가	b1
겨우	b1
견디다	b1
결과	b1
결국	b1
결정	b1
결정되다	b1
결정하다	b1
경기	b1
경영	b1
경우	b1
경제	b1
경제적	b1
경험	b1
경험하다	b1
곁	b1
계단	b1
계산	b1
계속되다	b1
계속하다	b1
계약	b1
고개	b1
고객	b1
고급	b1
고려하다	b1
고르다	b1
고모	b1
고민	b1
고생	b1
고장	b1
고추	b1
고치다	b1
고통	b1
곱다	b1
공간	b1
공기	b1
공동	b1
공무원	b1
공사	b1
공연	b1
공장	b1
과거	b1
과장	b1
과제	b1
과학	b1
과학자	b1
관객	b1
관계	b1
관광	b1
관련	b1
관련되다	b1
관련하다	b1
관리	b1
관심	b1
관찰하다	b1
관하다	b1
광고	b1
괜히	b1
굉장히	b1
교류	b1
교육	b1
구멍	b1
구체적	b1
구하다	b1
국가	b1
국내	b1
국민	b1
국제	b1
군	b1
군대	b1
굳이	b1
굵다	b1
굽다	b1
궁금하다	b1
권하다	b1
규칙	b1
그냥	b1
그늘	b1
그다지	b1
그대로	b1
그래도	b1
그램	b1
그러므로	b1
그러하다	b1
그런	b1
그룹	b1
그리	b1
그림자	b1
그만	b1
그만두다	b1
그만큼	b1
그중	b1
그치다	b1
근데	b1
근로자	b1
글	b1
글쎄	b1
글쓰기	b1
글자	b1
금방	b1
급하다	b1
기간	b1
기계	b1
기대	b1
기대하다	b1
기록하다	b1
기르다	b1
기름	b1
기본	b1
기쁘다	b1
기쁨	b1
기사	b1
기술	b1
기억	b1
기억하다	b1
기온	b1
기자	b1
기준	b1
기초	b1
기회	b1
긴장	b1
길이	b1
깊다	b1
깊이	b1
까닭	b1
깨끗이	b1
깨다	b1
꺼내다	b1
껍질	b1
꽤	b1
꾸미다	b1
끄덕이다	b1
끊다	b1
끌다	b1
끓이다	b1
끝내	b1
끼다	b1
나누다	b1
나머지	b1
나서다	b1
나타나다	b1
나타내다	b1
낚시	b1
날개	b1
날아가다	b1
낡다	b1
남기다	b1
남다	b1
남성	b1
낫다	b1
낯설다	b1
낳다	b1
내내	b1
내놓다	b1
내밀다	b1
내용	b1
냄새	b1
너머	b1
너무나	b1
너희	b1
넘다	b1
넘어가다	b1
넘어서다	b1
넘치다	b1
녀석	b1
년대	b1
노동자	b1
노력	b1
노력하다	b1
노인	b1
논문	b1
놀랍다	b1
놀이	b1
농사	b1
농업	b1
농촌	b1
높아지다	b1
높이	b1
높이다	b1
놓이다	b1
놓치다	b1
누르다	b1
눈빛	b1
눈앞	b1
눕다	b1
느껴지다	b1
느끼다	b1
느낌	b1
늘	b1
늘다	b1
늘리다	b1
늘어나다	b1
늙다	b1
능력	b1
다가가다	b1
다가오다	b1
다양하다	b1
다하다	b1
단	b1
단순하다	b1
단순히	b1
단지	b1
단체	b1
달걀	b1
달라지다	b1
달려가다	b1
달리다	b1
닮다	b1
담기다	b1
담다	b1
담당하다	b1
당신	b1
당연하다	b1
당장	b1
닿다	b1
대	b1
대기업	b1
대단하다	b1
대단히	b1
대문	b1
대부분	b1
대신	b1
대중	b1
대중문화	b1
대통령	b1
대표	b1
대표적	b1
대하다	b1
대회	b1
더구나	b1
더하다	b1
던지다	b1
덜	b1
덮다	b1
데	b1
데리다	b1
도구	b1
도로	b1
도움	b1
돌	b1
돌다	b1
돌리다	b1
돌아보다	b1
동기	b1
동네	b1
동시	b1
두다	b1
둥글다	b1
드라마	b1
들려오다	b1
들르다	b1
들리다	b1
들어서다	b1
들여다보다	b1
듯이	b1
등	b1
따다	b1
따라가다	b1
따로	b1
따르다	b1
딱	b1
딴	b1
땀	b1
땅	b1
떠오르다	b1
떠올리다	b1
떨다	b1
떨어지다	b1
떼다	b1
또는	b1
또다시	b1
또한	b1
뛰어들다	b1
뜨다	b1
뜻	b1
마늘	b1
마련되다	b1
마련하다	b1
마루	b1
마르다	b1
마을	b1
마음속	b1
마주	b1
마찬가지	b1
마치	b1
마치다	b1
마침	b1
마침내	b1
막	b1
막다	b1
막히다	b1
만들어지다	b1
만약	b1
만일	b1
만지다	b1
만큼	b1
만화	b1
많아지다	b1
맞다	b1
맞추다	b1
맡기다	b1
맡다	b1
매력	b1
맨	b1
머릿속	b1
머무르다	b1
먹이다	b1
멀리	b1
멈추다	b1
명령	b1
몇몇	b1
모델	b1
모습	b1
모시다	b1
모양	b1
모으다	b1
모이다	b1
모임	b1
목사	b1
목소리	b1
목적	b1
목표	b1
몰다	b1
몰래	b1
몹시	b1
무게	b1
무렵	b1
무릎	b1
무섭다	b1
무시하다	b1
무어	b1
무역	b1
무용	b1
무조건	b1
무척	b1
문제점	b1
문학	b1
문화	b1
물다	b1
물속	b1
미래	b1
미리	b1
미소	b1
미술	b1
미치다	b1
민족	b1
믿다	b1
밀다	b1
밀리미터	b1
및	b1
바뀌다	b1
바늘	b1
바닥	b1
바라다	b1
바라보다	b1
바르다	b1
바위	b1
박사	b1
반대	b1
반대하다	b1
반드시	b1
반장	b1
받아들이다	b1
발견되다	b1
발견하다	b1
발달	b1
발달하다	b1
발생하다	b1
발전	b1
발전하다	b1
발표	b1
발표하다	b1
밝히다	b1
밟다	b1
방문	b1
방문하다	b1
방법	b1
방송	b1
방송국	b1
방향	b1
밭	b1
배경	b1
배우	b1
버릇	b1
번째	b1
벌다	b1
벌어지다	b1
벌이다	b1
법	b1
벗기다	b1
벽	b1
변하다	b1
변화	b1
변화하다	b1
별로	b1
보이다	b1
보험	b1
보호	b1
볶다	b1
본래	b1
부	b1
부근	b1
부끄럽다	b1
부동산	b1
부드럽다	b1
부럽다	b1
부분	b1
부장	b1
부족	b1
부족하다	b1
부처	b1
분명히	b1
분석하다	b1
분위기	b1
불가능하다	b1
불교	b1
불리다	b1
불만	b1
불빛	b1
불안	b1
불안하다	b1
불편하다	b1
붉다	b1
붓다	b1
붙다	b1
붙이다	b1
비교적	b1
비교하다	b1
비밀	b1
비용	b1
비판하다	b1
빌리다	b1
빛	b1
빠지다	b1
빨갛다	b1
빼다	b1
뼈	b1
뽑다	b1
뿌리	b1
뿌리다	b1
뿐	b1
사고	b1
사라지다	b1
사물	b1
사실	b1
사업	b1
사용	b1
사용되다	b1
사회	b1
사회적	b1
살리다	b1
살짝	b1
살펴보다	b1
상대	b1
상대방	b1
상상	b1
상처	b1
상품	b1
새끼	b1
새로	b1
새벽	b1
생각나다	b1
생각되다	b1
생겨나다	b1
서두르다	b1
서비스	b1
서양	b1
섞다	b1
섞이다	b1
선배	b1
선수	b1
선택	b1
선택하다	b1
섬	b1
성격	b1
성공	b1
성공하다	b1
성적	b1
세계	b1
세계적	b1
세금	b1
세기	b1
세상	b1
세우다	b1
세워지다	b1
소	b1
소나무	b1
소녀	b1
소년	b1
소리	b1
소문	b1
소비자	b1
소설	b1
소식	b1
속도	b1
속하다	b1
솔직히	b1
수많다	b1
수술	b1
수입	b1
수출	b1
숙이다	b1
순간	b1
순서	b1
순수하다	b1
술집	b1
숨	b1
숨다	b1
숫자	b1
숲	b1
스스로	b1
스타	b1
스타일	b1
습관	b1
시골	b1
시내	b1
시대	b1
시도하다	b1
시리즈	b1
시민	b1
시설	b1
시인	b1
시절	b1
시청자	b1
시키다	b1
식	b1
식구	b1
식물	b1
식품	b1
신	b1
신부	b1
신용	b1
신청	b1
신체	b1
싣다	b1
실내	b1
실수	b1
실제	b1
심각하다	b1
심다	b1
심리	b1
심하다	b1
싸움	b1
쌀	b1
쌓다	b1
쌓이다	b1
썰다	b1
쏘다	b1
쏟다	b1
쏟아지다	b1
아가씨	b1
아까	b1
아나운서	b1
아마도	b1
아무것	b1
아무래도	b1
아무리	b1
아이고	b1
아픔	b1
안방	b1
안전	b1
알	b1
알려지다	b1
알리다	b1
알맞다	b1
알아듣다	b1
앓다	b1
앞서다	b1
애	b1
야	b1
약간	b1
약하다	b1
양	b1
양쪽	b1
양파	b1
어느새	b1
어둠	b1
어둡다	b1
어려움	b1
어리다	b1
어울리다	b1
어쩌다	b1
어쩌면	b1
언젠가	b1
얻다	b1
얼른	b1
업무	b1
없애다	b1
없어지다	b1
없이	b1
에너지	b1
여기저기	b1
여성	b1
여유	b1
역사가	b1
역시	b1
역할	b1
연결되다	b1
연결하다	b1
연구	b1
연구소	b1
연구자	b1
연구하다	b1
연기	b1
열리다	b1
예금	b1
예술	b1
예술가	b1
예전	b1
예절	b1
예정	b1
옛	b1
오늘날	b1
오래전	b1
오랜	b1
오랫동안	b1
오직	b1
오징어	b1
온	b1
온도	b1
온몸	b1
온통	b1
올라오다	b1
올림픽	b1
옮기다	b1
옳다	b1
완벽하다	b1
완전히	b1
왕	b1
외	b1
외교	b1
요구하다	b1
요금	b1
용돈	b1
우선	b1
울리다	b1
움직이다	b1
웃음	b1
원래	b1
원하다	b1
위반	b1
위치	b1
위치하다	b1
위하다	b1
음	b1
음료	b1
응	b1
의견	b1
의미	b1
의미하다	b1
의하다	b1
이기다	b1
이날	b1
이동	b1
이러하다	b1
이루다	b1
이루어지다	b1
이뤄지다	b1
이르다	b1
이마	b1
이미	b1
이미지	b1
이사	b1
이상	b1
이상하다	b1
이외	b1
이용	b1
이용하다	b1
이웃	b1
이유	b1
이익	b1
이전	b1
이틀	b1
이하	b1
이해	b1
이후	b1
인간	b1
인구	b1
인기	b1
인상	b1
인생	b1
인제	b1
인터넷	b1
일반	b1
일반적	b1
일부	b1
일으키다	b1
임금	b1
임신	b1
입구	b1
입술	b1
입학	b1
자	b1
자격	b1
자기	b1
자꾸	b1
자라다	b1
자료	b1
자르다	b1
자세히	b1
자식	b1
자신	b1
자연	b1
자연스럽다	b1
자유	b1
자유롭다	b1
자체	b1
작가	b1
잔뜩	b1
잘되다	b1
잘못	b1
잘못되다	b1
잘못하다	b1
잡히다	b1
장군	b1
장사	b1
재료	b1
재산	b1
저희	b1
적	b1
적극	b1
적극적	b1
적어도	b1
적용하다	b1
전국	b1
전기	b1
전달하다	b1
전문	b1
전문가	b1
전자	b1
전쟁	b1
전체	b1
전체적	b1
전통	b1
전통적	b1
전하다	b1
전해지다	b1
전혀	b1
절	b1
절대로	b1
절반	b1
젊다	b1
젊은이	b1
점	b1
점점	b1
점차	b1
정	b1
정도	b1
정리	b1
정리하다	b1
정말로	b1
정보	b1
정상	b1
정신	b1
정신적	b1
정치	b1
정하다	b1
정확하다	b1
정확히	b1
젖다	b1
제공하다	b1
제대로	b1
제목	b1
제품	b1
제한	b1
조건	b1
조그맣다	b1
조금씩	b1
조사	b1
조사하다	b1
조상	b1
조용히	b1
좁다	b1
종	b1
종교	b1
종류	b1
종업원	b1
종합	b1
주로	b1
주머니	b1
주변	b1
주부	b1
주요	b1
주위	b1
주인공	b1
주장하다	b1
주제	b1
주택	b1
죽음	b1
죽이다	b1
줄	b1
줄기	b1
줄이다	b1
중	b1
중간	b1
중심	b1
쥐다	b1
즉	b1
즐기다	b1
증상	b1
지	b1
지구	b1
지나가다	b1
지나다	b1
지나치다	b1
지난해	b1
지다	b1
지르다	b1
지방	b1
지붕	b1
지역	b1
지치다	b1
지키다	b1
직업	b1
직원	b1
직장	b1
직접	b1
진짜	b1
진행되다	b1
질서	b1
짐	b1
집다	b1
집안	b1
집중	b1
짓	b1
짓다	b1
짙다	b1
차갑다	b1
차다	b1
차례	b1
차리다	b1
차이	b1
착하다	b1
참가하다	b1
참다	b1
참석하다	b1
창밖	b1
찾아가다	b1
찾아내다	b1
찾아보다	b1
찾아오다	b1
채우다	b1
책임	b1
챙기다	b1
첫	b1
청년	b1
청소년	b1
체육	b1
쳐다보다	b1
초	b1
총장	b1
촬영	b1
최고	b1
최근	b1
최대	b1
최소한	b1
최초	b1
출연하다	b1
충격	b1
충분하다	b1
충분히	b1
취하다	b1
치료	b1
치즈	b1
친척	b1
커다랗다	b1
커지다	b1
코너	b1
콩	b1
크기	b1
큰일	b1
키우다	b1
킬로미터	b1
태도	b1
태양	b1
터	b1
토론	b1
톤	b1
통신	b1
통일	b1
통하다	b1
특별	b1
특별하다	b1
특징	b1
특히	b1
틀다	b1
틀리다	b1
틀림없다	b1
파도	b1
판단	b1
판매	b1
펴다	b1
편	b1
편리하다	b1
편안하다	b1
편하다	b1
펼쳐지다	b1
평생	b1
평소	b1
평화	b1
포기하다	b1
포함되다	b1
포함하다	b1
폭	b1
표정	b1
표현	b1
표현하다	b1
푸르다	b1
풀다	b1
풀리다	b1
풍경	b1
프로	b1
프로그램	b1
피	b1
피다	b1
피부	b1
하루	b1
하얗다	b1
학기	b1
한꺼번에	b1
한동안	b1
한두	b1
한숨	b1
한쪽	b1
한참	b1
한편	b1
해결	b1
해결하다	b1
해외	b1
햇살	b1
행동	b1
행동하다	b1
행복	b1
행복하다	b1
행사	b1
향하다	b1
헤어지다	b1
혀	b1
현금	b1
현대	b1
현재	b1
형님	b1
형제	b1
호랑이	b1
혹은	b1
화려하다	b1
화장품	b1
확대하다	b1
확실하다	b1
확실히	b1
확인하다	b1
환경	b1
활동	b1
활발하다	b1
활용하다	b1
회원	b1
회장	b1
효과	b1
후춧가루	b1
훌륭하다	b1
훨씬	b1
흐르다	b1
흔들다	b1
흔히	b1
흘리다	b1
흙	b1
희다	b1
희망	b1
가구	b2
가까워지다	b2
가늘다	b2
가득하다	b2
가로	b2
가루	b2
가슴속	b2
가요	b2
가위	b2
가이드	b2
가져가다	b2
가져다주다	b2
가죽	b2
가짜	b2
각국	b2
각자	b2
간단히	b2
간식	b2
간장	b2
갈비탕	b2
갈색	b2
갈아입다	b2
갈아타다	b2
감	b2
감상	b2
감상하다	b2
감자	b2
강당	b2
강도	b2
강물	b2
강아지	b2
강원도	b2
개구리	b2
개나리	b2
개인적	b2
거실	b2
거짓	b2
걱정되다	b2
걱정스럽다	b2
건너가다	b2
건너오다	b2
건너편	b2
건지다	b2
건축	b2
검정색	b2
겁	b2
겉	b2
겨울철	b2
결심하다	b2
경기도	b2
경기장	b2
경상도	b2
계산기	b2
계산하다	b2
계획하다	b2
고교	b2
고구마	b2
고모부	b2
고민하다	b2
고생하다	b2
고속	b2
고속도로	b2
고속버스	b2
고추장	b2
고춧가루	b2
곧바로	b2
골목	b2
골목길	b2
골프	b2
골프장	b2
곰	b2
곳곳	b2
공짜	b2
공항버스	b2
과목	b2
과학적	b2
관광객	b2
관광지	b2
광주	b2
괴롭다	b2
교문	b2
교통사고	b2
교포	b2
교환	b2
구경하다	b2
국	b2
국기	b2
국립	b2
국물	b2
국수	b2
국어	b2
국회의원	b2
군데	b2
권투	b2
귀국	b2
귀국하다	b2
귀엽다	b2
규칙적	b2
그다음	b2
그렇게	b2
그렇지	b2
그려지다	b2
그립다	b2
그만하다	b2
그해	b2
근무	b2
근무하다	b2
글쎄요	b2
글씨	b2
금	b2
금년	b2
금연	b2
금지	b2
금지하다	b2
긍정적	b2
기도	b2
기뻐하다	b2
기억나다	b2
기운	b2
기침	b2
기타	b2
긴장하다	b2
길가	b2
길거리	b2
김	b2
김치찌개	b2
김포공항	b2
까만색	b2
까맣다	b2
깜빡	b2
깜짝	b2
깨지다	b2
꺼지다	b2
껌	b2
꼭대기	b2
꽃잎	b2
꾸다	b2
꾸준히	b2
꿀	b2
꿈꾸다	b2
꿈속	b2
끊어지다	b2
끓다	b2
나물	b2
나뭇가지	b2
나뭇잎	b2
나비	b2
나빠지다	b2
나흘	b2
낙엽	b2
날아오다	b2
남	b2
남매	b2
남산	b2
내려놓다	b2
내려다보다	b2
내지	b2
냄비	b2
넓어지다	b2
넓히다	b2
넘어지다	b2
네거리	b2
년도	b2
노랗다	b2
노래방	b2
노랫소리	b2
녹색	b2
녹음	b2
녹음하다	b2
녹차	b2
논의하다	b2
놀이터	b2
농구	b2
농담	b2
눈썹	b2
뉴욕	b2
느리다	b2
다녀가다	b2
다수	b2
다이어트	b2
다치다	b2
다행히	b2
단맛	b2
단점	b2
닫히다	b2
달려오다	b2
달빛	b2
달아나다	b2
담그다	b2
담요	b2
담임	b2
답답하다	b2
답장	b2
답하다	b2
닷새	b2
당근	b2
당기다	b2
당연히	b2
당황하다	b2
대구	b2
대도시	b2
대전	b2
대중교통	b2
대학교수	b2
대학원	b2
대한민국	b2
대화하다	b2
더럽다	b2
더위	b2
덕분	b2
덕수궁	b2
데려가다	b2
데려오다	b2
도둑	b2
도망가다	b2
도시락	b2
도자기	b2
도중	b2
도쿄	b2
독서	b2
독일어	b2
돌려주다	b2
돌보다	b2
돌아서다	b2
동대문	b2
동대문시장	b2
동물원	b2
동아리	b2
동양	b2
동전	b2
동창	b2
동화	b2
되게	b2
된장	b2
된장찌개	b2
두껍다	b2
두드리다	b2
두부	b2
두세	b2
두통	b2
둘러보다	b2
뒤집다	b2
뒤쪽	b2
뒷산	b2
들	b2
들려주다	b2
등록	b2
등록금	b2
등산로	b2
디자이너	b2
디자인	b2
따라오다	b2
땅콩	b2
때때로	b2
땜	b2
떠들다	b2
떡볶이	b2
떨리다	b2
떨어뜨리다	b2
똑같이	b2
똑똑하다	b2
뚜껑	b2
뚱뚱하다	b2
뛰어나가다	b2
뛰어다니다	b2
뛰어오다	b2
라이터	b2
런던	b2
레몬	b2
레스토랑	b2
렌즈	b2
리듬	b2
마구	b2
마사지	b2
마음대로	b2
마중	b2
막내	b2
만남	b2
만두	b2
만족하다	b2
말씀드리다	b2
맞서다	b2
맞은편	b2
매년	b2
매다	b2
머리카락	b2
먹히다	b2
먼지	b2
멀어지다	b2
멋	b2
멋있다	b2
메다	b2
메모	b2
메시지	b2
메일	b2
며느리	b2
명절	b2
명함	b2
몇십	b2
모기	b2
모니터	b2
모래	b2
모레	b2
모자라다	b2
목걸이	b2
목욕탕	b2
몸무게	b2
몸살	b2
무	b2
무늬	b2
무더위	b2
묶다	b2
문장	b2
물고기	b2
물음	b2
미디어	b2
미술관	b2
미워하다	b2
미인	b2
미팅	b2
믿음	b2
밀가루	b2
밉다	b2
바깥	b2
바닷가	b2
바닷물	b2
바보	b2
바이올린	b2
박수	b2
박스	b2
반복하다	b2
반지	b2
반찬	b2
반하다	b2
받침	b2
발가락	b2
발견	b2
발등	b2
발목	b2
발생	b2
발음하다	b2
밤낮	b2
밤늦다	b2
밤새다	b2
밤중	b2
밥그릇	b2
밥맛	b2
밥솥	b2
방금	b2
배구	b2
배꼽	b2
배달	b2
배드민턴	b2
배추	b2
뱀	b2
버섯	b2
버터	b2
버튼	b2
번역	b2
벌레	b2
벌리다	b2
베개	b2
베이징	b2
벨트	b2
변호사	b2
병들다	b2
보고	b2
보고서	b2
보관하다	b2
보람	b2
복도	b2
복사	b2
복사하다	b2
복습	b2
복습하다	b2
볶음밥	b2
볼일	b2
봉지	b2
봉투	b2
뵈다	b2
뵙다	b2
부끄러움	b2
부딪치다	b2
부러워하다	b2
부자	b2
부작용	b2
부잣집	b2
부지런하다	b2
부치다	b2
부탁	b2
부탁하다	b2
북	b2
북한	b2
분명	b2
불꽃	b2
불쌍하다	b2
불행하다	b2
블라우스	b2
비교	b2
비닐	b2
비닐봉지	b2
비서	b2
비키다	b2
비타민	b2
빌다	b2
빌딩	b2
빗	b2
빗물	b2
빨다	b2
빨래	b2
뺨	b2
뻗다	b2
사계절	b2
사과하다	b2
사랑스럽다	b2
사모님	b2
사무	b2
사용자	b2
사원	b2
사위	b2
사이좋다	b2
사자	b2
사진기	b2
사촌	b2
사흘	b2
산소	b2
산속	b2
삶다	b2
삼촌	b2
상	b2
상상하다	b2
상자	b2
상추	b2
상하다	b2
새소리	b2
새우	b2
새해	b2
생신	b2
생활하다	b2
생활환경	b2
서너	b2
서랍	b2
서류	b2
서투르다	b2
석유	b2
선풍기	b2
설거지	b2
설날	b2
설렁탕	b2
섭씨	b2
성	b2
성별	b2
성인	b2
성함	b2
세다	b2
세로	b2
세탁	b2
세탁소	b2
센터	b2
소개	b2
소개되다	b2
소나기	b2
소리치다	b2
소문나다	b2
소설가	b2
소스	b2
소시지	b2
소용없다	b2
소주	b2
소포	b2
속옷	b2
손녀	b2
손목	b2
손바닥	b2
손발	b2
손뼉	b2
손수건	b2
손자	b2
손잡이	b2
손톱	b2
솔직하다	b2
송아지	b2
송이	b2
송편	b2
쇼	b2
수고하다	b2
수년	b2
수돗물	b2
수상	b2
수염	b2
수입하다	b2
수출하다	b2
수표	b2
수학	b2
수화기	b2
숙소	b2
술병	b2
술자리	b2
술잔	b2
스님	b2
스웨터	b2
스케이트	b2
스케줄	b2
스키장	b2
슬퍼하다	b2
슬픔	b2
승용차	b2
시끄럽다	b2
시내버스	b2
시부모	b2
시아버지	b2
시어머니	b2
시외	b2
시집	b2
시청	b2
식다	b2
식빵	b2
식용유	b2
식초	b2
신고	b2
신랑	b2
신문사	b2
신문지	b2
신선하다	b2
신입생	b2
신호	b2
신호등	b2
신혼부부	b2
신혼여행	b2
실력	b2
실수하다	b2
실패	b2
실패하다	b2
싫어지다	b2
심부름	b2
심해지다	b2
싱겁다	b2
썩다	b2
쓰레기통	b2
쓰이다	b2
씨름	b2
씩씩하다	b2
씹다	b2
아뇨	b2
아니야	b2
아래쪽	b2
아래층	b2
아무렇다	b2
아무튼	b2
아버님	b2
아시아	b2
아아	b2
아프리카	b2
악기	b2
악수	b2
안내하다	b2
안전하다	b2
안주	b2
안쪽	b2
안타깝다	b2
암	b2
앞길	b2
앞뒤	b2
앞쪽	b2
애인	b2
액세서리	b2
야외	b2
야채	b2
얇다	b2
양념	b2
양배추	b2
양보하다	b2
얕다	b2
얘	b2
어두워지다	b2
어때	b2
어떡하다	b2
어린아이	b2
어린애	b2
어린이날	b2
어머	b2
어머님	b2
어색하다	b2
어젯밤	b2
어쩐지	b2
억	b2
얹다	b2
얼다	b2
얼음	b2
엉뚱하다	b2
엊그제	b2
엔	b2
엘리베이터	b2
여	b2
여고생	b2
여관	b2
여대생	b2
여름철	b2
여보	b2
여우	b2
여직원	b2
여쭈다	b2
여행사	b2
역사적	b2
연락처	b2
연락하다	b2
연말	b2
연세	b2
연하다	b2
연휴	b2
열차	b2
열흘	b2
염려하다	b2
엽서	b2
영상	b2
영원하다	b2
영원히	b2
영하	b2
옆방	b2
옆집	b2
예매하다	b2
예상	b2
예약	b2
옛날이야기	b2
오가다	b2
오래도록	b2
오래되다	b2
오른발	b2
오른손	b2
오리	b2
오븐	b2
오이	b2
오피스텔	b2
옥수수	b2
올려놓다	b2
와	b2
와인	b2
왠지	b2
외교관	b2
외롭다	b2
외삼촌	b2
외우다	b2
외출	b2
외출하다	b2
외할머니	b2
왼발	b2
왼손	b2
요새	b2
요청	b2
욕실	b2
욕심	b2
우리말	b2
우수하다	b2
우승	b2
우승하다	b2
우연히	b2
우울하다	b2
우표	b2
운	b2
운동복	b2
운전기사	b2
운전자	b2
울산	b2
울음	b2
웃기다	b2
웃어른	b2
원숭이	b2
원피스	b2
월급	b2
월드컵	b2
웨이터	b2
웬일	b2
위아래	b2
위쪽	b2
위층	b2
유교	b2
유난히	b2
유럽	b2
유리	b2
유리창	b2
유명	b2
유치원	b2
유학	b2
유학생	b2
유행	b2
유행하다	b2
으응	b2
음료수	b2
음악가	b2
의심하다	b2
이것저것	b2
이곳저곳	b2
이따가	b2
이렇게	b2
이리	b2
이모	b2
이발소	b2
이불	b2
이빨	b2
이사하다	b2
이성	b2
이용되다	b2
이웃집	b2
이튿날	b2
이혼	b2
이혼하다	b2
익다	b2
익숙하다	b2
익숙해지다	b2
인분	b2
인사말	b2
인삼	b2
인삼차	b2
인원	b2
인천공항	b2
인터뷰	b2
인형	b2
일기	b2
일등	b2
일상	b2
일상생활	b2
일정	b2
일회용	b2
일회용품	b2
읽히다	b2
임시	b2
입원	b2
입원하다	b2
입학하다	b2
자가용	b2
자꾸만	b2
자동	b2
자라나다	b2
자랑스럽다	b2
자랑하다	b2
자판기	b2
작아지다	b2
잔치	b2
잘살다	b2
잘생기다	b2
잠들다	b2
잠옷	b2
장가	b2
장갑	b2
장난감	b2
장남	b2
장래	b2
장마	b2
장점	b2
장학금	b2
재작년	b2
재채기	b2
쟤	b2
저녁때	b2
저런	b2
저렇게	b2
저렇다	b2
저리	b2
저번	b2
저자	b2
저축	b2
적당하다	b2
적당히	b2
적어지다	b2
전공	b2
전기밥솥	b2
전날	b2
전라도	b2
전부	b2
전철	b2
전화기	b2
절대	b2
절약하다	b2
점수	b2
점심때	b2
점원	b2
접시	b2
젓다	b2
정거장	b2
정답	b2
정문	b2
정식	b2
정원	b2
정치적	b2
정해지다	b2
제발	b2
제법	b2
제출하다	b2
조각	b2
조심스럽다	b2
조심하다	b2
조카	b2
존댓말	b2
졸다	b2
졸업생	b2
종로	b2
종이컵	b2
종일	b2
좋아지다	b2
좌석	b2
주먹	b2
주무시다	b2
주문하다	b2
주사	b2
주차	b2
주차장	b2
주차하다	b2
죽	b2
준비되다	b2
준비물	b2
줄다	b2
줄무늬	b2
줍다	b2
중국집	b2
중요	b2
중요성	b2
쥐	b2
즉시	b2
즐거움	b2
즐거워하다	b2
증세	b2
지난번	b2
지점	b2
지하도	b2
진달래	b2
진출	b2
진하다	b2
진행하다	b2
질	b2
짜증	b2
짧아지다	b2
찌다	b2
찌르다	b2
차남	b2
찬물	b2
참기름	b2
찻잔	b2
창고	b2
채널	b2
채소	b2
책가방	b2
책방	b2
책임자	b2
챔피언	b2
철	b2
첫날	b2
청소기	b2
체중	b2
초록색	b2
초밥	b2
초보	b2
초보자	b2
초청장	b2
최선	b2
추억	b2
추위	b2
축구공	b2
축제	b2
축하	b2
출구	b2
출근	b2
출근하다	b2
출발	b2
출입	b2
출입문	b2
출장	b2
충청도	b2
취소	b2
취소하다	b2
취직	b2
치과	b2
치료하다	b2
치우다	b2
친절	b2
친하다	b2
침실	b2
칭찬	b2
카레	b2
카운터	b2
카페	b2
캠퍼스	b2
커튼	b2
켜지다	b2
코끼리	b2
코피	b2
콘서트	b2
콤플렉스	b2
콩나물	b2
큰길	b2
큰소리	b2
킬로	b2
킬로그램	b2
탑	b2
태우다	b2
태풍	b2
탤런트	b2
터널	b2
터뜨리다	b2
터미널	b2
턱	b2
털	b2
털다	b2
테스트	b2
테이프	b2
토끼	b2
토마토	b2
통	b2
통장	b2
퇴근	b2
퇴근하다	b2
특별히	b2
튼튼하다	b2
티셔츠	b2
파	b2
파랗다	b2
파리	b2
파일	b2
판매하다	b2
팔리다	b2
패션	b2
팩	b2
팬	b2
팬티	b2
편히	b2
평범하다	b2
평일	b2
포도주	b2
포스터	b2
포장	b2
표시하다	b2
푹	b2
풀	b2
플라스틱	b2
피로	b2
피로하다	b2
피시	b2
필름	b2
필통	b2
하숙집	b2
하얀색	b2
하여튼	b2
하품	b2
하하	b2
학생증	b2
학습	b2
학원	b2
한국적	b2
한둘	b2
한라산	b2
한잔	b2
한잔하다	b2
할인	b2
함부로	b2
합격	b2
합치다	b2
해마다	b2
해석	b2
해외여행	b2
햇볕	b2
햇빛	b2
향기	b2
향수	b2
허용하다	b2
헌	b2
현관	b2
현지	b2
형부	b2
호선	b2
호수	b2
홈페이지	b2
홍차	b2
화가	b2
화나다	b2
화분	b2
확대되다	b2
확인	b2
환갑	b2
환영	b2
활동하다	b2
회복하다	b2
회색	b2
회화	b2
횡단보도	b2
후배	b2
후회하다	b2
휴가	b2
흐리다	b2
흘러가다	b2
흘러나오다	b2
흥미	b2
가라앉다	c1
가령	c1
가르다	c1
가르침	c1
가상	c1
가입	c1
가치	c1
가치관	c1
가하다	c1
각기	c1
간격	c1
간부	c1
간신히	c1
간판	c1
간혹	c1
갇히다	c1
갈등	c1
갈수록	c1
감각	c1
감독	c1
감싸다	c1
감옥	c1
감추다	c1
감히	c1
강남	c1
강력하다	c1
강렬하다	c1
강요하다	c1
강의	c1
강화하다	c1
갖가지	c1
갖추다	c1
같이하다	c1
갚다	c1
개국	c1
개미	c1
개발되다	c1
개방	c1
개방하다	c1
개별	c1
개선	c1
개선하다	c1
개성	c1
객관적	c1
거꾸로	c1
거대하다	c1
거두다	c1
거듭	c1
거부하다	c1
거액	c1
거절하다	c1
거치다	c1
거칠다	c1
거품	c1
건	c1
건네주다	c1
건드리다	c1
건설	c1
건설하다	c1
건전하다	c1
건조	c1
걸치다	c1
검토	c1
겪다	c1
견해	c1
결론	c1
결승	c1
결코	c1
경계	c1
경고	c1
경력	c1
경쟁	c1
경쟁력	c1
경향	c1
계곡	c1
계좌	c1
계층	c1
고요하다	c1
고작	c1
고전	c1
고집하다	c1
고통스럽다	c1
고함	c1
곡	c1
곡식	c1
곤란하다	c1
곧잘	c1
골	c1
골고루	c1
골짜기	c1
공개	c1
공개하다	c1
공격	c1
공격하다	c1
공공	c1
공군	c1
공급	c1
공식	c1
공식적	c1
공업	c1
공중	c1
공포	c1
공해	c1
과연	c1
과정	c1
관계되다	c1
관계자	c1
관념	c1
관리하다	c1
관습	c1
관점	c1
관찰	c1
광경	c1
광장	c1
괴로움	c1
교사	c1
교양	c1
교장	c1
교체	c1
교훈	c1
구르다	c1
구별하다	c1
구분	c1
구분하다	c1
구석	c1
구석구석	c1
구성	c1
구성되다	c1
구성하다	c1
구속	c1
구속되다	c1
구역	c1
구입하다	c1
구조	c1
국산	c1
국왕	c1
국제화	c1
국회	c1
군사	c1
굳다	c1
굳어지다	c1
굶다	c1
굽히다	c1
궁극적	c1
권리	c1
권위	c1
귀신	c1
귀찮다	c1
귀하다	c1
규모	c1
규정	c1
균형	c1
그나마	c1
그녀	c1
그놈	c1
그대	c1
그러다	c1
그런대로	c1
그리하여	c1
그야말로	c1
그이	c1
그저	c1
그제서야	c1
그토록	c1
극	c1
극복	c1
극복하다	c1
극히	c1
근거	c1
근거하다	c1
근로	c1
근본	c1
근본적	c1
근원	c1
근육	c1
금세	c1
금액	c1
긋다	c1
기	c1
기관	c1
기구	c1
기기	c1
기능	c1
기대다	c1
기독교	c1
기둥	c1
기록	c1
기록되다	c1
기법	c1
기본적	c1
기술자	c1
기업	c1
기여하다	c1
기울이다	c1
기원전	c1
기초하다	c1
기획	c1
기후	c1
긴급	c1
깔다	c1
깔리다	c1
깨닫다	c1
깨달음	c1
깨어나다	c1
꺾다	c1
꼬리	c1
꼬마	c1
꼴	c1
꼽히다	c1
꽂다	c1
꽉	c1
끊임없이	c1
끝없다	c1
끝없이	c1
끼어들다	c1
끼우다	c1
나란히	c1
나르다	c1
나름	c1
나아가다	c1
나침반	c1
날리다	c1
날카롭다	c1
남부	c1
낮추다	c1
내	c1
내다보다	c1
내려지다	c1
내부	c1
내주다	c1
냉동	c1
널리	c1
넘기다	c1
년생	c1
노동	c1
노선	c1
녹다	c1
논	c1
논리	c1
논쟁	c1
논하다	c1
놀리다	c1
놈	c1
농민	c1
농부	c1
농산물	c1
뇌	c1
눈길	c1
눈동자	c1
눈부시다	c1
늘어놓다	c1
다듬다	c1
다루다	c1
다름없다	c1
다만	c1
다방	c1
다소	c1
다지다	c1
다짐하다	c1
다투다	c1
다행	c1
닥치다	c1
단계	c1
단위	c1
단편	c1
달래다	c1
달리	c1
달리기	c1
담당	c1
답	c1
당당하다	c1
당시	c1
당하다	c1
대가	c1
대개	c1
대규모	c1
대기	c1
대다	c1
대다수	c1
대량	c1
대로	c1
대륙	c1
대비하다	c1
대사	c1
대신하다	c1
대응	c1
대응하다	c1
대책	c1
대처하다	c1
대체로	c1
대출	c1
대충	c1
대표하다	c1
대합실	c1
대형	c1
댐	c1
더불다	c1
더욱	c1
더욱이	c1
덕	c1
덜다	c1
덧붙이다	c1
덩어리	c1
도	c1
도달하다	c1
도대체	c1
도덕	c1
도망치다	c1
도입	c1
도저히	c1
도전	c1
독립	c1
독특하다	c1
돌아다니다	c1
동	c1
동료	c1
동부	c1
동의	c1
동의하다	c1
동일하다	c1
동작	c1
동포	c1
동행	c1
되찾다	c1
되풀이하다	c1
두뇌	c1
두드러지다	c1
두려움	c1
두려워하다	c1
두렵다	c1
두르다	c1
둘러싸다	c1
둥지	c1
뒤늦다	c1
뒤따르다	c1
뒤지다	c1
뒷모습	c1
드디어	c1
드러나다	c1
드물다	c1
들이다	c1
듯	c1
듯싶다	c1
듯하다	c1
등등	c1
등록증	c1
등장	c1
등장하다	c1
디스크	c1
따라서	c1
딱딱하다	c1
땅속	c1
때로	c1
때리다	c1
떼	c1
뚫다	c1
뛰어나다	c1
뛰어넘다	c1
뜯다	c1
뜻밖	c1
뜻하다	c1
띄다	c1
리	c1
리그	c1
마누라	c1
마당	c1
마디	c1
마땅하다	c1
마련	c1
마무리	c1
마음먹다	c1
마이크	c1
마주치다	c1
막걸리	c1
막상	c1
만만하다	c1
만하다	c1
말기	c1
말리다	c1
말없이	c1
맘	c1
맛보다	c1
망설이다	c1
망하다	c1
맞이하다	c1
매달리다	c1
매장	c1
매체	c1
맺다	c1
머물다	c1
먹이	c1
멋지다	c1
메우다	c1
면	c1
면적	c1
면하다	c1
명예	c1
명의	c1
명칭	c1
명확하다	c1
모	c1
모색하다	c1
모처럼	c1
목록	c1
목숨	c1
몸짓	c1
몸통	c1
못되다	c1
못지않다	c1
묘사하다	c1
무기	c1
무너지다	c1
무대	c1
무덤	c1
무려	c1
무료	c1
무리	c1
문득	c1
문서	c1
문자	c1
문화재	c1
묻히다	c1
물가	c1
물결	c1
물기	c1
물러나다	c1
물리학	c1
물질	c1
물체	c1
미	c1
미루다	c1
미스	c1
미처	c1
민간	c1
민주	c1
민주주의	c1
민주화	c1
밀리다	c1
밀접하다	c1
바	c1
바람직하다	c1
바로잡다	c1
바치다	c1
바탕	c1
박다	c1
박히다	c1
반면	c1
반발	c1
반복되다	c1
반성	c1
반성하다	c1
반영하다	c1
반응	c1
발걸음	c1
발길	c1
발레	c1
발표되다	c1
발휘하다	c1
밝혀내다	c1
밝혀지다	c1
밥상	c1
방식	c1
방안	c1
방지	c1
방해	c1
배다	c1
백성	c1
뱃사람	c1
버티다	c1
벌	c1
벌금	c1
벌떡	c1
범위	c1
범인	c1
범죄	c1
법률	c1
법원	c1
법칙	c1
베다	c1
벼	c1
변동	c1
별다르다	c1
별도	c1
별명	c1
보고하다	c1
보도	c1
보도하다	c1
보상	c1
보장	c1
보장되다	c1
보장하다	c1
보전	c1
보조	c1
보편적	c1
보호하다	c1
복	c1
본격적	c1
본성	c1
본인	c1
본질	c1
볼	c1
봉사	c1
부담	c1
부담하다	c1
부대	c1
부러지다	c1
부문	c1
부분적	c1
부서	c1
부서지다	c1
부위	c1
부정	c1
부정적	c1
부정하다	c1
부품	c1
부회장	c1
북부	c1
분노	c1
분량	c1
분리	c1
분리되다	c1
분명하다	c1
분석	c1
분야	c1
분포하다	c1
불가피하다	c1
불과	c1
불과하다	c1
불구하다	c1
불러일으키다	c1
불리하다	c1
불법	c1
불어오다	c1
불편	c1
불행	c1
붙잡다	c1
비극	c1
비난	c1
비다	c1
비로소	c1
비롯되다	c1
비롯하다	c1
비명	c1
비비다	c1
비우다	c1
비율	c1
비중	c1
비추다	c1
비치다	c1
비판	c1
비하다	c1
비행	c1
빚	c1
빛깔	c1
빛나다	c1
빠져나가다	c1
빠져나오다	c1
빼앗기다	c1
빼앗다	c1
뻔하다	c1
뽑히다	c1
사건	c1
사귀다	c1
사례	c1
사무소	c1
사방	c1
사설	c1
사실상	c1
사정	c1
사회주의	c1
산업	c1
살림	c1
살아가다	c1
살아나다	c1
살아남다	c1
살아오다	c1
살인	c1
살피다	c1
삶	c1
삼국	c1
삼다	c1
삼키다	c1
상관없다	c1
상담	c1
상당	c1
상당하다	c1
상당히	c1
상대성	c1
상대적	c1
상상력	c1
상식	c1
상업	c1
상인	c1
상점	c1
상징하다	c1
상태	c1
상표	c1
상황	c1
새기다	c1
새다	c1
새롭다	c1
생명	c1
생물	c1
생산	c1
생산되다	c1
생산력	c1
생산자	c1
생산하다	c1
서구	c1
서민	c1
서부	c1
서서히	c1
서클	c1
석	c1
선	c1
선거	c1
선언하다	c1
선장	c1
선정하다	c1
선진	c1
선진국	c1
설문	c1
설치	c1
설치되다	c1
설치하다	c1
성립되다	c1
성립하다	c1
성명	c1
성실하다	c1
성장	c1
성장하다	c1
성질	c1
세계관	c1
세대	c1
세월	c1
셈	c1
소득	c1
소매	c1
소박하다	c1
소비	c1
소속	c1
소수	c1
소원	c1
소위	c1
소유	c1
소유자	c1
소유하다	c1
소음	c1
소재	c1
소중하다	c1
소프트웨어	c1
소형	c1
속담	c1
속이다	c1
손해	c1
솜씨	c1
솟다	c1
수단	c1
수도	c1
수도권	c1
수면	c1
수명	c1
수백	c1
수석	c1
수십	c1
수없이	c1
수요	c1
수준	c1
수집하다	c1
수천	c1
수행하다	c1
순수	c1
숨기다	c1
숨지다	c1
스승	c1
스위치	c1
스치다	c1
스튜디오	c1
승객	c1
승리	c1
승부	c1
승진	c1
시각	c1
시기	c1
시멘트	c1
시선	c1
시스템	c1
시위	c1
시점	c1
시중	c1
시즌	c1
식량	c1
신경	c1
신고하다	c1
신규	c1
신기하다	c1
신념	c1
신분	c1
신세	c1
신인	c1
신청하다	c1
신화	c1
실로	c1
실리다	c1
실습	c1
실시	c1
실시되다	c1
실시하다	c1
실은	c1
실장	c1
실정	c1
실제로	c1
실질적	c1
실천	c1
실천하다	c1
실체	c1
실태	c1
실험	c1
실현	c1
실현하다	c1
심사	c1
심장	c1
심정	c1
심판	c1
싱싱하다	c1
쓰러지다	c1
쓸다	c1
쓸쓸하다	c1
아깝다	c1
아끼다	c1
아냐	c1
아니하다	c1
아무런	c1
아쉽다	c1
아예	c1
아울러	c1
아유	c1
아이디어	c1
악몽	c1
안개	c1
안기다	c1
안내	c1
안정	c1
안정되다	c1
안팎	c1
알아내다	c1
알아보다	c1
압력	c1
앞두다	c1
앞서	c1
앞세우다	c1
앞장서다	c1
애쓰다	c1
애정	c1
애초	c1
액수	c1
야단	c1
양국	c1
양식	c1
양심	c1
어리석다	c1
어지럽다	c1
어쨌든	c1
어찌	c1
어찌하다	c1
억울하다	c1
언덕	c1
언론	c1
언어	c1
얼핏	c1
엄격하다	c1
엄청나다	c1
업다	c1
업종	c1
업체	c1
엉덩이	c1
엎드리다	c1
에	c1
여간	c1
여건	c1
여겨지다	c1
여기다	c1
여럿	c1
여론	c1
여인	c1
여전히	c1
연간	c1
연결	c1
연관	c1
연극	c1
연기자	c1
연락	c1
연설	c1
연속	c1
연예인	c1
연출	c1
연합	c1
열매	c1
열정	c1
염려	c1
엿보다	c1
영양	c1
영업	c1
영역	c1
영향	c1
영향력	c1
영혼	c1
영화제	c1
예감	c1
예방	c1
예방하다	c1
예산	c1
예상되다	c1
예상하다	c1
예외	c1
예의	c1
예정되다	c1
예측하다	c1
예컨대	c1
오로지	c1
오염	c1
오염되다	c1
오페라	c1
오해	c1
오히려	c1
온갖	c1
올	c1
올리다	c1
올바르다	c1
완성	c1
완성되다	c1
완성하다	c1
완전	c1
완전하다	c1
외면하다	c1
외모	c1
외부	c1
외치다	c1
요구	c1
요구되다	c1
요청하다	c1
욕	c1
용기	c1
용도	c1
용서하다	c1
용어	c1
우려	c1
우습다	c1
우정	c1
우주	c1
운명	c1
운영하다	c1
운전사	c1
움직임	c1
워낙	c1
원고	c1
원인	c1
원장	c1
웬	c1
위기	c1
위대하다	c1
위원	c1
위원장	c1
위주	c1
위협	c1
유리하다	c1
유물	c1
유사하다	c1
유의하다	c1
유적	c1
유지하다	c1
육군	c1
육체	c1
음성	c1
음식물	c1
음식점	c1
의논하다	c1
의도	c1
의무	c1
의문	c1
의복	c1
의식	c1
의식하다	c1
의심	c1
의욕	c1
의원	c1
의존하다	c1
의지	c1
의지하다	c1
의학	c1
이끌다	c1
이내	c1
이념	c1
이달	c1
이데올로기	c1
이동하다	c1
이래	c1
이러다	c1
이런저런	c1
이룩하다	c1
이리저리	c1
이사장	c1
이상적	c1
이어	c1
이어지다	c1
이윽고	c1
이자	c1
이중	c1
이해되다	c1
익히다	c1
인	c1
인간적	c1
인격	c1
인공	c1
인근	c1
인류	c1
인물	c1
인식하다	c1
인연	c1
인정받다	c1
인정하다	c1
인체	c1
인하	c1
인하다	c1
일단	c1
일반인	c1
일부러	c1
일생	c1
일쑤	c1
일어서다	c1
일자	c1
일정하다	c1
일종	c1
일찍이	c1
일체	c1
일치하다	c1
일행	c1
임무	c1
입맛	c1
입시	c1
입장	c1
입히다	c1
잇다	c1
잇따르다	c1
자극	c1
자극하다	c1
자네	c1
자녀	c1
자랑	c1
자세	c1
자세하다	c1
자신감	c1
자연환경	c1
자연히	c1
자원	c1
자율	c1
자존심	c1
자판	c1
작성	c1
작성하다	c1
작업	c1
작용	c1
작용하다	c1
작품	c1
잘나다	c1
잘리다	c1
잠기다	c1
잠자리	c1
잡아먹다	c1
장관	c1
장난	c1
장르	c1
장면	c1
장비	c1
장식	c1
잦다	c1
재능	c1
재빨리	c1
재정	c1
재즈	c1
재판	c1
저고리	c1
저마다	c1
저절로	c1
저지르다	c1
적용	c1
적용되다	c1
적응하다	c1
적절하다	c1
적합하다	c1
적히다	c1
전개	c1
전개되다	c1
전개하다	c1
전국적	c1
전달	c1
전달되다	c1
전망	c1
전반	c1
전반적	c1
전시회	c1
전용	c1
전환	c1
절대적	c1
절망	c1
절차	c1
접근	c1
접근하다	c1
접다	c1
접촉	c1
접하다	c1
정기	c1
정당	c1
정면	c1
정보화	c1
정부	c1
정비	c1
정성	c1
정치권	c1
정치인	c1
제거하다	c1
제공	c1
제비	c1
제사	c1
제시되다	c1
제시하다	c1
제안	c1
제안하다	c1
제약	c1
제외하다	c1
제의	c1
제자	c1
제자리	c1
제작	c1
제작하다	c1
제한되다	c1
제한하다	c1
조	c1
조미료	c1
조절하다	c1
조정	c1
조직	c1
존재	c1
존재하다	c1
존중하다	c1
종종	c1
좌우	c1
죄	c1
죄인	c1
주고받다	c1
주민	c1
주방	c1
주식	c1
주어지다	c1
주요하다	c1
주의	c1
주의하다	c1
주장	c1
주저앉다	c1
줄곧	c1
줄어들다	c1
중반	c1
중부	c1
중세	c1
중소기업	c1
중앙	c1
중얼거리다	c1
증가	c1
증가하다	c1
증거	c1
증권	c1
증권사	c1
증명하다	c1
지경	c1
지극히	c1
지급하다	c1
지난날	c1
지니다	c1
지대	c1
지도자	c1
지루하다	c1
지배하다	c1
지불하다	c1
지속되다	c1
지속적	c1
지시	c1
지시하다	c1
지식	c1
지식인	c1
지원	c1
지원하다	c1
지위	c1
지적	c1
지적되다	c1
지적하다	c1
지지	c1
지출	c1
지켜보다	c1
지혜	c1
직전	c1
직접적	c1
직후	c1
진급	c1
진단	c1
진리	c1
진실	c1
진지하다	c1
진출하다	c1
진행	c1
질병	c1
짐작하다	c1
집단	c1
집어넣다	c1
집중되다	c1
짚다	c1
짝	c1
쫓기다	c1
쫓다	c1
쭉	c1
차라리	c1
차량	c1
차림	c1
차마	c1
차별	c1
차츰	c1
착각	c1
참가	c1
참새	c1
참여	c1
참여하다	c1
참으로	c1
참조	c1
창	c1
창작	c1
창조	c1
창조적	c1
창조하다	c1
채	c1
책임지다	c1
처녀	c1
처리	c1
처벌	c1
처지	c1
척	c1
척하다	c1
천장	c1
철저하다	c1
철저히	c1
철학	c1
청춘	c1
청하다	c1
체력	c1
체조	c1
체험	c1
초기	c1
초반	c1
초원	c1
초점	c1
총	c1
총리	c1
최대한	c1
최종	c1
추가	c1
추석	c1
추진	c1
추진하다	c1
축소	c1
출산	c1
출신	c1
출연	c1
충돌	c1
취향	c1
치르다	c1
친정	c1
침	c1
침묵	c1
칸	c1
코드	c1
코스	c1
쾌감	c1
타고나다	c1
타입	c1
탄생	c1
탄생하다	c1
탓	c1
태아	c1
택하다	c1
터지다	c1
텍스트	c1
토대	c1
통계	c1
통과하다	c1
통로	c1
통제	c1
통증	c1
통합	c1
투명하다	c1
투자	c1
투표	c1
튀다	c1
튀어나오다	c1
트럭	c1
트이다	c1
특성	c1
특수	c1
특정하다	c1
틀	c1
틈	c1
파괴하다	c1
파다	c1
파악하다	c1
파출소	c1
판	c1
판결	c1
판단하다	c1
퍼지다	c1
펴내다	c1
평	c1
평가	c1
평가되다	c1
평가하다	c1
평균	c1
폭넓다	c1
폭력	c1
표면	c1
표준	c1
표현되다	c1
품	c1
품다	c1
품목	c1
품질	c1
풍부하다	c1
풍습	c1
피하다	c1
피해	c1
피해자	c1
필수적	c1
필요성	c1
필자	c1
하긴	c1
하느님	c1
하도	c1
하드웨어	c1
하천	c1
하필	c1
학급	c1
학번	c1
학부모	c1
학술	c1
학용품	c1
학자	c1
한가운데	c1
한계	c1
한때	c1
한마디	c1
한문	c1
한정되다	c1
한창	c1
합리적	c1
항구	c1
항의	c1
해결되다	c1
해군	c1
해내다	c1
해당	c1
해당되다	c1
해당하다	c1
해석하다	c1
해소	c1
해안	c1
핵	c1
핵심	c1
행위	c1
행하다	c1
행해지다	c1
향	c1
향상	c1
허가	c1
허용	c1
허용되다	c1
헤매다	c1
헤아리다	c1
헬기	c1
현	c1
현대인	c1
현상	c1
현실	c1
현실적	c1
현장	c1
혈액	c1
협력	c1
형사	c1
형성	c1
형성되다	c1
형성하다	c1
형식	c1
형태	c1
형편	c1
혜택	c1
호기심	c1
호박	c1
호흡	c1
혹시	c1
홀로	c1
홍보	c1
화면	c1
화살	c1
화장	c1
화재	c1
화제	c1
화학	c1
확	c1
확보	c1
확산되다	c1
확인되다	c1
확장	c1
확정	c1
환경오염	c1
환하다	c1
활용	c1
활짝	c1
회	c1
회견	c1
회복	c1
효과적	c1
효율적	c1
후기	c1
후반	c1
후보	c1
훈련	c1
훔치다	c1
휴식	c1
흉내	c1
흐름	c1
흑인	c1
흔들리다	c1
흔적	c1
흔하다	c1
흩어지다	c1
희곡	c1
힘쓰다	c1
힘차다	c1
가난	c2
가능	c2
가능해지다	c2
가득히	c2
가려지다	c2
가로등	c2
가로막다	c2
가로수	c2
가만	c2
가만있다	c2
가뭄	c2
가사	c2
가입자	c2
가입하다	c2
가정교사	c2
가톨릭	c2
각오	c2
간섭	c2
간접	c2
간접적	c2
간편하다	c2
간호	c2
갈증	c2
감동적	c2
감소	c2
감소되다	c2
감소하다	c2
감수성	c2
감정적	c2
갑	c2
갑작스럽다	c2
값싸다	c2
강력히	c2
강변	c2
강북	c2
강사	c2
강수량	c2
강의하다	c2
강조	c2
개개인	c2
개다	c2
개방되다	c2
개선되다	c2
거들다	c2
건너	c2
건넌방	c2
건네다	c2
건설되다	c2
건조하다	c2
걷기	c2
겁나다	c2
게	c2
게시판	c2
게으르다	c2
겨자	c2
결과적	c2
결석	c2
결석하다	c2
결심	c2
경고하다	c2
경비	c2
경영하다	c2
경제력	c2
경제학	c2
고구려	c2
고궁	c2
고급스럽다	c2
고려	c2
고무신	c2
고소하다	c2
고집	c2
곧다	c2
곧이어	c2
곧장	c2
골치	c2
공연되다	c2
공연장	c2
공연하다	c2
공연히	c2
공주	c2
공통	c2
공통되다	c2
공통적	c2
공통점	c2
과외	c2
관계없이	c2
관광버스	c2
관람	c2
관람객	c2
관심사	c2
괴로워하다	c2
괴롭히다	c2
굉장하다	c2
교내	c2
교대	c2
교복	c2
교시	c2
교외	c2
교육비	c2
교육자	c2
교재	c2
교직	c2
교환하다	c2
구별	c2
구별되다	c2
구분되다	c2
구속하다	c2
구입	c2
구청	c2
국가적	c2
국내선	c2
국내외	c2
국민적	c2
국사	c2
국적	c2
국제선	c2
국제적	c2
굳히다	c2
귀가	c2
귀가하다	c2
귀중하다	c2
귓속	c2
귤	c2
그간	c2
그때그때	c2
그래야	c2
그래픽	c2
그럴듯하다	c2
그루	c2
그리로	c2
그리움	c2
그리워하다	c2
그사이	c2
그저께	c2
그전	c2
그제야	c2
극작가	c2
근교	c2
근래	c2
긁다	c2
금강산	c2
금고	c2
금메달	c2
금지되다	c2
금하다	c2
급격히	c2
급속히	c2
급증하다	c2
급히	c2
기념	c2
기념일	c2
기념품	c2
기념하다	c2
기다	c2
기대되다	c2
기도하다	c2
기막히다	c2
기성	c2
기성세대	c2
기술하다	c2
기억되다	c2
기업인	c2
기여	c2
기울다	c2
기원	c2
기적	c2
기초적	c2
기호	c2
기혼	c2
긴장감	c2
긴장되다	c2
길어지다	c2
깊숙이	c2
까다	c2
까먹다	c2
까치	c2
깍두기	c2
깔끔하다	c2
깡패	c2
깨끗해지다	c2
깨뜨리다	c2
깨소금	c2
깨어지다	c2
깨우다	c2
꼼꼼하다	c2
꼼짝	c2
꽃씨	c2
꾸리다	c2
꾸준하다	c2
꾸중	c2
끈	c2
끊기다	c2
끊임없다	c2
끌리다	c2
끌어당기다	c2
끼	c2
나누어지다	c2
나뉘다	c2
나들이	c2
나아지다	c2
낚시꾼	c2
낚싯대	c2
난리	c2
난방	c2
날아다니다	c2
남미	c2
남북	c2
납득하다	c2
낭비	c2
낮아지다	c2
낱말	c2
내과	c2
내달	c2
내버리다	c2
내보내다	c2
내쉬다	c2
내외	c2
내용물	c2
내적	c2
내후년	c2
냇물	c2
냉방	c2
넉	c2
넉넉하다	c2
넘겨주다	c2
넘어뜨리다	c2
넘어오다	c2
녹이다	c2
녹화	c2
논리적	c2
농사일	c2
농사짓다	c2
농장	c2
놓아두다	c2
놔두다	c2
눈가	c2
눈감다	c2
눈뜨다	c2
눈병	c2
늑대	c2
늘어서다	c2
늘어지다	c2
능동적	c2
늦가을	c2
늦어지다	c2
다가서다	c2
다양성	c2
다양해지다	c2
다정하다	c2
다툼	c2
단골	c2
단단하다	c2
단독	c2
단순	c2
단추	c2
단풍	c2
달려들다	c2
달리하다	c2
담	c2
담당자	c2
답변	c2
당분간	c2
대강	c2
대기하다	c2
대낮	c2
대략	c2
대비	c2
대상자	c2
대여섯	c2
대입	c2
대접	c2
대접하다	c2
대중적	c2
대체	c2
대학로	c2
더더욱	c2
더러워지다	c2
더욱더	c2
덮이다	c2
데우다	c2
데이트	c2
도리어	c2
도마	c2
도망	c2
도심	c2
도움말	c2
도장	c2
독감	c2
독립하다	c2
독창적	c2
독하다	c2
돌멩이	c2
동그라미	c2
동그랗다	c2
동서	c2
동서남북	c2
동양인	c2
동화책	c2
되돌리다	c2
되돌아가다	c2
되돌아보다	c2
되돌아오다	c2
되살리다	c2
되풀이되다	c2
두께	c2
두리번거리다	c2
두어	c2
둘러싸이다	c2
뒤편	c2
뒷골목	c2
뒷문	c2
들어주다	c2
들여놓다	c2
들이마시다	c2
들이켜다	c2
등록하다	c2
따님	c2
따라다니다	c2
따로따로	c2
따스하다	c2
딸아이	c2
땅바닥	c2
떠나가다	c2
떠나오다	c2
떠들썩하다	c2
떡국	c2
뛰놀다	c2
뛰어가다	c2
뛰어나오다	c2
뛰어내리다	c2
뛰어놀다	c2
뛰어오르다	c2
뜰	c2
뜻대로	c2
뜻밖에	c2
띄우다	c2
라운드	c2
라이벌	c2
라인	c2
라켓	c2
레이저	c2
레저	c2
로봇	c2
로터리	c2
리터	c2
마라톤	c2
마약	c2
마요네즈	c2
마음가짐	c2
마음껏	c2
마음씨	c2
마찰	c2
마크	c2
만세	c2
만점	c2
만족	c2
만족스럽다	c2
만화가	c2
말투	c2
맘대로	c2
망원경	c2
망치다	c2
매	c2
매너	c2
매달	c2
매달다	c2
매번	c2
매스컴	c2
매주	c2
머리말	c2
머리칼	c2
먹고살다	c2
멍멍	c2
멎다	c2
면담	c2
면접	c2
멸치	c2
명단	c2
명령어	c2
모금	c2
모범	c2
모여들다	c2
모조리	c2
모집	c2
모집하다	c2
모퉁이	c2
몰려들다	c2
몰려오다	c2
몸매	c2
몸속	c2
못생기다	c2
묘사	c2
무관심	c2
무관심하다	c2
무궁화	c2
무덥다	c2
무리하다	c2
무사하다	c2
무용가	c2
무의미하다	c2
무지개	c2
무책임하다	c2
묵다	c2
묶이다	c2
문구	c2
문밖	c2
문법	c2
문제되다	c2
문학적	c2
문화적	c2
물질적	c2
뭘	c2
뭣	c2
미끄러지다	c2
미끄럽다	c2
미니	c2
미만	c2
미사일	c2
미역	c2
미용실	c2
미움	c2
미혼	c2
민속	c2
믿어지다	c2
밑바닥	c2
바가지	c2
바구니	c2
바깥쪽	c2
바싹	c2
바이러스	c2
바퀴	c2
박	c2
반기다	c2
반대편	c2
반말	c2
반죽	c2
반짝거리다	c2
반짝이다	c2
발끝	c2
발달되다	c2
발바닥	c2
발자국	c2
발전되다	c2
발톱	c2
밝아지다	c2
밤새	c2
밤새우다	c2
밤색	c2
밤하늘	c2
방면	c2
방바닥	c2
방송사	c2
방송하다	c2
방울	c2
방지하다	c2
방해하다	c2
배우자	c2
배추김치	c2
배치	c2
백두산	c2
백색	c2
백인	c2
백제	c2
뱉다	c2
버려지다	c2
번개	c2
번거롭다	c2
번역하다	c2
번지	c2
법적	c2
벤치	c2
변경	c2
변명	c2
변신	c2
변화되다	c2
별일	c2
병실	c2
병아리	c2
보관	c2
보내오다	c2
보너스	c2
보도되다	c2
보라색	c2
보름	c2
보리	c2
보살피다	c2
보수	c2
보수적	c2
보안	c2
보완하다	c2
보자기	c2
보존	c2
보존하다	c2
보충하다	c2
보호되다	c2
복사기	c2
복숭아	c2
볶음	c2
본	c2
본부	c2
본사	c2
볼링	c2
봉사하다	c2
부딪히다	c2
부상	c2
부재	c2
부지런히	c2
부채	c2
부친	c2
부피	c2
분리하다	c2
분명해지다	c2
분주하다	c2
분필	c2
분홍색	c2
불완전하다	c2
불이익	c2
불평	c2
불평등하다	c2
불필요하다	c2
불확실하다	c2
붐비다	c2
붙들다	c2
붙잡히다	c2
브랜드	c2
비기다	c2
비둘기	c2
비만	c2
비바람	c2
비상	c2
비웃다	c2
비판적	c2
비행장	c2
빗방울	c2
빗줄기	c2
빠뜨리다	c2
빼놓다	c2
뺏다	c2
뿌리치다	c2
사기	c2
사나이	c2
사냥	c2
사들이다	c2
사립	c2
사망	c2
사망하다	c2
사무직	c2
사상	c2
사생활	c2
사소하다	c2
사슴	c2
사업가	c2
사업자	c2
사이사이	c2
사춘기	c2
사투리	c2
사표	c2
사회생활	c2
사회자	c2
사회학	c2
산길	c2
산부인과	c2
삼가다	c2
삼계탕	c2
상관	c2
상관없이	c2
상금	c2
상당수	c2
상대편	c2
상류	c2
상반기	c2
상징적	c2
상쾌하다	c2
새로이	c2
새우다	c2
색다르다	c2
색연필	c2
생	c2
생기	c2
생방송	c2
생활비	c2
생활수준	c2
생활용품	c2
서늘하다	c2
서명	c2
서명하다	c2
서양인	c2
서적	c2
서툴다	c2
석사	c2
선명하다	c2
선원	c2
선전	c2
선호하다	c2
설득하다	c2
설립하다	c2
설명되다	c2
설사	c2
섭섭하다	c2
성경	c2
성공적	c2
성당	c2
성숙하다	c2
세련되다	c2
세미나	c2
세상에	c2
세제	c2
세종대왕	c2
세트	c2
섹시하다	c2
소규모	c2
소극적	c2
소망	c2
소비하다	c2
소아과	c2
소요되다	c2
소용	c2
소중히	c2
소지품	c2
소질	c2
소홀히	c2
소화	c2
소화하다	c2
속마음	c2
속삭이다	c2
속상하다	c2
손길	c2
손등	c2
손수	c2
손쉽다	c2
손실	c2
손잡다	c2
손질	c2
손질하다	c2
솜	c2
쇠	c2
수고	c2
수도꼭지	c2
수동적	c2
수리하다	c2
수만	c2
수시로	c2
수입되다	c2
수입품	c2
수저	c2
수집	c2
수컷	c2
수필	c2
수험생	c2
숙녀	c2
순간적	c2
순식간	c2
순위	c2
순진하다	c2
순하다	c2
슬그머니	c2
슬쩍	c2
습기	c2
승리하다	c2
시금치	c2
시나리오	c2
시대적	c2
시댁	c2
시도	c2
시들다	c2
시디	c2
시디롬	c2
시야	c2
시외버스	c2
시일	c2
시집가다	c2
시청률	c2
시합	c2
식기	c2
식료품	c2
식생활	c2
식욕	c2
식품점	c2
식히다	c2
신라	c2
신비	c2
신사	c2
신설	c2
신세대	c2
신속하다	c2
신제품	c2
신중하다	c2
신청서	c2
신체적	c2
실	c2
실감	c2
실망	c2
실망하다	c2
실컷	c2
실현되다	c2
심각해지다	c2
심리적	c2
심심하다	c2
싶어지다	c2
싸구려	c2
싹	c2
싼값	c2
쌍	c2
쌍둥이	c2
썩	c2
썰렁하다	c2
쓰다듬다	c2
쓴맛	c2
쓸데없다	c2
쓸데없이	c2
씌우다	c2
씨앗	c2
씻기다	c2
아드님	c2
아랫사람	c2
아르바이트	c2
아무개	c2
아쉬움	c2
아스팔트	c2
아하	c2
안과	c2
안동	c2
안부	c2
안심하다	c2
앉히다	c2
알루미늄	c2
알아주다	c2
알코올	c2
암시	c2
암컷	c2
앞날	c2
앞문	c2
앞바다	c2
앨범	c2
야간	c2
야구장	c2
야옹	c2
야하다	c2
약수	c2
약점	c2
약품	c2
약해지다	c2
약혼녀	c2
약혼자	c2
얄밉다	c2
양력	c2
양보	c2
양상추	c2
양옆	c2
양주	c2
어기다	c2
어느덧	c2
어려워지다	c2
어저께	c2
어째서	c2
어쩌다가	c2
어쩜	c2
어찌나	c2
얻어먹다	c2
얼리다	c2
얼마간	c2
엄숙하다	c2
엇갈리다	c2
엉망	c2
엉터리	c2
엔진	c2
여가	c2
여군	c2
여왕	c2
여전하다	c2
역사상	c2
역사학	c2
연구실	c2
연구원	c2
연기되다	c2
연기하다	c2
연두색	c2
연령	c2
연상하다	c2
연애	c2
연인	c2
연장	c2
연주	c2
연출하다	c2
열기	c2
열중하다	c2
엷다	c2
영	c2
영남	c2
영웅	c2
영화관	c2
영화배우	c2
옆구리	c2
예고하다	c2
예보	c2
예비	c2
예선	c2
예술적	c2
예습	c2
예습하다	c2
예식장	c2
예약하다	c2
오락	c2
오르내리다	c2
옥상	c2
온돌	c2
온라인	c2
온종일	c2
올가을	c2
올라서다	c2
올라타다	c2
올려다보다	c2
올여름	c2
옷차림	c2
와이셔츠	c2
왕비	c2
왕자	c2
외갓집	c2
외과	c2
외다	c2
외로움	c2
외아들	c2
외제	c2
외침	c2
외할아버지	c2
요	c2
요리사	c2
요약하다	c2
욕하다	c2
용	c2
용감하다	c2
용서	c2
우아하다	c2
우편	c2
운반	c2
운행	c2
울음소리	c2
웃음소리	c2
원서	c2
월세	c2
웬만하다	c2
위로	c2
위로하다	c2
위반하다	c2
위법	c2
위성	c2
위험성	c2
윗몸	c2
윗사람	c2
유능하다	c2
유머	c2
유발하다	c2
유산	c2
유적지	c2
유지되다	c2
유형	c2
육상	c2
육체적	c2
으레	c2
은	c2
은은하다	c2
은행나무	c2
음력	c2
음반	c2
음주	c2
응답하다	c2
의논	c2
의도적	c2
의류	c2
의외로	c2
이같이	c2
이놈	c2
이다음	c2
이대로	c2
이따금	c2
이래서	c2
이력서	c2
이론적	c2
이롭다	c2
이민	c2
이별	c2
이슬	c2
이어서	c2
이용자	c2
이제야	c2
이해관계	c2
인간관계	c2
인간성	c2
인도	c2
인상적	c2
인쇄	c2
인재	c2
인정되다	c2
인종	c2
일대	c2
일상적	c2
일손	c2
일시적	c2
일식	c2
일일이	c2
일자리	c2
일치	c2
임신부	c2
임신하다	c2
입국	c2
입대	c2
입력	c2
입력하다	c2
입사	c2
입사하다	c2
잊혀지다	c2
자격증	c2
자매	c2
자부심	c2
자살	c2
자살하다	c2
자연적	c2
자연현상	c2
자정	c2
자취	c2
작은딸	c2
작은아들	c2
작은아버지	c2
작은어머니	c2
잔디	c2
잔디밭	c2
잠그다	c2
잠바	c2
잠수함	c2
잡수다	c2
잡아당기다	c2
장기간	c2
장기적	c2
장례	c2
장례식	c2
장모	c2
장모님	c2
장사꾼	c2
장수	c2
장애인	c2
장인	c2
장차	c2
재다	c2
재밌다	c2
재생	c2
재수	c2
재우다	c2
재주	c2
재학	c2
재활용	c2
재활용품	c2
저러다	c2
저울	c2
저편	c2
적성	c2
적응	c2
전공하다	c2
전구	c2
전망하다	c2
전문적	c2
전문점	c2
전문직	c2
전선	c2
전설	c2
전세	c2
전시	c2
전시되다	c2
전시장	c2
전시하다	c2
전주	c2
전통문화	c2
전환하다	c2
전후	c2
절약	c2
젊음	c2
점검	c2
점잖다	c2
정기적	c2
정리되다	c2
정반대	c2
정상적	c2
정신과	c2
정신없이	c2
정오	c2
정장	c2
정지	c2
정직하다	c2
정치학	c2
젖	c2
제과점	c2
제대하다	c2
제도적	c2
제삿날	c2
제시	c2
제외되다	c2
제의하다	c2
제출	c2
조개	c2
조그마하다	c2
조기	c2
조깅	c2
조르다	c2
조명	c2
조선	c2
조절	c2
조정하다	c2
조화되다	c2
존경하다	c2
졸리다	c2
졸음	c2
좁히다	c2
종교적	c2
종소리	c2
종합하다	c2
좋아	c2
주거	c2
주관적	c2
주년	c2
주름	c2
주름살	c2
주문	c2
주일	c2
주전자	c2
주한	c2
줄거리	c2
중계방송	c2
중년	c2
중단	c2
중단되다	c2
중단하다	c2
중대하다	c2
중독	c2
중순	c2
중식	c2
중심지	c2
중요시하다	c2
즉석	c2
지각	c2
지겹다	c2
지금껏	c2
지급	c2
지능	c2
지도하다	c2
지름길	c2
지리산	c2
지워지다	c2
지저분하다	c2
지진	c2
지폐	c2
직선	c2
직장인	c2
진단하다	c2
진동	c2
진로	c2
진료	c2
진실로	c2
진실하다	c2
진심	c2
진찰	c2
진통	c2
진행자	c2
질적	c2
짐작	c2
집단적	c2
집안일	c2
집중적	c2
집중하다	c2
짜증스럽다	c2
쩔쩔매다	c2
쫓겨나다	c2
찌꺼기	c2
찍히다	c2
찢다	c2
찢어지다	c2
차선	c2
차이점	c2
차차	c2
차창	c2
착각하다	c2
찬성	c2
찬성하다	c2
참고하다	c2
참되다	c2
참석	c2
참석자	c2
참외	c2
창가	c2
창구	c2
창피하다	c2
찾아다니다	c2
채점	c2
책임감	c2
천국	c2
천둥	c2
천재	c2
철도	c2
철학자	c2
철학적	c2
체계적	c2
체온	c2
체육관	c2
체하다	c2
체험하다	c2
초등학생	c2
초상화	c2
초순	c2
초여름	c2
초저녁	c2
초조하다	c2
초청	c2
초청하다	c2
촌스럽다	c2
촛불	c2
총각	c2
최고급	c2
최상	c2
최소	c2
최신	c2
최악	c2
최저	c2
최후	c2
추가되다	c2
추가하다	c2
추천	c2
추천하다	c2
추측	c2
축구장	c2
출국	c2
출발점	c2
출석하다	c2
출입국	c2
출퇴근	c2
출판	c2
출판사	c2
출현하다	c2
충격적	c2
충고	c2
충돌하다	c2
취업	c2
취재	c2
치료법	c2
치아	c2
친해지다	c2
칠하다	c2
침착하다	c2
칭찬하다	c2
칼국수	c2
캄캄하다	c2
캐릭터	c2
캠페인	c2
컨디션	c2
컬러	c2
케첩	c2
코끝	c2
코미디	c2
코스모스	c2
코치	c2
코트	c2
쿠데타	c2
크림	c2
큰딸	c2
큰아들	c2
큰아버지	c2
큰어머니	c2
큰절	c2
클래식	c2
클럽	c2
키스	c2
타락	c2
타오르다	c2
타자기	c2
탁	c2
탁구	c2
탁월하다	c2
탁자	c2
탈출하다	c2
텅	c2
테러	c2
토론자	c2
토론하다	c2
토론회	c2
토하다	c2
통과	c2
통역	c2
통일하다	c2
통화	c2
퇴원	c2
퇴원하다	c2
퇴직금	c2
튀기다	c2
튀김	c2
특급	c2
특수성	c2
특이하다	c2
튼튼히	c2
틀림없이	c2
판매되다	c2
판사	c2
팝송	c2
팩스	c2
팩시밀리	c2
퍽	c2
페인트	c2
편견	c2
편의	c2
편의점	c2
평상시	c2
평양	c2
평화롭다	c2
폐지	c2
포근하다	c2
포인트	c2
포장마차	c2
포크	c2
포함	c2
표시	c2
푸다	c2
풀어지다	c2
풍속	c2
프린터	c2
피곤	c2
피디	c2
피망	c2
필수	c2
필연적	c2
핑계	c2
하	c2
하나님	c2
하나하나	c2
하룻밤	c2
하반기	c2
하순	c2
학과	c2
학교생활	c2
학력	c2
학비	c2
학위	c2
학점	c2
한가하다	c2
한겨울	c2
한결	c2
한구석	c2
한글날	c2
한낮	c2
한눈	c2
한데	c2
한반도	c2
한밤중	c2
한순간	c2
한식	c2
한여름	c2
한정하다	c2
한층	c2
한평생	c2
한하다	c2
함께하다	c2
합격하다	c2
합하다	c2
항공	c2
항공기	c2
해답	c2
해롭다	c2
해물	c2
해설	c2
해소하다	c2
해수욕장	c2
핸드백	c2
햄	c2
행운	c2
향상되다	c2
허락	c2
허락하다	c2
허허	c2
현관문	c2
현대적	c2
형수	c2
형식적	c2
호남	c2
호실	c2
호주머니	c2
혼나다	c2
혼잣말	c2
홍수	c2
화장지	c2
확립하다	c2
확신	c2
확신하다	c2
환영하다	c2
환율	c2
활기	c2
활발해지다	c2
활발히	c2
회관	c2
회복되다	c2
회전	c2
횟수	c2
효도	c2
효도하다	c2
효자	c2
후회	c2
흐려지다	c2
흑백	c2
흘러내리다	c2
흥미롭다	c2
흥분	c2
흥분하다	c2
희망하다	c2
희생	c2
희생하다	c2
힘겹다	c2
힘껏	c2
힘들어하다	c2
힘없이	c2
